Date,NIFTY 100,NIFTY 500,NIFTY SMALLCAP 250,NIFTY LARGEMIDCAP 250,NIFTY MIDCAP 150,NIFTY500 MULTICAP 50:25:25,NIFTY500 VALUE 50
1996-01-01,,659.0300,,,,,
1996-01-02,,656.4700,,,,,
1996-01-03,,652.9200,,,,,
1996-01-04,,648.2200,,,,,
1996-01-05,,644.4200,,,,,
1996-01-08,,636.1300,,,,,
1996-01-09,,632.6400,,,,,
1996-01-10,,630.0600,,,,,
1996-01-11,,632.6800,,,,,
1996-01-12,,633.9200,,,,,
1996-01-15,,635.6900,,,,,
1996-01-16,,634.1000,,,,,
1996-01-17,,626.4200,,,,,
1996-01-18,,621.2900,,,,,
1996-01-19,,617.5200,,,,,
1996-01-22,,616.4200,,,,,
1996-01-23,,610.9700,,,,,
1996-01-24,,598.9100,,,,,
1996-01-25,,598.1900,,,,,
1996-01-29,,602.7000,,,,,
1996-01-30,,610.3300,,,,,
1996-01-31,,616.7100,,,,,
1996-02-01,,627.9400,,,,,
1996-02-02,,658.3300,,,,,
1996-02-05,,673.9800,,,,,
1996-02-06,,663.0400,,,,,
1996-02-07,,665.2300,,,,,
1996-02-08,,690.3100,,,,,
1996-02-09,,718.0700,,,,,
1996-02-12,,728.1000,,,,,
1996-02-13,,737.4800,,,,,
1996-02-14,,753.7600,,,,,
1996-02-15,,750.1000,,,,,
1996-02-16,,738.3600,,,,,
1996-02-19,,740.0300,,,,,
1996-02-20,,732.2900,,,,,
1996-02-22,,740.4900,,,,,
1996-02-23,,740.0900,,,,,
1996-02-26,,747.1100,,,,,
1996-02-27,,742.9500,,,,,
1996-02-28,,735.1400,,,,,
1996-02-29,,713.3200,,,,,
1996-03-01,,716.5500,,,,,
1996-03-04,,719.4500,,,,,
1996-03-06,,720.8200,,,,,
1996-03-07,,717.5000,,,,,
1996-03-08,,711.7100,,,,,
1996-03-11,,702.9800,,,,,
1996-03-12,,700.4500,,,,,
1996-03-13,,708.1900,,,,,
1996-03-14,,710.7100,,,,,
1996-03-15,,704.4700,,,,,
1996-03-18,,695.9800,,,,,
1996-03-19,,690.0900,,,,,
1996-03-21,,695.6200,,,,,
1996-03-22,,690.6100,,,,,
1996-03-25,,690.4400,,,,,
1996-03-26,,690.7100,,,,,
1996-03-27,,699.2900,,,,,
1996-03-29,,714.3700,,,,,
1996-04-02,,724.0700,,,,,
1996-04-03,,728.6500,,,,,
1996-04-04,,726.7700,,,,,
1996-04-05,,734.1700,,,,,
1996-04-08,,742.1300,,,,,
1996-04-09,,741.4600,,,,,
1996-04-10,,738.4900,,,,,
1996-04-11,,735.6600,,,,,
1996-04-12,,740.3200,,,,,
1996-04-15,,751.5400,,,,,
1996-04-16,,758.1200,,,,,
1996-04-17,,777.7900,,,,,
1996-04-18,,792.3700,,,,,
1996-04-22,,789.2900,,,,,
1996-04-23,,789.7000,,,,,
1996-04-24,,818.4000,,,,,
1996-04-25,,816.3900,,,,,
1996-04-26,,803.3400,,,,,
1996-04-30,,810.3100,,,,,
1996-05-02,,813.0700,,,,,
1996-05-03,,805.9700,,,,,
1996-05-06,,792.9600,,,,,
1996-05-08,,803.8600,,,,,
1996-05-09,,792.9200,,,,,
1996-05-10,,787.3800,,,,,
1996-05-13,,795.3900,,,,,
1996-05-14,,802.7800,,,,,
1996-05-15,,802.3400,,,,,
1996-05-16,,809.0100,,,,,
1996-05-17,,800.8100,,,,,
1996-05-20,,786.1500,,,,,
1996-05-21,,779.6700,,,,,
1996-05-22,,779.2000,,,,,
1996-05-23,,777.7100,,,,,
1996-05-24,,780.4700,,,,,
1996-05-27,,769.4600,,,,,
1996-05-28,,764.6900,,,,,
1996-05-29,,784.4100,,,,,
1996-05-30,,777.8600,,,,,
1996-05-31,,781.1300,,,,,
1996-06-03,,793.9900,,,,,
1996-06-04,,793.2600,,,,,
1996-06-05,,795.3300,,,,,
1996-06-06,,801.5100,,,,,
1996-06-07,,805.1800,,,,,
1996-06-10,,811.3200,,,,,
1996-06-11,,813.8100,,,,,
1996-06-12,,821.4100,,,,,
1996-06-13,,830.7700,,,,,
1996-06-14,,846.4500,,,,,
1996-06-17,,851.0500,,,,,
1996-06-18,,849.7300,,,,,
1996-06-19,,834.5200,,,,,
1996-06-20,,834.4800,,,,,
1996-06-21,,820.3500,,,,,
1996-06-24,,823.1100,,,,,
1996-06-25,,812.3300,,,,,
1996-06-26,,805.3300,,,,,
1996-06-27,,811.8500,,,,,
1996-06-28,,808.2800,,,,,
1996-07-01,,799.0300,,,,,
1996-07-02,,794.4900,,,,,
1996-07-03,,780.2100,,,,,
1996-07-04,,783.6800,,,,,
1996-07-05,,787.2100,,,,,
1996-07-08,,792.2800,,,,,
1996-07-09,,776.0300,,,,,
1996-07-10,,778.3600,,,,,
1996-07-11,,783.9400,,,,,
1996-07-12,,780.0200,,,,,
1996-07-15,,779.9200,,,,,
1996-07-16,,772.7300,,,,,
1996-07-17,,782.4800,,,,,
1996-07-18,,787.5100,,,,,
1996-07-19,,786.3600,,,,,
1996-07-22,,797.2100,,,,,
1996-07-23,,773.2800,,,,,
1996-07-24,,760.0100,,,,,
1996-07-25,,756.4700,,,,,
1996-07-26,,749.1500,,,,,
1996-07-29,,735.8800,,,,,
1996-07-30,,723.4200,,,,,
1996-07-31,,738.1500,,,,,
1996-08-01,,740.0000,,,,,
1996-08-02,,735.5000,,,,,
1996-08-05,,733.6900,,,,,
1996-08-06,,732.3300,,,,,
1996-08-07,,740.7800,,,,,
1996-08-08,,736.1100,,,,,
1996-08-09,,734.1900,,,,,
1996-08-12,,728.0700,,,,,
1996-08-13,,724.6200,,,,,
1996-08-14,,716.4900,,,,,
1996-08-16,,708.3300,,,,,
1996-08-19,,690.5600,,,,,
1996-08-20,,691.1800,,,,,
1996-08-21,,705.1200,,,,,
1996-08-22,,705.0900,,,,,
1996-08-23,,711.8900,,,,,
1996-08-26,,712.0800,,,,,
1996-08-27,,712.7600,,,,,
1996-08-29,,722.8800,,,,,
1996-08-30,,723.6800,,,,,
1996-09-02,,725.6400,,,,,
1996-09-03,,714.9600,,,,,
1996-09-04,,717.2200,,,,,
1996-09-06,,717.4800,,,,,
1996-09-09,,710.7900,,,,,
1996-09-10,,703.7500,,,,,
1996-09-11,,694.5400,,,,,
1996-09-12,,694.5000,,,,,
1996-09-13,,687.5400,,,,,
1996-09-18,,692.0500,,,,,
1996-09-19,,683.8400,,,,,
1996-09-20,,681.3400,,,,,
1996-09-23,,676.4100,,,,,
1996-09-24,,675.3000,,,,,
1996-09-25,,674.3400,,,,,
1996-09-26,,666.6500,,,,,
1996-09-27,,656.9600,,,,,
1996-09-30,,650.0300,,,,,
1996-10-01,,647.1700,,,,,
1996-10-03,,640.8800,,,,,
1996-10-04,,625.2600,,,,,
1996-10-07,,604.4900,,,,,
1996-10-08,,606.1300,,,,,
1996-10-09,,609.8900,,,,,
1996-10-10,,628.0800,,,,,
1996-10-11,,636.7100,,,,,
1996-10-14,,624.9600,,,,,
1996-10-15,,624.7400,,,,,
1996-10-16,,623.1200,,,,,
1996-10-17,,622.5100,,,,,
1996-10-18,,625.2900,,,,,
1996-10-22,,640.9700,,,,,
1996-10-23,,661.0800,,,,,
1996-10-24,,648.5300,,,,,
1996-10-25,,647.0100,,,,,
1996-10-28,,648.7200,,,,,
1996-10-29,,643.5600,,,,,
1996-10-30,,634.2100,,,,,
1996-10-31,,630.3000,,,,,
1996-11-01,,628.8900,,,,,
1996-11-04,,619.6600,,,,,
1996-11-05,,613.6300,,,,,
1996-11-06,,611.4200,,,,,
1996-11-07,,614.3800,,,,,
1996-11-10,,618.5800,,,,,
1996-11-13,,623.1600,,,,,
1996-11-14,,620.1000,,,,,
1996-11-15,,623.0000,,,,,
1996-11-18,,626.4900,,,,,
1996-11-19,,621.4100,,,,,
1996-11-20,,610.4500,,,,,
1996-11-21,,606.8300,,,,,
1996-11-22,,597.1400,,,,,
1996-11-25,,598.3800,,,,,
1996-11-26,,593.8100,,,,,
1996-11-27,,583.3400,,,,,
1996-11-28,,579.9600,,,,,
1996-11-29,,581.1900,,,,,
1996-12-02,,571.9600,,,,,
1996-12-03,,561.4700,,,,,
1996-12-04,,551.5900,,,,,
1996-12-05,,562.8200,,,,,
1996-12-06,,567.8600,,,,,
1996-12-09,,565.8700,,,,,
1996-12-10,,563.6100,,,,,
1996-12-11,,584.9600,,,,,
1996-12-12,,579.3500,,,,,
1996-12-13,,578.4100,,,,,
1996-12-16,,590.1300,,,,,
1996-12-17,,593.5600,,,,,
1996-12-18,,596.6400,,,,,
1996-12-19,,602.3100,,,,,
1996-12-20,,617.5200,,,,,
1996-12-23,,617.6700,,,,,
1996-12-24,,617.3800,,,,,
1997-01-01,,651.8800,,,,,
1997-01-02,,647.7100,,,,,
1997-01-03,,651.9500,,,,,
1997-01-06,,652.6100,,,,,
1997-01-07,,653.2400,,,,,
1997-01-08,,659.6700,,,,,
1997-01-09,,670.1600,,,,,
1997-01-10,,683.4700,,,,,
1997-01-13,,690.4000,,,,,
1997-01-14,,696.4600,,,,,
1997-01-15,,724.3900,,,,,
1997-01-16,,694.3700,,,,,
1997-01-17,,682.7600,,,,,
1997-01-20,,676.4500,,,,,
1997-01-21,,669.7700,,,,,
1997-01-22,,676.4600,,,,,
1997-01-24,,675.8800,,,,,
1997-01-27,,694.0300,,,,,
1997-01-28,,698.9300,,,,,
1997-01-29,,688.1200,,,,,
1997-01-30,,684.0500,,,,,
1997-01-31,,665.8600,,,,,
1997-02-03,,656.9200,,,,,
1997-02-04,,659.0200,,,,,
1997-02-05,,660.7100,,,,,
1997-02-06,,666.8300,,,,,
1997-02-07,,666.8600,,,,,
1997-02-10,,669.9600,,,,,
1997-02-11,,680.8900,,,,,
1997-02-12,,679.2100,,,,,
1997-02-13,,681.0400,,,,,
1997-02-14,,684.2500,,,,,
1997-02-17,,693.2000,,,,,
1997-02-18,,684.1300,,,,,
1997-02-19,,682.5400,,,,,
1997-02-20,,677.6900,,,,,
1997-02-21,,668.5200,,,,,
1997-02-24,,655.5500,,,,,
1997-02-25,,654.2700,,,,,
1997-02-26,,655.3600,,,,,
1997-02-27,,666.0900,,,,,
1997-02-28,,700.5200,,,,,
1997-03-01,,740.7200,,,,,
1997-03-03,,750.8300,,,,,
1997-03-04,,759.6300,,,,,
1997-03-05,,759.9400,,,,,
1997-03-06,,749.5100,,,,,
1997-03-10,,730.7200,,,,,
1997-03-11,,719.3000,,,,,
1997-03-12,,727.1200,,,,,
1997-03-13,,725.7200,,,,,
1997-03-14,,721.6600,,,,,
1997-03-17,,728.6700,,,,,
1997-03-18,,728.1100,,,,,
1997-03-19,,712.3300,,,,,
1997-03-20,,717.0500,,,,,
1997-03-21,,715.6300,,,,,
1997-03-25,,722.3300,,,,,
1997-03-26,,718.4500,,,,,
1997-03-27,,719.2800,,,,,
1997-03-28,,709.1800,,,,,
1997-03-31,,657.1900,,,,,
1997-04-01,,666.7700,,,,,
1997-04-02,,687.1200,,,,,
1997-04-03,,692.3100,,,,,
1997-04-04,,688.9800,,,,,
1997-04-07,,680.1000,,,,,
1997-04-09,,702.4500,,,,,
1997-04-10,,690.3000,,,,,
1997-04-11,,694.9200,,,,,
1997-04-12,,689.4700,,,,,
1997-04-15,,695.2600,,,,,
1997-04-17,,707.5900,,,,,
1997-04-21,,720.2600,,,,,
1997-04-22,,723.8600,,,,,
1997-04-23,,725.3700,,,,,
1997-04-24,,723.8000,,,,,
1997-04-25,,725.6700,,,,,
1997-04-28,,726.7400,,,,,
1997-04-29,,721.1400,,,,,
1997-04-30,,730.0000,,,,,
1997-05-02,,724.2400,,,,,
1997-05-05,,720.6000,,,,,
1997-05-06,,720.4100,,,,,
1997-05-07,,720.5000,,,,,
1997-05-09,,725.1700,,,,,
1997-05-12,,725.2200,,,,,
1997-05-13,,720.2400,,,,,
1997-05-14,,726.7100,,,,,
1997-05-15,,725.2300,,,,,
1997-05-16,,724.4600,,,,,
1997-05-19,,728.0000,,,,,
1997-05-20,,724.7100,,,,,
1997-05-21,,719.9900,,,,,
1997-05-22,,718.5300,,,,,
1997-05-23,,713.6100,,,,,
1997-05-26,,713.0600,,,,,
1997-05-27,,709.8700,,,,,
1997-05-28,,708.6400,,,,,
1997-05-29,,713.2900,,,,,
1997-05-30,,717.5700,,,,,
1997-06-02,,726.7600,,,,,
1997-06-03,,728.7700,,,,,
1997-06-04,,733.0700,,,,,
1997-06-05,,734.3700,,,,,
1997-06-06,,728.3000,,,,,
1997-06-09,,728.9500,,,,,
1997-06-10,,733.3000,,,,,
1997-06-11,,744.8300,,,,,
1997-06-12,,754.9800,,,,,
1997-06-13,,762.7200,,,,,
1997-06-16,,764.2700,,,,,
1997-06-17,,772.6600,,,,,
1997-06-18,,773.2400,,,,,
1997-06-19,,773.6000,,,,,
1997-06-20,,773.8000,,,,,
1997-06-23,,776.3300,,,,,
1997-06-24,,779.4700,,,,,
1997-06-25,,776.6300,,,,,
1997-06-26,,778.2500,,,,,
1997-06-27,,777.7000,,,,,
1997-06-30,,801.4100,,,,,
1997-07-01,,806.7200,,,,,
1997-07-02,,812.8700,,,,,
1997-07-03,,810.3000,,,,,
1997-07-04,,810.3800,,,,,
1997-07-07,,813.1200,,,,,
1997-07-08,,818.1000,,,,,
1997-07-09,,837.8300,,,,,
1997-07-10,,837.1400,,,,,
1997-07-11,,828.9000,,,,,
1997-07-14,,814.9100,,,,,
1997-07-15,,814.3700,,,,,
1997-07-16,,809.7800,,,,,
1997-07-17,,810.4500,,,,,
1997-07-18,,797.7200,,,,,
1997-07-21,,804.8100,,,,,
1997-07-22,,813.5500,,,,,
1997-07-23,,826.0100,,,,,
1997-07-24,,823.0400,,,,,
1997-07-25,,816.8400,,,,,
1997-07-28,,820.1300,,,,,
1997-07-29,,827.0000,,,,,
1997-07-30,,831.7000,,,,,
1997-07-31,,841.3900,,,,,
1997-08-01,,849.1100,,,,,
1997-08-04,,875.4200,,,,,
1997-08-05,,889.6900,,,,,
1997-08-06,,884.1800,,,,,
1997-08-07,,870.6700,,,,,
1997-08-08,,860.1100,,,,,
1997-08-11,,873.5500,,,,,
1997-08-12,,865.4100,,,,,
1997-08-13,,855.6200,,,,,
1997-08-14,,845.2000,,,,,
1997-08-19,,824.4700,,,,,
1997-08-20,,834.6100,,,,,
1997-08-21,,821.0400,,,,,
1997-08-22,,802.5700,,,,,
1997-08-26,,811.6700,,,,,
1997-08-27,,811.6200,,,,,
1997-08-28,,786.5500,,,,,
1997-08-29,,768.8600,,,,,
1997-09-01,,778.3900,,,,,
1997-09-02,,779.2500,,,,,
1997-09-03,,782.1600,,,,,
1997-09-04,,787.9800,,,,,
1997-09-05,,791.1400,,,,,
1997-09-08,,803.8800,,,,,
1997-09-09,,796.2100,,,,,
1997-09-10,,797.2500,,,,,
1997-09-11,,791.4300,,,,,
1997-09-12,,786.1900,,,,,
1997-09-15,,789.2200,,,,,
1997-09-16,,786.9200,,,,,
1997-09-17,,772.7100,,,,,
1997-09-18,,765.0400,,,,,
1997-09-19,,753.6300,,,,,
1997-09-22,,746.1900,,,,,
1997-09-23,,752.8600,,,,,
1997-09-24,,753.3300,,,,,
1997-09-25,,761.2700,,,,,
1997-09-26,,766.7500,,,,,
1997-09-29,,767.7300,,,,,
1997-09-30,,762.7100,,,,,
1997-10-01,,763.1400,,,,,
1997-10-03,,752.8600,,,,,
1997-10-06,,754.7200,,,,,
1997-10-07,,762.1100,,,,,
1997-10-08,,765.2600,,,,,
1997-10-09,,772.8100,,,,,
1997-10-10,,780.4600,,,,,
1997-10-13,,783.5100,,,,,
1997-10-14,,774.2200,,,,,
1997-10-15,,777.6500,,,,,
1997-10-16,,785.3900,,,,,
1997-10-17,,791.0100,,,,,
1997-10-20,,802.3500,,,,,
1997-10-21,,794.9500,,,,,
1997-10-22,,789.6600,,,,,
1997-10-23,,777.5900,,,,,
1997-10-24,,766.1600,,,,,
1997-10-27,,763.2900,,,,,
1997-10-30,,746.2500,,,,,
1997-11-03,,741.7400,,,,,
1997-11-04,,741.7100,,,,,
1997-11-05,,736.6100,,,,,
1997-11-06,,733.2800,,,,,
1997-11-07,,729.2000,,,,,
1997-11-10,,724.5500,,,,,
1997-11-11,,723.5800,,,,,
1997-11-12,,709.9400,,,,,
1997-11-13,,694.0400,,,,,
1997-11-14,,693.8600,,,,,
1997-11-17,,696.0000,,,,,
1997-11-18,,686.4200,,,,,
1997-11-19,,677.0800,,,,,
1997-11-20,,679.4700,,,,,
1997-11-21,,688.7800,,,,,
1997-11-24,,670.6900,,,,,
1997-11-25,,682.1500,,,,,
1997-11-26,,692.8400,,,,,
1997-11-27,,708.1700,,,,,
1997-11-28,,695.2800,,,,,
1997-12-01,,696.2900,,,,,
1997-12-02,,693.6600,,,,,
1997-12-03,,694.8900,,,,,
1997-12-04,,687.4000,,,,,
1997-12-05,,676.9600,,,,,
1997-12-08,,675.4200,,,,,
1997-12-09,,664.1700,,,,,
1997-12-10,,657.5900,,,,,
1997-12-11,,652.2400,,,,,
1997-12-12,,651.6500,,,,,
1997-12-15,,657.4300,,,,,
1997-12-16,,666.3100,,,,,
1997-12-17,,677.2000,,,,,
1997-12-18,,675.5400,,,,,
1997-12-19,,684.8600,,,,,
1997-12-22,,697.9600,,,,,
1997-12-23,,701.4400,,,,,
1997-12-24,,697.3000,,,,,
1997-12-26,,701.4300,,,,,
1997-12-29,,713.8700,,,,,
1997-12-30,,704.5100,,,,,
1997-12-31,,706.9300,,,,,
1998-01-01,,716.4300,,,,,
1998-01-02,,722.6300,,,,,
1998-01-05,,731.4200,,,,,
1998-01-06,,726.0300,,,,,
1998-01-07,,720.8600,,,,,
1998-01-08,,704.2700,,,,,
1998-01-09,,686.9000,,,,,
1998-01-12,,665.7600,,,,,
1998-01-13,,671.6400,,,,,
1998-01-14,,668.4400,,,,,
1998-01-15,,663.3600,,,,,
1998-01-16,,666.1900,,,,,
1998-01-19,,679.6900,,,,,
1998-01-20,,674.0000,,,,,
1998-01-21,,668.2800,,,,,
1998-01-22,,660.6300,,,,,
1998-01-23,,654.5200,,,,,
1998-01-27,,641.1100,,,,,
1998-01-28,,630.1200,,,,,
1998-01-29,,629.6200,,,,,
1998-02-02,,650.0000,,,,,
1998-02-03,,648.1600,,,,,
1998-02-04,,641.6300,,,,,
1998-02-05,,645.5600,,,,,
1998-02-06,,644.5800,,,,,
1998-02-09,,641.5100,,,,,
1998-02-10,,636.5100,,,,,
1998-02-11,,633.2900,,,,,
1998-02-12,,633.5900,,,,,
1998-02-13,,642.4700,,,,,
1998-02-16,,657.4500,,,,,
1998-02-17,,651.0700,,,,,
1998-02-18,,649.9600,,,,,
1998-02-19,,655.9600,,,,,
1998-02-20,,654.0700,,,,,
1998-02-23,,665.8700,,,,,
1998-02-24,,667.2800,,,,,
1998-02-26,,686.2500,,,,,
1998-02-27,,697.1500,,,,,
1998-03-02,,726.3200,,,,,
1998-03-03,,701.2800,,,,,
1998-03-04,,719.4000,,,,,
1998-03-05,,713.2200,,,,,
1998-03-06,,711.7800,,,,,
1998-03-09,,728.6500,,,,,
1998-03-10,,725.6100,,,,,
1998-03-11,,717.0300,,,,,
1998-03-12,,710.5400,,,,,
1998-03-16,,724.7500,,,,,
1998-03-17,,725.0200,,,,,
1998-03-18,,734.0000,,,,,
1998-03-19,,734.6600,,,,,
1998-03-20,,738.9900,,,,,
1998-03-23,,766.3100,,,,,
1998-03-24,,762.7700,,,,,
1998-03-25,,770.5500,,,,,
1998-03-26,,758.3600,,,,,
1998-03-27,,761.8000,,,,,
1998-03-30,,762.5600,,,,,
1998-03-31,,759.2600,,,,,
1998-04-01,,777.3300,,,,,
1998-04-02,,780.0600,,,,,
1998-04-03,,789.8400,,,,,
1998-04-06,,811.7800,,,,,
1998-04-07,,820.7800,,,,,
1998-04-08,,822.6400,,,,,
1998-04-10,,825.6000,,,,,
1998-04-13,,812.6700,,,,,
1998-04-15,,842.0700,,,,,
1998-04-16,,828.5100,,,,,
1998-04-17,,836.3700,,,,,
1998-04-20,,848.3300,,,,,
1998-04-21,,866.4000,,,,,
1998-04-22,,842.5600,,,,,
1998-04-23,,823.1900,,,,,
1998-04-24,,809.2200,,,,,
1998-04-27,,815.4000,,,,,
1998-04-29,,793.6800,,,,,
1998-04-30,,803.1000,,,,,
1998-05-04,,832.3600,,,,,
1998-05-05,,836.1100,,,,,
1998-05-06,,818.6000,,,,,
1998-05-08,,808.7800,,,,,
1998-05-12,,796.0700,,,,,
1998-05-13,,761.7200,,,,,
1998-05-14,,786.7200,,,,,
1998-05-15,,777.4800,,,,,
1998-05-18,,794.4200,,,,,
1998-05-19,,800.7800,,,,,
1998-05-20,,813.9600,,,,,
1998-05-21,,798.5700,,,,,
1998-05-22,,796.2900,,,,,
1998-05-25,,803.1200,,,,,
1998-05-26,,799.0900,,,,,
1998-05-27,,787.4800,,,,,
1998-05-28,,778.0600,,,,,
1998-05-29,,771.2800,,,,,
1998-06-01,,772.0000,,,,,
1998-06-02,,751.8000,,,,,
1998-06-03,,751.1900,,,,,
1998-06-04,,741.7600,,,,,
1998-06-05,,709.0000,,,,,
1998-06-08,,697.8400,,,,,
1998-06-09,,709.0300,,,,,
1998-06-10,,677.6700,,,,,
1998-06-11,,682.3900,,,,,
1998-06-12,,685.3400,,,,,
1998-06-15,,649.0900,,,,,
1998-06-16,,644.7600,,,,,
1998-06-17,,686.5800,,,,,
1998-06-18,,668.3600,,,,,
1998-06-19,,639.2000,,,,,
1998-06-22,,626.2300,,,,,
1998-06-23,,619.0700,,,,,
1998-06-24,,643.3200,,,,,
1998-06-25,,655.2900,,,,,
1998-06-26,,650.5400,,,,,
1998-06-29,,676.0700,,,,,
1998-06-30,,668.8900,,,,,
1998-07-01,,660.5000,,,,,
1998-07-02,,652.1600,,,,,
1998-07-03,,633.1600,,,,,
1998-07-06,,652.1200,,,,,
1998-07-07,,659.0200,,,,,
1998-07-08,,667.4100,,,,,
1998-07-09,,678.8400,,,,,
1998-07-10,,689.5100,,,,,
1998-07-13,,681.1500,,,,,
1998-07-14,,689.1100,,,,,
1998-07-15,,691.0900,,,,,
1998-07-16,,711.1000,,,,,
1998-07-17,,707.6200,,,,,
1998-07-20,,694.5200,,,,,
1998-07-21,,688.5200,,,,,
1998-07-22,,686.3100,,,,,
1998-07-23,,664.7400,,,,,
1998-07-24,,655.2800,,,,,
1998-07-27,,643.8900,,,,,
1998-07-28,,659.5100,,,,,
1998-07-29,,668.6800,,,,,
1998-07-30,,668.8200,,,,,
1998-07-31,,668.0200,,,,,
1998-08-03,,651.3000,,,,,
1998-08-04,,650.7400,,,,,
1998-08-05,,657.9600,,,,,
1998-08-06,,654.0200,,,,,
1998-08-07,,652.9000,,,,,
1998-08-10,,646.3900,,,,,
1998-08-11,,637.9000,,,,,
1998-08-12,,632.3200,,,,,
1998-08-13,,638.1600,,,,,
1998-08-14,,635.8800,,,,,
1998-08-17,,628.7000,,,,,
1998-08-18,,616.8900,,,,,
1998-08-19,,624.3000,,,,,
1998-08-20,,642.6400,,,,,
1998-08-21,,635.0300,,,,,
1998-08-24,,637.8900,,,,,
1998-08-25,,647.0500,,,,,
1998-08-27,,649.3200,,,,,
1998-08-28,,634.2900,,,,,
1998-08-31,,636.5600,,,,,
1998-09-01,,620.6700,,,,,
1998-09-02,,627.1400,,,,,
1998-09-03,,629.9200,,,,,
1998-09-04,,637.8600,,,,,
1998-09-07,,651.2400,,,,,
1998-09-08,,657.4500,,,,,
1998-09-09,,660.6400,,,,,
1998-09-10,,660.2700,,,,,
1998-09-11,,653.2600,,,,,
1998-09-14,,666.5700,,,,,
1998-09-15,,668.3400,,,,,
1998-09-16,,666.6900,,,,,
1998-09-17,,665.3400,,,,,
1998-09-18,,661.8300,,,,,
1998-09-21,,661.1000,,,,,
1998-09-22,,661.3500,,,,,
1998-09-23,,672.0900,,,,,
1998-09-24,,686.3600,,,,,
1998-09-25,,686.9500,,,,,
1998-09-28,,685.4400,,,,,
1998-09-29,,671.9700,,,,,
1998-09-30,,672.8100,,,,,
1998-10-05,,628.7200,,,,,
1998-10-06,,632.5500,,,,,
1998-10-07,,653.1800,,,,,
1998-10-08,,634.3400,,,,,
1998-10-09,,637.0600,,,,,
1998-10-12,,626.0300,,,,,
1998-10-13,,612.8100,,,,,
1998-10-14,,628.0600,,,,,
1998-10-15,,624.5200,,,,,
1998-10-16,,624.7400,,,,,
1998-10-19,,618.7300,,,,,
1998-10-20,,602.4000,,,,,
1998-10-22,,607.0500,,,,,
1998-10-23,,608.9800,,,,,
1998-10-26,,633.1700,,,,,
1998-10-27,,631.1600,,,,,
1998-10-28,,623.1300,,,,,
1998-10-29,,623.5500,,,,,
1998-10-30,,616.6400,,,,,
1998-10-31,,615.1200,,,,,
1998-11-02,,611.8600,,,,,
1998-11-03,,609.5200,,,,,
1998-11-05,,614.8400,,,,,
1998-11-06,,620.5600,,,,,
1998-11-09,,635.3000,,,,,
1998-11-10,,638.9300,,,,,
1998-11-11,,637.3300,,,,,
1998-11-12,,640.4200,,,,,
1998-11-13,,636.1500,,,,,
1998-11-16,,629.4400,,,,,
1998-11-17,,633.9500,,,,,
1998-11-18,,645.5700,,,,,
1998-11-19,,639.6000,,,,,
1998-11-20,,635.2900,,,,,
1998-11-21,,635.1900,,,,,
1998-11-23,,627.1700,,,,,
1998-11-24,,623.6000,,,,,
1998-11-26,,611.4300,,,,,
1998-11-27,,603.2200,,,,,
1998-11-28,,602.1500,,,,,
1998-11-30,,607.4700,,,,,
1998-12-01,,606.2300,,,,,
1998-12-02,,609.9600,,,,,
1998-12-03,,607.8600,,,,,
1998-12-04,,613.8600,,,,,
1998-12-07,,625.4400,,,,,
1998-12-08,,629.0600,,,,,
1998-12-09,,631.0000,,,,,
1998-12-10,,634.0200,,,,,
1998-12-11,,637.9400,,,,,
1998-12-14,,633.2200,,,,,
1998-12-15,,620.9700,,,,,
1998-12-16,,625.5100,,,,,
1998-12-17,,611.6800,,,,,
1998-12-18,,615.5000,,,,,
1998-12-21,,633.0400,,,,,
1998-12-22,,630.7400,,,,,
1998-12-23,,632.8900,,,,,
1998-12-24,,634.1100,,,,,
1998-12-28,,649.5400,,,,,
1998-12-29,,647.4700,,,,,
1998-12-30,,668.6500,,,,,
1998-12-31,,658.5800,,,,,
1999-01-01,,663.8700,,,,,
1999-01-04,,670.6200,,,,,
1999-01-05,,678.2000,,,,,
1999-01-06,,694.0700,,,,,
1999-01-07,,708.1500,,,,,
1999-01-08,,728.6800,,,,,
1999-01-11,,733.4000,,,,,
1999-01-12,,718.8400,,,,,
1999-01-13,,722.0500,,,,,
1999-01-14,,718.7600,,,,,
1999-01-15,,704.3600,,,,,
1999-01-18,,709.2100,,,,,
1999-01-19,,694.6500,,,,,
1999-01-21,,725.3700,,,,,
1999-01-22,,721.1400,,,,,
1999-01-25,,718.0600,,,,,
1999-01-27,,739.5200,,,,,
1999-01-28,,725.2000,,,,,
1999-01-29,,728.7200,,,,,
1999-02-01,,708.7600,,,,,
1999-02-02,,697.9000,,,,,
1999-02-03,,715.9200,,,,,
1999-02-04,,705.9600,,,,,
1999-02-05,,702.9500,,,,,
1999-02-08,,690.4400,,,,,
1999-02-09,,694.5100,,,,,
1999-02-10,,718.3500,,,,,
1999-02-11,,721.2900,,,,,
1999-02-12,,729.0500,,,,,
1999-02-15,,718.7200,,,,,
1999-02-16,,724.8800,,,,,
1999-02-17,,737.0800,,,,,
1999-02-18,,738.8000,,,,,
1999-02-19,,739.0000,,,,,
1999-02-22,,720.1800,,,,,
1999-02-23,,714.7600,,,,,
1999-02-24,,724.4100,,,,,
1999-02-25,,723.5400,,,,,
1999-02-26,,714.6700,,,,,
1999-02-27,,743.5500,,,,,
1999-03-01,,765.6600,,,,,
1999-03-03,,790.0600,,,,,
1999-03-04,,778.5700,,,,,
1999-03-05,,787.4400,,,,,
1999-03-08,,795.0600,,,,,
1999-03-09,,799.0600,,,,,
1999-03-10,,809.0200,,,,,
1999-03-11,,792.1400,,,,,
1999-03-12,,803.7500,,,,,
1999-03-15,,808.1700,,,,,
1999-03-16,,797.0800,,,,,
1999-03-17,,803.3800,,,,,
1999-03-18,,817.8100,,,,,
1999-03-19,,808.2700,,,,,
1999-03-20,,808.8600,,,,,
1999-03-22,,811.8800,,,,,
1999-03-23,,814.2200,,,,,
1999-03-24,,812.1700,,,,,
1999-03-25,,808.1800,,,,,
1999-03-26,,793.5000,,,,,
1999-03-30,,797.4400,,,,,
1999-03-31,,821.1800,,,,,
1999-04-01,,815.1000,,,,,
1999-04-05,,774.0900,,,,,
1999-04-06,,776.2400,,,,,
1999-04-07,,782.4300,,,,,
1999-04-08,,774.0800,,,,,
1999-04-09,,751.9500,,,,,
1999-04-12,,752.0100,,,,,
1999-04-13,,746.2600,,,,,
1999-04-15,,723.5400,,,,,
1999-04-16,,778.5000,,,,,
1999-04-17,,723.3000,,,,,
1999-04-19,,741.7600,,,,,
1999-04-20,,743.6400,,,,,
1999-04-21,,749.3100,,,,,
1999-04-22,,737.1700,,,,,
1999-04-23,,735.2800,,,,,
1999-04-26,,694.2900,,,,,
1999-04-28,,702.6400,,,,,
1999-04-29,,723.2200,,,,,
1999-04-30,,737.2200,,,,,
1999-05-03,,732.5100,,,,,
1999-05-04,,761.4200,,,,,
1999-05-05,,774.5600,,,,,
1999-05-06,,788.8900,,,,,
1999-05-07,,799.2200,,,,,
1999-05-10,,819.1000,,,,,
1999-05-11,,831.2300,,,,,
1999-05-12,,820.8800,,,,,
1999-05-13,,844.7200,,,,,
1999-05-14,,855.1300,,,,,
1999-05-17,,842.8400,,,,,
1999-05-18,,849.7800,,,,,
1999-05-19,,870.5800,,,,,
1999-05-20,,865.3100,,,,,
1999-05-21,,848.5900,,,,,
1999-05-24,,849.8400,,,,,
1999-05-25,,855.3700,,,,,
1999-05-26,,843.5900,,,,,
1999-05-27,,817.5600,,,,,
1999-05-28,,804.2600,,,,,
1999-05-31,,839.7300,,,,,
1999-06-01,,831.3900,,,,,
1999-06-02,,835.7200,,,,,
1999-06-03,,844.8900,,,,,
1999-06-04,,855.5700,,,,,
1999-06-07,,856.0600,,,,,
1999-06-08,,870.0800,,,,,
1999-06-09,,863.5600,,,,,
1999-06-10,,866.2200,,,,,
1999-06-11,,851.5500,,,,,
1999-06-14,,837.5800,,,,,
1999-06-15,,828.3700,,,,,
1999-06-16,,847.6500,,,,,
1999-06-17,,862.9900,,,,,
1999-06-18,,861.0800,,,,,
1999-06-21,,880.1100,,,,,
1999-06-22,,889.8500,,,,,
1999-06-23,,878.7200,,,,,
1999-06-24,,871.7200,,,,,
1999-06-25,,870.7900,,,,,
1999-06-28,,881.1200,,,,,
1999-06-29,,880.8800,,,,,
1999-06-30,,880.7600,,,,,
1999-07-01,,878.4800,,,,,
1999-07-02,,886.8000,,,,,
1999-07-05,,910.3800,,,,,
1999-07-06,,920.7100,,,,,
1999-07-07,,924.4500,,,,,
1999-07-08,,924.2100,,,,,
1999-07-09,,936.1200,,,,,
1999-07-12,,982.1000,,,,,
1999-07-13,,983.7500,,,,,
1999-07-14,,1000.3500,,,,,
1999-07-15,,980.6400,,,,,
1999-07-16,,988.7000,,,,,
1999-07-19,,1007.9200,,,,,
1999-07-20,,984.8900,,,,,
1999-07-21,,1004.0200,,,,,
1999-07-22,,1011.5400,,,,,
1999-07-23,,1003.4800,,,,,
1999-07-26,,995.2800,,,,,
1999-07-27,,986.6200,,,,,
1999-07-28,,999.3700,,,,,
1999-07-29,,998.4100,,,,,
1999-07-30,,990.4500,,,,,
1999-08-02,,972.7400,,,,,
1999-08-03,,976.3900,,,,,
1999-08-04,,1005.1300,,,,,
1999-08-05,,1001.5600,,,,,
1999-08-06,,1001.2000,,,,,
1999-08-09,,1013.5400,,,,,
1999-08-10,,1003.6000,,,,,
1999-08-11,,1010.6400,,,,,
1999-08-12,,1012.3900,,,,,
1999-08-13,,1003.1400,,,,,
1999-08-16,,1021.0800,,,,,
1999-08-17,,1040.2900,,,,,
1999-08-18,,1072.0100,,,,,
1999-08-19,,1054.7300,,,,,
1999-08-20,,1061.5600,,,,,
1999-08-23,,1077.7100,,,,,
1999-08-24,,1088.8200,,,,,
1999-08-25,,1077.5500,,,,,
1999-08-26,,1098.2900,,,,,
1999-08-27,,1105.1400,,,,,
1999-08-30,,1103.5000,,,,,
1999-08-31,,1096.6000,,,,,
1999-09-01,,1090.5400,,,,,
1999-09-02,,1065.9700,,,,,
1999-09-03,,1066.5800,,,,,
1999-09-06,,1078.9100,,,,,
1999-09-07,,1073.1300,,,,,
1999-09-08,,1090.5000,,,,,
1999-09-09,,1088.0500,,,,,
1999-09-10,,1087.0700,,,,,
1999-09-14,,1078.6700,,,,,
1999-09-15,,1079.2600,,,,,
1999-09-16,,1061.4400,,,,,
1999-09-17,,1070.6000,,,,,
1999-09-20,,1071.1800,,,,,
1999-09-21,,1068.6700,,,,,
1999-09-22,,1098.8200,,,,,
1999-09-23,,1116.4700,,,,,
1999-09-24,,1129.1200,,,,,
1999-09-27,,1113.9400,,,,,
1999-09-28,,1105.2600,,,,,
1999-09-29,,1131.9000,,,,,
1999-09-30,,1125.0400,,,,,
1999-10-01,,1114.6300,,,,,
1999-10-04,,1084.4300,,,,,
1999-10-05,,1098.0300,,,,,
1999-10-06,,1110.9500,,,,,
1999-10-07,,1169.7300,,,,,
1999-10-08,,1184.9700,,,,,
1999-10-11,,1186.1600,,,,,
1999-10-12,,1197.8900,,,,,
1999-10-13,,1214.3500,,,,,
1999-10-14,,1223.5900,,,,,
1999-10-15,,1177.1300,,,,,
1999-10-18,,1185.4400,,,,,
1999-10-20,,1215.1200,,,,,
1999-10-21,,1187.1800,,,,,
1999-10-22,,1173.0400,,,,,
1999-10-23,,1184.7400,,,,,
1999-10-25,,1151.1700,,,,,
1999-10-26,,1154.9400,,,,,
1999-10-27,,1149.8100,,,,,
1999-10-28,,1107.2100,,,,,
1999-10-29,,1067.5600,,,,,
1999-11-01,,1009.4200,,,,,
1999-11-02,,1065.5200,,,,,
1999-11-03,,1060.0600,,,,,
1999-11-04,,1068.4900,,,,,
1999-11-05,,1091.8400,,,,,
1999-11-07,,1095.9900,,,,,
1999-11-09,,1102.2800,,,,,
1999-11-10,,1120.9000,,,,,
1999-11-11,,1107.5900,,,,,
1999-11-12,,1104.3100,,,,,
1999-11-15,,1094.5200,,,,,
1999-11-16,,1094.3000,,,,,
1999-11-17,,1089.4200,,,,,
1999-11-18,,1092.5700,,,,,
1999-11-19,,1095.7200,,,,,
1999-11-22,,1107.9200,,,,,
1999-11-24,,1131.1300,,,,,
1999-11-25,,1138.6200,,,,,
1999-11-26,,1138.6400,,,,,
1999-11-29,,1141.8800,,,,,
1999-11-30,,1140.7400,,,,,
1999-12-01,,1151.1100,,,,,
1999-12-02,,1168.7600,,,,,
1999-12-03,,1178.9700,,,,,
1999-12-06,,1205.9400,,,,,
1999-12-07,,1216.0600,,,,,
1999-12-08,,1206.7300,,,,,
1999-12-09,,1218.8800,,,,,
1999-12-10,,1224.8300,,,,,
1999-12-13,,1226.6000,,,,,
1999-12-14,,1217.1500,,,,,
1999-12-15,,1211.9100,,,,,
1999-12-16,,1237.3900,,,,,
1999-12-17,,1242.9800,,,,,
1999-12-20,,1256.7000,,,,,
1999-12-21,,1259.2000,,,,,
1999-12-22,,1310.7000,,,,,
1999-12-23,,1316.1500,,,,,
1999-12-24,,1294.4900,,,,,
1999-12-27,,1265.3800,,,,,
1999-12-28,,1282.4800,,,,,
1999-12-29,,1309.8300,,,,,
1999-12-30,,1323.1900,,,,,
2000-01-03,,1418.1900,,,,,
2000-01-04,,1466.4200,,,,,
2000-01-05,,1431.6400,,,,,
2000-01-06,,1434.7400,,,,,
2000-01-07,,1401.4500,,,,,
2000-01-10,,1409.4200,,,,,
2000-01-11,,1358.1200,,,,,
2000-01-12,,1402.3300,,,,,
2000-01-13,,1386.6200,,,,,
2000-01-14,,1385.8100,,,,,
2000-01-17,,1393.8200,,,,,
2000-01-18,,1391.3700,,,,,
2000-01-19,,1420.2300,,,,,
2000-01-20,,1410.0400,,,,,
2000-01-21,,1439.6700,,,,,
2000-01-24,,1441.3200,,,,,
2000-01-25,,1442.2100,,,,,
2000-01-27,,1469.0000,,,,,
2000-01-28,,1493.7100,,,,,
2000-01-31,,1445.5800,,,,,
2000-02-01,,1466.3800,,,,,
2000-02-02,,1511.5300,,,,,
2000-02-03,,1546.0200,,,,,
2000-02-04,,1568.7100,,,,,
2000-02-07,,1579.7300,,,,,
2000-02-08,,1579.2400,,,,,
2000-02-09,,1612.8100,,,,,
2000-02-10,,1657.0100,,,,,
2000-02-11,,1693.7900,,,,,
2000-02-14,,1695.9900,,,,,
2000-02-15,,1693.2100,,,,,
2000-02-16,,1731.0000,,,,,
2000-02-17,,1794.1300,,,,,
2000-02-18,,1816.8100,,,,,
2000-02-21,,1875.1400,,,,,
2000-02-22,,1831.4700,,,,,
2000-02-23,,1771.5700,,,,,
2000-02-24,,1773.5600,,,,,
2000-02-25,,1710.2700,,,,,
2000-02-28,,1712.4400,,,,,
2000-02-29,,1633.1300,,,,,
2000-03-01,,1717.6500,,,,,
2000-03-02,,1739.3600,,,,,
2000-03-03,,1682.5400,,,,,
2000-03-06,,1705.1300,,,,,
2000-03-07,,1681.1100,,,,,
2000-03-08,,1675.0800,,,,,
2000-03-09,,1617.4000,,,,,
2000-03-10,,1589.6000,,,,,
2000-03-13,,1526.3700,,,,,
2000-03-14,,1504.0400,,,,,
2000-03-15,,1507.7600,,,,,
2000-03-16,,1458.4400,,,,,
2000-03-21,,1429.2700,,,,,
2000-03-22,,1467.7900,,,,,
2000-03-23,,1465.5500,,,,,
2000-03-24,,1498.0600,,,,,
2000-03-27,,1508.6200,,,,,
2000-03-28,,1524.1100,,,,,
2000-03-29,,1536.2300,,,,,
2000-03-30,,1494.6500,,,,,
2000-03-31,,1455.3100,,,,,
2000-04-03,,1416.9000,,,,,
2000-04-04,,1317.0300,,,,,
2000-04-05,,1317.6600,,,,,
2000-04-06,,1329.1900,,,,,
2000-04-07,,1416.8100,,,,,
2000-04-10,,1482.2400,,,,,
2000-04-11,,1494.6000,,,,,
2000-04-12,,1473.0600,,,,,
2000-04-13,,1407.9600,,,,,
2000-04-17,,1320.6500,,,,,
2000-04-18,,1278.5800,,,,,
2000-04-19,,1245.8500,,,,,
2000-04-20,,1240.5900,,,,,
2000-04-24,,1194.3400,,,,,
2000-04-25,,1177.6600,,,,,
2000-04-26,,1237.0800,,,,,
2000-04-27,,1202.2900,,,,,
2000-04-28,,1180.4000,,,,,
2000-05-02,,1100.0100,,,,,
2000-05-03,,1072.3600,,,,,
2000-05-04,,1130.6500,,,,,
2000-05-05,,1178.9700,,,,,
2000-05-08,,1126.6800,,,,,
2000-05-09,,1150.5400,,,,,
2000-05-10,,1121.9800,,,,,
2000-05-11,,1065.0300,,,,,
2000-05-12,,1024.7800,,,,,
2000-05-15,,1035.1700,,,,,
2000-05-16,,1038.4900,,,,,
2000-05-17,,1036.8300,,,,,
2000-05-18,,1026.2200,,,,,
2000-05-19,,1003.1000,,,,,
2000-05-22,,962.4000,,,,,
2000-05-23,,964.0100,,,,,
2000-05-24,,969.2900,,,,,
2000-05-25,,978.6100,,,,,
2000-05-26,,982.7200,,,,,
2000-05-29,,1005.2100,,,,,
2000-05-30,,1041.3300,,,,,
2000-05-31,,1070.4400,,,,,
2000-06-01,,1049.9800,,,,,
2000-06-02,,1083.0600,,,,,
2000-06-05,,1107.7200,,,,,
2000-06-06,,1129.1500,,,,,
2000-06-07,,1137.2700,,,,,
2000-06-08,,1163.5100,,,,,
2000-06-09,,1158.2200,,,,,
2000-06-12,,1139.5700,,,,,
2000-06-13,,1136.9600,,,,,
2000-06-14,,1150.8400,,,,,
2000-06-15,,1161.8800,,,,,
2000-06-16,,1194.7900,,,,,
2000-06-19,,1214.0700,,,,,
2000-06-20,,1227.7300,,,,,
2000-06-21,,1192.2700,,,,,
2000-06-22,,1204.7200,,,,,
2000-06-23,,1180.2200,,,,,
2000-06-26,,1175.1300,,,,,
2000-06-27,,1171.4800,,,,,
2000-06-28,,1188.0600,,,,,
2000-06-29,,1195.3500,,,,,
2000-06-30,,1188.6000,,,,,
2000-07-03,,1213.4100,,,,,
2000-07-04,,1223.1100,,,,,
2000-07-05,,1229.2600,,,,,
2000-07-06,,1220.0500,,,,,
2000-07-07,,1215.6200,,,,,
2000-07-10,,1208.4900,,,,,
2000-07-11,,1203.4600,,,,,
2000-07-12,,1227.9500,,,,,
2000-07-13,,1208.2200,,,,,
2000-07-14,,1201.4200,,,,,
2000-07-17,,1179.9800,,,,,
2000-07-18,,1167.4200,,,,,
2000-07-19,,1146.5200,,,,,
2000-07-20,,1136.9100,,,,,
2000-07-21,,1113.4700,,,,,
2000-07-24,,1039.9000,,,,,
2000-07-25,,1082.7000,,,,,
2000-07-26,,1051.2700,,,,,
2000-07-27,,1072.9000,,,,,
2000-07-28,,1069.4200,,,,,
2000-07-31,,1062.9900,,,,,
2000-08-01,,1054.3800,,,,,
2000-08-02,,1058.6400,,,,,
2000-08-03,,1044.4400,,,,,
2000-08-04,,1024.7100,,,,,
2000-08-07,,1020.8900,,,,,
2000-08-08,,1050.9900,,,,,
2000-08-09,,1060.4000,,,,,
2000-08-10,,1041.7900,,,,,
2000-08-11,,1031.9300,,,,,
2000-08-14,,1037.7900,,,,,
2000-08-16,,1068.7200,,,,,
2000-08-17,,1060.9700,,,,,
2000-08-18,,1077.6000,,,,,
2000-08-21,,1092.1800,,,,,
2000-08-22,,1100.7800,,,,,
2000-08-23,,1099.9400,,,,,
2000-08-24,,1116.9800,,,,,
2000-08-25,,1118.8700,,,,,
2000-08-28,,1110.4700,,,,,
2000-08-29,,1112.5900,,,,,
2000-08-30,,1123.6500,,,,,
2000-08-31,,1137.7800,,,,,
2000-09-04,,1165.7300,,,,,
2000-09-05,,1165.9600,,,,,
2000-09-06,,1174.9900,,,,,
2000-09-07,,1178.6400,,,,,
2000-09-08,,1187.4000,,,,,
2000-09-11,,1186.2500,,,,,
2000-09-12,,1192.3200,,,,,
2000-09-13,,1184.4600,,,,,
2000-09-14,,1176.6700,,,,,
2000-09-15,,1140.7200,,,,,
2000-09-18,,1088.8300,,,,,
2000-09-19,,1063.7800,,,,,
2000-09-20,,1085.5400,,,,,
2000-09-21,,1066.1800,,,,,
2000-09-22,,1014.2100,,,,,
2000-09-25,,1055.6700,,,,,
2000-09-26,,1030.8300,,,,,
2000-09-27,,1045.8900,,,,,
2000-09-28,,1023.9400,,,,,
2000-09-29,,1026.6300,,,,,
2000-10-03,,1028.8400,,,,,
2000-10-04,,1038.5900,,,,,
2000-10-05,,1025.9600,,,,,
2000-10-06,,1023.7700,,,,,
2000-10-09,,1004.2800,,,,,
2000-10-10,,976.5700,,,,,
2000-10-11,,951.9200,,,,,
2000-10-12,,959.6700,,,,,
2000-10-13,,932.3400,,,,,
2000-10-16,,935.3700,,,,,
2000-10-17,,915.5000,,,,,
2000-10-18,,897.5200,,,,,
2000-10-19,,933.5100,,,,,
2000-10-20,,936.8800,,,,,
2000-10-23,,908.2600,,,,,
2000-10-24,,915.8000,,,,,
2000-10-25,,944.2500,,,,,
2000-10-26,,948.3400,,,,,
2000-10-27,,947.5400,,,,,
2000-10-30,,934.7300,,,,,
2000-10-31,,944.2000,,,,,
2000-11-01,,961.3400,,,,,
2000-11-02,,975.7600,,,,,
2000-11-03,,989.9200,,,,,
2000-11-06,,987.4700,,,,,
2000-11-07,,992.8600,,,,,
2000-11-08,,1013.2300,,,,,
2000-11-09,,1011.9300,,,,,
2000-11-10,,990.5600,,,,,
2000-11-13,,957.6800,,,,,
2000-11-14,,988.5800,,,,,
2000-11-15,,994.9700,,,,,
2000-11-16,,990.1300,,,,,
2000-11-17,,990.6700,,,,,
2000-11-20,,997.5100,,,,,
2000-11-21,,998.5600,,,,,
2000-11-22,,985.6900,,,,,
2000-11-23,,985.9400,,,,,
2000-11-24,,992.7700,,,,,
2000-11-27,,1019.3800,,,,,
2000-11-28,,1027.0500,,,,,
2000-11-29,,1026.2700,,,,,
2000-11-30,,1021.8400,,,,,
2000-12-01,,1038.8500,,,,,
2000-12-04,,1036.2700,,,,,
2000-12-05,,1050.9100,,,,,
2000-12-06,,1059.3700,,,,,
2000-12-07,,1065.1000,,,,,
2000-12-08,,1080.5100,,,,,
2000-12-11,,1095.6400,,,,,
2000-12-12,,1095.7900,,,,,
2000-12-13,,1116.8600,,,,,
2000-12-14,,1104.1400,,,,,
2000-12-15,,1064.9600,,,,,
2000-12-18,,1068.5800,,,,,
2000-12-19,,1054.9900,,,,,
2000-12-20,,1045.8500,,,,,
2000-12-21,,1031.1800,,,,,
2000-12-22,,988.1500,,,,,
2000-12-26,,960.1600,,,,,
2000-12-27,,983.5300,,,,,
2000-12-28,,997.5400,,,,,
2000-12-29,,1012.8900,,,,,
2001-01-01,,1007.2600,,,,,
2001-01-02,,1023.0500,,,,,
2001-01-03,,1030.9600,,,,,
2001-01-04,,1050.5700,,,,,
2001-01-05,,1068.3000,,,,,
2001-01-08,,1043.6800,,,,,
2001-01-09,,1048.0100,,,,,
2001-01-10,,1034.8900,,,,,
2001-01-11,,1020.4700,,,,,
2001-01-12,,1026.5200,,,,,
2001-01-15,,1025.0500,,,,,
2001-01-16,,1027.0300,,,,,
2001-01-17,,1030.1000,,,,,
2001-01-18,,1040.9400,,,,,
2001-01-19,,1069.1600,,,,,
2001-01-22,,1077.8300,,,,,
2001-01-23,,1080.6900,,,,,
2001-01-24,,1092.8600,,,,,
2001-01-25,,1093.6400,,,,,
2001-01-29,,1065.1400,,,,,
2001-01-30,,1095.3800,,,,,
2001-01-31,,1088.8100,,,,,
2001-02-01,,1071.9100,,,,,
2001-02-02,,1092.9200,,,,,
2001-02-05,,1099.4900,,,,,
2001-02-06,,1106.1700,,,,,
2001-02-07,,1098.1200,,,,,
2001-02-08,,1119.4000,,,,,
2001-02-09,,1128.3200,,,,,
2001-02-12,,1131.4100,,,,,
2001-02-13,,1119.0400,,,,,
2001-02-14,,1119.2800,,,,,
2001-02-15,,1134.2700,,,,,
2001-02-16,,1101.8400,,,,,
2001-02-19,,1105.4100,,,,,
2001-02-20,,1102.5100,,,,,
2001-02-21,,1089.7800,,,,,
2001-02-22,,1074.1500,,,,,
2001-02-23,,1039.5700,,,,,
2001-02-26,,1036.2300,,,,,
2001-02-27,,1014.1200,,,,,
2001-02-28,,1054.8400,,,,,
2001-03-01,,1054.4800,,,,,
2001-03-02,,1004.6500,,,,,
2001-03-05,,975.2500,,,,,
2001-03-07,,989.4600,,,,,
2001-03-08,,985.5900,,,,,
2001-03-09,,946.1100,,,,,
2001-03-12,,890.5600,,,,,
2001-03-13,,831.1200,,,,,
2001-03-14,,873.3000,,,,,
2001-03-15,,896.1900,,,,,
2001-03-16,,878.2900,,,,,
2001-03-19,,874.9100,,,,,
2001-03-20,,862.7700,,,,,
2001-03-21,,884.6800,,,,,
2001-03-22,,865.2600,,,,,
2001-03-23,,845.9100,,,,,
2001-03-26,,845.7100,,,,,
2001-03-27,,858.9000,,,,,
2001-03-28,,881.9000,,,,,
2001-03-29,,869.1200,,,,,
2001-03-30,,836.9800,,,,,
2001-04-02,,820.7800,,,,,
2001-04-03,,829.5900,,,,,
2001-04-04,,820.0600,,,,,
2001-04-06,,815.8500,,,,,
2001-04-09,,813.4900,,,,,
2001-04-10,,794.8000,,,,,
2001-04-11,,762.5700,,,,,
2001-04-12,,736.0700,,,,,
2001-04-16,,756.8600,,,,,
2001-04-17,,776.3500,,,,,
2001-04-18,,812.1100,,,,,
2001-04-19,,831.0100,,,,,
2001-04-20,,837.7600,,,,,
2001-04-23,,838.3400,,,,,
2001-04-24,,848.5400,,,,,
2001-04-25,,853.0400,,,,,
2001-04-26,,842.0600,,,,,
2001-04-27,,804.3700,,,,,
2001-04-30,,829.0300,,,,,
2001-05-02,,838.2600,,,,,
2001-05-03,,835.2200,,,,,
2001-05-04,,843.7200,,,,,
2001-05-07,,853.9900,,,,,
2001-05-08,,866.7700,,,,,
2001-05-09,,853.2100,,,,,
2001-05-10,,852.5800,,,,,
2001-05-11,,849.1400,,,,,
2001-05-14,,849.0500,,,,,
2001-05-15,,851.1100,,,,,
2001-05-16,,856.9500,,,,,
2001-05-17,,876.9600,,,,,
2001-05-18,,876.2900,,,,,
2001-05-21,,874.4900,,,,,
2001-05-22,,880.7600,,,,,
2001-05-23,,891.5900,,,,,
2001-05-24,,891.5400,,,,,
2001-05-25,,889.8600,,,,,
2001-05-28,,903.7300,,,,,
2001-05-29,,908.5300,,,,,
2001-05-30,,888.2700,,,,,
2001-05-31,,882.2800,,,,,
2001-06-01,,869.7100,,,,,
2001-06-04,,847.6300,,,,,
2001-06-05,,838.5700,,,,,
2001-06-06,,843.0300,,,,,
2001-06-07,,841.5100,,,,,
2001-06-08,,852.6700,,,,,
2001-06-11,,853.1500,,,,,
2001-06-12,,852.5600,,,,,
2001-06-13,,855.5000,,,,,
2001-06-14,,841.7600,,,,,
2001-06-15,,823.0000,,,,,
2001-06-18,,817.0400,,,,,
2001-06-19,,826.0500,,,,,
2001-06-20,,822.5900,,,,,
2001-06-21,,820.0800,,,,,
2001-06-22,,808.5200,,,,,
2001-06-25,,781.6500,,,,,
2001-06-26,,801.4000,,,,,
2001-06-27,,804.4000,,,,,
2001-06-28,,802.1100,,,,,
2001-06-29,,811.5000,,,,,
2001-07-02,,805.4600,,,,,
2001-07-03,,785.3300,,,,,
2001-07-04,,786.2900,,,,,
2001-07-05,,782.9600,,,,,
2001-07-06,,780.0200,,,,,
2001-07-09,,774.6100,,,,,
2001-07-10,,782.6800,,,,,
2001-07-11,,792.0300,,,,,
2001-07-12,,811.2900,,,,,
2001-07-13,,805.8200,,,,,
2001-07-16,,806.5000,,,,,
2001-07-17,,804.4100,,,,,
2001-07-18,,803.6200,,,,,
2001-07-19,,797.3100,,,,,
2001-07-20,,790.7100,,,,,
2001-07-23,,785.9900,,,,,
2001-07-24,,780.3500,,,,,
2001-07-25,,771.4700,,,,,
2001-07-26,,764.6000,,,,,
2001-07-27,,764.3100,,,,,
2001-07-30,,771.0000,,,,,
2001-07-31,,782.0100,,,,,
2001-08-01,,777.8200,,,,,
2001-08-02,,782.5700,,,,,
2001-08-03,,787.7100,,,,,
2001-08-06,,788.4900,,,,,
2001-08-07,,784.2200,,,,,
2001-08-08,,781.6200,,,,,
2001-08-09,,779.9800,,,,,
2001-08-10,,776.2900,,,,,
2001-08-13,,771.7900,,,,,
2001-08-14,,780.7900,,,,,
2001-08-16,,784.1500,,,,,
2001-08-17,,777.0200,,,,,
2001-08-20,,775.2600,,,,,
2001-08-21,,776.1400,,,,,
2001-08-23,,777.7600,,,,,
2001-08-24,,781.0100,,,,,
2001-08-27,,786.1800,,,,,
2001-08-28,,784.8900,,,,,
2001-08-29,,782.6700,,,,,
2001-08-30,,782.0300,,,,,
2001-08-31,,769.7700,,,,,
2001-09-03,,764.9500,,,,,
2001-09-04,,769.2200,,,,,
2001-09-05,,764.1500,,,,,
2001-09-06,,758.1100,,,,,
2001-09-07,,760.3400,,,,,
2001-09-10,,756.4700,,,,,
2001-09-11,,754.4300,,,,,
2001-09-12,,725.7600,,,,,
2001-09-13,,716.0900,,,,,
2001-09-14,,674.6000,,,,,
2001-09-17,,630.1500,,,,,
2001-09-18,,650.4600,,,,,
2001-09-19,,653.1400,,,,,
2001-09-20,,646.2400,,,,,
2001-09-21,,618.4100,,,,,
2001-09-24,,635.1200,,,,,
2001-09-25,,627.1200,,,,,
2001-09-26,,640.7800,,,,,
2001-09-27,,643.7900,,,,,
2001-09-28,,661.2100,,,,,
2001-10-01,,656.6200,,,,,
2001-10-03,,644.2200,,,,,
2001-10-04,,655.6300,,,,,
2001-10-05,,657.5600,,,,,
2001-10-08,,647.5700,,,,,
2001-10-09,,654.4500,,,,,
2001-10-10,,672.2800,,,,,
2001-10-11,,682.6500,,,,,
2001-10-12,,686.0100,,,,,
2001-10-15,,686.5600,,,,,
2001-10-16,,696.5300,,,,,
2001-10-17,,709.5800,,,,,
2001-10-18,,697.3000,,,,,
2001-10-19,,703.2800,,,,,
2001-10-22,,707.0700,,,,,
2001-10-23,,718.5300,,,,,
2001-10-24,,717.1200,,,,,
2001-10-25,,713.0500,,,,,
2001-10-29,,712.1300,,,,,
2001-10-30,,700.0400,,,,,
2001-10-31,,705.4500,,,,,
2001-11-01,,717.9100,,,,,
2001-11-02,,717.5400,,,,,
2001-11-05,,718.5900,,,,,
2001-11-06,,729.5600,,,,,
2001-11-07,,720.7900,,,,,
2001-11-08,,728.4100,,,,,
2001-11-09,,732.7700,,,,,
2001-11-12,,738.3200,,,,,
2001-11-13,,734.7400,,,,,
2001-11-14,,742.0800,,,,,
2001-11-15,,759.4000,,,,,
2001-11-19,,782.6300,,,,,
2001-11-20,,773.7500,,,,,
2001-11-21,,782.3400,,,,,
2001-11-22,,788.3300,,,,,
2001-11-23,,785.1500,,,,,
2001-11-26,,806.5800,,,,,
2001-11-27,,805.2500,,,,,
2001-11-28,,798.7600,,,,,
2001-11-29,,797.4900,,,,,
2001-12-03,,800.0800,,,,,
2001-12-04,,815.3000,,,,,
2001-12-05,,836.9700,,,,,
2001-12-06,,836.0500,,,,,
2001-12-07,,842.4200,,,,,
2001-12-10,,841.7800,,,,,
2001-12-11,,836.5000,,,,,
2001-12-12,,838.7000,,,,,
2001-12-13,,827.3300,,,,,
2001-12-14,,820.7800,,,,,
2001-12-18,,811.4700,,,,,
2001-12-19,,794.9500,,,,,
2001-12-20,,798.5100,,,,,
2001-12-21,,786.3200,,,,,
2001-12-24,,790.6500,,,,,
2001-12-26,,773.2700,,,,,
2001-12-27,,758.7200,,,,,
2001-12-28,,774.3700,,,,,
2001-12-31,,794.5800,,,,,
2002-01-01,,792.7400,,,,,
2002-01-02,,799.0800,,,,,
2002-01-03,,808.6300,,,,,
2002-01-04,,825.1600,,,,,
2002-01-07,,829.4300,,,,,
2002-01-08,,834.8000,,,,,
2002-01-09,,822.8700,,,,,
2002-01-10,,814.8600,,,,,
2002-01-11,,805.4100,,,,,
2002-01-14,,825.0600,,,,,
2002-01-15,,817.5700,,,,,
2002-01-16,,820.2400,,,,,
2002-01-17,,832.8000,,,,,
2002-01-18,,821.6300,,,,,
2002-01-21,,824.2800,,,,,
2002-01-22,,823.0100,,,,,
2002-01-23,,821.4900,,,,,
2002-01-24,,817.6400,,,,,
2002-01-25,,815.3900,,,,,
2002-01-28,,808.8800,,,,,
2002-01-29,,810.4100,,,,,
2002-01-30,,805.7600,,,,,
2002-01-31,,814.2100,,,,,
2002-02-01,,819.4200,,,,,
2002-02-04,,823.6900,,,,,
2002-02-05,,824.7900,,,,,
2002-02-06,,859.0300,,,,,
2002-02-07,,850.9800,,,,,
2002-02-08,,865.1500,,,,,
2002-02-11,,872.7700,,,,,
2002-02-12,,874.0400,,,,,
2002-02-13,,877.5000,,,,,
2002-02-14,,890.8400,,,,,
2002-02-15,,898.2600,,,,,
2002-02-18,,905.4000,,,,,
2002-02-19,,893.3900,,,,,
2002-02-20,,884.1300,,,,,
2002-02-21,,889.3900,,,,,
2002-02-22,,899.0300,,,,,
2002-02-25,,901.5200,,,,,
2002-02-26,,919.8400,,,,,
2002-02-27,,914.3200,,,,,
2002-02-28,,875.7100,,,,,
2002-03-01,,901.3800,,,,,
2002-03-04,,909.4700,,,,,
2002-03-05,,910.5200,,,,,
2002-03-06,,906.6300,,,,,
2002-03-07,,920.4700,,,,,
2002-03-08,,916.5100,,,,,
2002-03-11,,903.0100,,,,,
2002-03-12,,889.2000,,,,,
2002-03-13,,895.4400,,,,,
2002-03-14,,898.0700,,,,,
2002-03-15,,907.9900,,,,,
2002-03-18,,910.5000,,,,,
2002-03-19,,896.3800,,,,,
2002-03-20,,898.1000,,,,,
2002-03-21,,891.4400,,,,,
2002-03-22,,887.2700,,,,,
2002-03-26,,878.6600,,,,,
2002-03-27,,879.3400,,,,,
2002-03-28,,884.8200,,,,,
2002-04-01,,896.9100,,,,,
2002-04-02,,894.4400,,,,,
2002-04-03,,887.1900,,,,,
2002-04-04,,903.4200,,,,,
2002-04-05,,904.6700,,,,,
2002-04-08,,901.9900,,,,,
2002-04-09,,897.8800,,,,,
2002-04-10,,906.3300,,,,,
2002-04-11,,913.0800,,,,,
2002-04-12,,915.8300,,,,,
2002-04-15,,905.6900,,,,,
2002-04-16,,896.6100,,,,,
2002-04-17,,901.1800,,,,,
2002-04-18,,905.1700,,,,,
2002-04-19,,883.8100,,,,,
2002-04-22,,884.7800,,,,,
2002-04-23,,887.5800,,,,,
2002-04-24,,892.3800,,,,,
2002-04-25,,881.2400,,,,,
2002-04-26,,882.6600,,,,,
2002-04-29,,870.3200,,,,,
2002-04-30,,881.3500,,,,,
2002-05-02,,889.2300,,,,,
2002-05-03,,889.8600,,,,,
2002-05-06,,895.6300,,,,,
2002-05-07,,901.9900,,,,,
2002-05-08,,905.8800,,,,,
2002-05-09,,913.8100,,,,,
2002-05-10,,903.9800,,,,,
2002-05-13,,907.3800,,,,,
2002-05-14,,904.8100,,,,,
2002-05-15,,895.1600,,,,,
2002-05-16,,884.9800,,,,,
2002-05-17,,880.2500,,,,,
2002-05-20,,864.7600,,,,,
2002-05-21,,840.2800,,,,,
2002-05-22,,842.7800,,,,,
2002-05-23,,833.1200,,,,,
2002-05-24,,870.1600,,,,,
2002-05-27,,872.2600,,,,,
2002-05-28,,849.0600,,,,,
2002-05-29,,855.5000,,,,,
2002-05-30,,848.8100,,,,,
2002-05-31,,846.5800,,,,,
2002-06-03,,859.8700,,,,,
2002-06-04,,868.2400,,,,,
2002-06-05,,882.3700,,,,,
2002-06-06,,879.1400,,,,,
2002-06-07,,864.0300,,,,,
2002-06-10,,882.1800,,,,,
2002-06-11,,907.7800,,,,,
2002-06-12,,908.1100,,,,,
2002-06-13,,903.2300,,,,,
2002-06-14,,905.9400,,,,,
2002-06-17,,910.7200,,,,,
2002-06-18,,899.9100,,,,,
2002-06-19,,888.3700,,,,,
2002-06-20,,893.1000,,,,,
2002-06-21,,887.6700,,,,,
2002-06-24,,886.5600,,,,,
2002-06-25,,882.8400,,,,,
2002-06-26,,871.3200,,,,,
2002-06-27,,878.9000,,,,,
2002-06-28,,886.2500,,,,,
2002-07-01,,898.7000,,,,,
2002-07-02,,897.5600,,,,,
2002-07-03,,900.5200,,,,,
2002-07-04,,905.4300,,,,,
2002-07-05,,908.3200,,,,,
2002-07-08,,914.6400,,,,,
2002-07-09,,914.8400,,,,,
2002-07-10,,906.4700,,,,,
2002-07-11,,895.9200,,,,,
2002-07-12,,902.3000,,,,,
2002-07-15,,899.3500,,,,,
2002-07-16,,887.0900,,,,,
2002-07-17,,878.2000,,,,,
2002-07-18,,890.7100,,,,,
2002-07-19,,885.5200,,,,,
2002-07-22,,862.9400,,,,,
2002-07-23,,873.6000,,,,,
2002-07-24,,859.0900,,,,,
2002-07-25,,857.0700,,,,,
2002-07-26,,834.3800,,,,,
2002-07-29,,827.0300,,,,,
2002-07-30,,815.8700,,,,,
2002-07-31,,815.3300,,,,,
2002-08-01,,815.5800,,,,,
2002-08-02,,817.5300,,,,,
2002-08-05,,824.0500,,,,,
2002-08-06,,827.4400,,,,,
2002-08-07,,830.9100,,,,,
2002-08-08,,816.7800,,,,,
2002-08-09,,822.6300,,,,,
2002-08-12,,829.3900,,,,,
2002-08-13,,835.1500,,,,,
2002-08-14,,834.1200,,,,,
2002-08-16,,840.6300,,,,,
2002-08-19,,842.9000,,,,,
2002-08-20,,850.2700,,,,,
2002-08-21,,851.5600,,,,,
2002-08-22,,849.1300,,,,,
2002-08-23,,853.9600,,,,,
2002-08-26,,858.0300,,,,,
2002-08-27,,849.3400,,,,,
2002-08-28,,848.6100,,,,,
2002-08-29,,843.6600,,,,,
2002-08-30,,856.8700,,,,,
2002-09-02,,859.6500,,,,,
2002-09-03,,855.2300,,,,,
2002-09-04,,858.9200,,,,,
2002-09-05,,860.1800,,,,,
2002-09-06,,849.9700,,,,,
2002-09-09,,838.7800,,,,,
2002-09-11,,837.8000,,,,,
2002-09-12,,843.2300,,,,,
2002-09-13,,836.4300,,,,,
2002-09-16,,828.6100,,,,,
2002-09-17,,833.2900,,,,,
2002-09-18,,825.3100,,,,,
2002-09-19,,819.0100,,,,,
2002-09-20,,816.5600,,,,,
2002-09-23,,815.8600,,,,,
2002-09-24,,812.1200,,,,,
2002-09-25,,815.3400,,,,,
2002-09-26,,815.8600,,,,,
2002-09-27,,819.8400,,,,,
2002-09-30,,807.3900,,,,,
2002-10-01,,800.6700,,,,,
2002-10-03,,798.5700,,,,,
2002-10-04,,798.5100,,,,,
2002-10-07,,810.6100,,,,,
2002-10-08,,815.2300,,,,,
2002-10-09,,810.2000,,,,,
2002-10-10,,813.8200,,,,,
2002-10-11,,826.9700,,,,,
2002-10-14,,825.5700,,,,,
2002-10-16,,823.5300,,,,,
2002-10-17,,823.7700,,,,,
2002-10-18,,827.4500,,,,,
2002-10-21,,824.4400,,,,,
2002-10-22,,811.8800,,,,,
2002-10-23,,808.7700,,,,,
2002-10-24,,802.2100,,,,,
2002-10-25,,791.4500,,,,,
2002-10-28,,785.8900,,,,,
2002-10-29,,797.2500,,,,,
2002-10-30,,800.4300,,,,,
2002-10-31,,809.9100,,,,,
2002-11-01,,813.7100,,,,,
2002-11-04,,820.1500,,,,,
2002-11-05,,817.5100,,,,,
2002-11-07,,816.1700,,,,,
2002-11-08,,815.1400,,,,,
2002-11-11,,812.2100,,,,,
2002-11-12,,815.4300,,,,,
2002-11-13,,817.3600,,,,,
2002-11-14,,816.8000,,,,,
2002-11-15,,826.3400,,,,,
2002-11-18,,832.8600,,,,,
2002-11-20,,831.3900,,,,,
2002-11-21,,833.5000,,,,,
2002-11-22,,841.8800,,,,,
2002-11-25,,849.4900,,,,,
2002-11-26,,856.2200,,,,,
2002-11-27,,853.1600,,,,,
2002-11-28,,863.4000,,,,,
2002-11-29,,868.1400,,,,,
2002-12-02,,887.1700,,,,,
2002-12-03,,874.8700,,,,,
2002-12-04,,862.5300,,,,,
2002-12-05,,870.4900,,,,,
2002-12-06,,892.7300,,,,,
2002-12-09,,880.5400,,,,,
2002-12-10,,883.0600,,,,,
2002-12-11,,887.3800,,,,,
2002-12-12,,891.6600,,,,,
2002-12-13,,900.0300,,,,,
2002-12-16,,894.8300,,,,,
2002-12-17,,889.5600,,,,,
2002-12-18,,893.4300,,,,,
2002-12-19,,891.5600,,,,,
2002-12-20,,895.0100,,,,,
2002-12-23,,892.7900,,,,,
2002-12-24,,898.0600,,,,,
2002-12-26,,904.5000,,,,,
2002-12-27,,906.9100,,,,,
2002-12-30,,902.8700,,,,,
2002-12-31,,905.2200,,,,,
2003-01-01,1000.0000,910.2500,,,,,
2003-01-02,1008.0300,908.8500,,,,,
2003-01-03,1004.4900,906.5000,,,,,
2003-01-06,999.8500,903.2300,,,,,
2003-01-07,997.8100,903.2800,,,,,
2003-01-08,1005.3100,907.3200,,,,,
2003-01-09,1013.3300,917.8700,,,,,
2003-01-10,998.6100,904.9200,,,,,
2003-01-13,993.2500,901.0600,,,,,
2003-01-14,997.9500,904.6300,,,,,
2003-01-15,1003.6700,908.9100,,,,,
2003-01-16,1006.7700,913.0100,,,,,
2003-01-17,1005.3500,913.7700,,,,,
2003-01-20,996.6500,908.0300,,,,,
2003-01-21,998.9300,910.7200,,,,,
2003-01-22,1002.3500,912.1900,,,,,
2003-01-23,991.7100,904.8300,,,,,
2003-01-24,977.1300,891.0700,,,,,
2003-01-27,959.0800,872.9200,,,,,
2003-01-28,967.5400,880.7900,,,,,
2003-01-29,960.3300,879.3400,,,,,
2003-01-30,957.8700,876.4800,,,,,
2003-01-31,963.7600,878.0000,,,,,
2003-02-03,976.4300,891.7600,,,,,
2003-02-04,975.8900,892.0600,,,,,
2003-02-05,969.3100,887.3500,,,,,
2003-02-06,983.6300,898.4200,,,,,
2003-02-07,978.2000,894.4100,,,,,
2003-02-10,969.0300,885.7000,,,,,
2003-02-11,968.3000,884.3500,,,,,
2003-02-12,964.8900,880.4600,,,,,
2003-02-14,956.3400,872.6800,,,,,
2003-02-17,977.6200,891.3600,,,,,
2003-02-18,978.9200,893.5400,,,,,
2003-02-19,984.5200,898.3700,,,,,
2003-02-20,985.7400,898.8400,,,,,
2003-02-21,985.7900,899.2500,,,,,
2003-02-24,989.5100,902.4900,,,,,
2003-02-25,975.9200,891.4200,,,,,
2003-02-26,970.1700,887.2300,,,,,
2003-02-27,974.2700,893.1200,,,,,
2003-02-28,982.8100,897.9600,,,,,
2003-03-03,979.1400,897.5400,,,,,
2003-03-04,968.1800,887.1800,,,,,
2003-03-05,962.7100,881.4100,,,,,
2003-03-06,954.2200,873.4600,,,,,
2003-03-07,940.6800,859.9600,,,,,
2003-03-10,930.1400,850.8900,,,,,
2003-03-11,937.3400,856.0900,,,,,
2003-03-12,926.0800,848.3100,,,,,
2003-03-13,924.0600,846.1900,,,,,
2003-03-17,917.9300,840.7200,,,,,
2003-03-19,927.4600,846.4500,,,,,
2003-03-20,946.5500,859.1900,,,,,
2003-03-21,951.7100,864.3800,,,,,
2003-03-22,958.3000,868.7400,,,,,
2003-03-24,936.8500,852.7700,,,,,
2003-03-25,934.5000,850.5300,,,,,
2003-03-26,936.5100,851.1800,,,,,
2003-03-27,927.0500,845.9300,,,,,
2003-03-28,924.6400,844.1600,,,,,
2003-03-31,903.2000,826.7100,,,,,
2003-04-01,909.0700,832.4300,,,,,
2003-04-02,923.6800,845.3400,,,,,
2003-04-03,933.2100,854.7700,,,,,
2003-04-04,943.3800,863.9200,,,,,
2003-04-07,957.1000,878.0800,,,,,
2003-04-08,945.8900,870.8800,,,,,
2003-04-09,933.8000,862.2300,,,,,
2003-04-10,896.2900,833.3000,,,,,
2003-04-11,886.3700,827.3400,,,,,
2003-04-15,887.5400,828.4600,,,,,
2003-04-16,893.9800,833.3100,,,,,
2003-04-17,878.7400,821.7500,,,,,
2003-04-21,885.1900,829.1300,,,,,
2003-04-22,882.0000,827.0600,,,,,
2003-04-23,873.0000,820.5700,,,,,
2003-04-24,869.5500,817.6200,,,,,
2003-04-25,865.5500,813.6200,,,,,
2003-04-28,871.8200,819.9900,,,,,
2003-04-29,872.9500,820.2900,,,,,
2003-04-30,875.3500,823.2100,,,,,
2003-05-02,881.0200,829.7800,,,,,
2003-05-05,889.5200,840.9400,,,,,
2003-05-06,895.6900,846.4300,,,,,
2003-05-07,893.6000,846.8000,,,,,
2003-05-08,885.9400,839.8300,,,,,
2003-05-09,884.1100,838.8500,,,,,
2003-05-12,886.0200,845.2500,,,,,
2003-05-13,893.6400,853.3900,,,,,
2003-05-14,903.0300,862.1300,,,,,
2003-05-15,910.9800,874.2100,,,,,
2003-05-16,921.1900,886.0900,,,,,
2003-05-19,914.9000,880.1900,,,,,
2003-05-20,920.7800,890.8200,,,,,
2003-05-21,921.0200,895.2600,,,,,
2003-05-22,919.0100,899.2700,,,,,
2003-05-23,926.2400,909.9900,,,,,
2003-05-26,940.7200,927.8000,,,,,
2003-05-27,934.6100,921.2900,,,,,
2003-05-28,949.9700,930.4300,,,,,
2003-05-29,962.9100,941.2900,,,,,
2003-05-30,966.2300,955.7900,,,,,
2003-06-02,968.4700,960.2200,,,,,
2003-06-03,967.1900,961.7600,,,,,
2003-06-04,977.0300,975.9200,,,,,
2003-06-05,987.5000,977.7000,,,,,
2003-06-06,996.3100,984.4700,,,,,
2003-06-09,1004.8700,990.3300,,,,,
2003-06-10,989.2100,972.9500,,,,,
2003-06-11,996.8500,981.6200,,,,,
2003-06-12,1003.8400,991.7000,,,,,
2003-06-13,1007.2500,996.6300,,,,,
2003-06-16,1002.1900,994.0800,,,,,
2003-06-17,1029.9700,1016.0200,,,,,
2003-06-18,1033.7900,1022.6800,,,,,
2003-06-19,1041.7900,1029.2900,,,,,
2003-06-20,1050.6000,1036.2700,,,,,
2003-06-23,1042.1900,1023.2100,,,,,
2003-06-24,1039.7200,1024.5800,,,,,
2003-06-25,1058.7900,1041.2800,,,,,
2003-06-26,1066.7100,1044.9400,,,,,
2003-06-27,1075.4200,1054.6200,,,,,
2003-06-30,1084.3700,1062.7300,,,,,
2003-07-01,1084.3900,1062.8500,,,,,
2003-07-02,1089.5200,1067.7900,,,,,
2003-07-03,1101.4400,1078.9000,,,,,
2003-07-04,1097.8800,1081.5400,,,,,
2003-07-07,1102.4900,1089.9700,,,,,
2003-07-08,1105.8500,1086.2700,,,,,
2003-07-09,1099.5000,1077.0600,,,,,
2003-07-10,1119.9600,1089.3300,,,,,
2003-07-11,1120.6500,1090.2200,,,,,
2003-07-14,1133.6600,1102.5200,,,,,
2003-07-15,1123.0000,1091.1400,,,,,
2003-07-16,1137.0700,1106.2300,,,,,
2003-07-17,1119.8200,1091.3300,,,,,
2003-07-18,1108.4500,1079.8100,,,,,
2003-07-21,1086.9300,1059.9900,,,,,
2003-07-22,1078.5000,1051.1100,,,,,
2003-07-23,1088.2900,1058.9300,,,,,
2003-07-24,1107.5700,1077.1400,,,,,
2003-07-25,1131.1400,1097.9100,,,,,
2003-07-28,1138.3500,1104.7200,,,,,
2003-07-29,1143.9400,1107.2300,,,,,
2003-07-30,1154.7100,1120.9300,,,,,
2003-07-31,1154.7800,1121.8400,,,,,
2003-08-01,1163.6600,1129.8900,,,,,
2003-08-04,1171.9000,1149.4200,,,,,
2003-08-05,1152.9300,1132.3100,,,,,
2003-08-06,1139.8700,1126.1800,,,,,
2003-08-07,1164.6600,1153.6200,,,,,
2003-08-08,1187.6600,1178.9800,,,,,
2003-08-11,1198.3600,1195.2200,,,,,
2003-08-12,1199.2100,1192.9000,,,,,
2003-08-13,1210.3700,1207.8800,,,,,
2003-08-14,1213.9700,1207.4800,,,,,
2003-08-18,1247.3200,1235.1000,,,,,
2003-08-19,1244.4500,1227.2100,,,,,
2003-08-20,1254.0000,1235.6200,,,,,
2003-08-21,1266.9800,1249.7700,,,,,
2003-08-22,1275.4900,1262.6900,,,,,
2003-08-25,1236.4800,1223.4900,,,,,
2003-08-26,1283.7200,1273.5100,,,,,
2003-08-27,1308.4200,1301.9000,,,,,
2003-08-28,1310.5900,1302.3800,,,,,
2003-08-29,1325.2100,1320.5300,,,,,
2003-09-01,1342.2700,1346.2100,,,,,
2003-09-02,1350.4800,1348.9900,,,,,
2003-09-03,1324.3200,1322.8900,,,,,
2003-09-04,1335.2600,1332.4500,,,,,
2003-09-05,1359.7800,1354.1000,,,,,
2003-09-08,1380.4600,1375.0100,,,,,
2003-09-09,1370.9900,1366.9300,,,,,
2003-09-10,1374.5800,1374.9700,,,,,
2003-09-11,1370.2300,1376.5300,,,,,
2003-09-12,1341.5800,1347.4400,,,,,
2003-09-15,1301.2300,1295.8600,,,,,
2003-09-16,1330.1000,1323.6000,,,,,
2003-09-17,1316.4800,1299.6300,,,,,
2003-09-18,1279.1200,1260.1000,,,,,
2003-09-19,1296.0300,1269.2300,,,,,
2003-09-22,1279.3300,1254.3500,,,,,
2003-09-23,1301.5400,1282.1400,,,,,
2003-09-24,1342.5100,1321.1100,,,,,
2003-09-25,1330.2000,1313.1600,,,,,
2003-09-26,1363.0100,1337.6400,,,,,
2003-09-29,1377.1300,1361.1400,,,,,
2003-09-30,1395.1400,1375.8200,,,,,
2003-10-01,1398.0100,1380.3500,,,,,
2003-10-03,1423.1300,1402.7100,,,,,
2003-10-06,1451.5300,1435.8800,,,,,
2003-10-07,1450.8300,1430.9900,,,,,
2003-10-08,1453.7400,1433.7600,,,,,
2003-10-09,1475.6700,1455.7700,,,,,
2003-10-10,1494.6200,1460.8500,,,,,
2003-10-13,1519.1300,1488.2800,,,,,
2003-10-14,1490.4800,1458.2300,,,,,
2003-10-15,1509.1300,1469.6100,,,,,
2003-10-16,1528.4000,1483.6300,,,,,
2003-10-17,1539.8700,1494.2100,,,,,
2003-10-20,1511.8800,1464.4600,,,,,
2003-10-21,1474.9900,1431.1500,,,,,
2003-10-22,1462.3600,1414.2900,,,,,
2003-10-23,1442.9800,1397.7900,,,,,
2003-10-24,1477.2300,1427.4500,,,,,
2003-10-25,1494.5500,1449.8400,,,,,
2003-10-27,1458.8500,1419.0700,,,,,
2003-10-28,1456.9700,1411.3900,,,,,
2003-10-29,1473.2700,1420.9100,,,,,
2003-10-30,1491.7000,1434.2900,,,,,
2003-10-31,1529.7600,1473.5400,,,,,
2003-11-03,1566.8300,1503.1700,,,,,
2003-11-04,1583.6700,1521.1900,,,,,
2003-11-05,1574.7400,1523.6200,,,,,
2003-11-06,1580.2000,1533.8500,,,,,
2003-11-07,1561.6300,1523.7600,,,,,
2003-11-10,1563.0000,1536.8300,,,,,
2003-11-11,1573.7600,1549.8500,,,,,
2003-11-12,1578.3900,1556.2600,,,,,
2003-11-13,1554.4700,1527.4200,,,,,
2003-11-14,1527.1200,1496.2700,,,,,
2003-11-15,1538.9600,1509.0900,,,,,
2003-11-17,1556.2700,1526.9500,,,,,
2003-11-18,1543.6200,1515.1300,,,,,
2003-11-19,1521.2000,1492.6400,,,,,
2003-11-20,1502.7400,1472.5800,,,,,
2003-11-21,1517.8500,1479.9300,,,,,
2003-11-24,1522.3600,1489.9300,,,,,
2003-11-25,1547.0200,1513.4200,,,,,
2003-11-27,1574.2000,1536.4700,,,,,
2003-11-28,1592.6700,1555.4100,,,,,
2003-12-01,1631.5200,1589.0800,,,,,
2003-12-02,1633.8500,1591.5600,,,,,
2003-12-03,1647.6300,1608.9300,,,,,
2003-12-04,1654.9800,1619.4000,,,,,
2003-12-05,1628.7300,1595.9900,,,,,
2003-12-08,1634.4200,1605.8500,,,,,
2003-12-09,1663.7900,1640.9500,,,,,
2003-12-10,1668.6600,1652.4400,,,,,
2003-12-11,1677.0000,1667.0500,,,,,
2003-12-12,1682.5100,1672.2200,,,,,
2003-12-15,1707.7700,1690.9500,,,,,
2003-12-16,1716.6800,1693.8000,,,,,
2003-12-17,1714.9200,1695.0000,,,,,
2003-12-18,1738.1300,1728.7800,,,,,
2003-12-19,1758.3600,1755.4500,,,,,
2003-12-22,1773.8800,1775.7400,,,,,
2003-12-23,1768.6200,1763.8100,,,,,
2003-12-24,1798.4400,1785.7200,,,,,
2003-12-26,1826.9300,1811.5700,,,,,
2003-12-29,1863.7400,1847.2700,,,,,
2003-12-30,1861.0900,1846.9900,,,,,
2003-12-31,1868.7700,1854.3800,,,,,
2004-01-01,1902.8900,1893.9000,,,,,
2004-01-02,1933.3800,1950.0900,,,,,
2004-01-05,1937.5200,1958.4500,,,,,
2004-01-06,1912.2300,1923.5600,,,,,
2004-01-07,1900.1900,1914.1700,,,,,
2004-01-08,1956.6800,1979.0600,,,,,
2004-01-09,1962.6000,1975.9100,,,,,
2004-01-12,1939.8000,1945.3200,,,,,
2004-01-13,1957.3900,1949.9900,,,,,
2004-01-14,1976.2900,1965.1600,,,,,
2004-01-15,1941.6300,1936.1800,,,,,
2004-01-16,1893.9400,1885.0900,,,,,
2004-01-19,1923.6200,1911.5800,,,,,
2004-01-20,1888.4200,1874.9700,,,,,
2004-01-21,1817.1100,1777.2700,,,,,
2004-01-22,1765.9100,1726.6700,,,,,
2004-01-23,1842.8500,1812.0500,,,,,
2004-01-27,1907.7800,1876.6200,,,,,
2004-01-28,1866.6900,1830.6100,,,,,
2004-01-29,1847.7900,1814.3300,,,,,
2004-01-30,1809.7100,1770.4600,,,,,
2004-02-03,1761.7900,1705.5500,,,,,
2004-02-04,1812.1200,1755.9900,,,,,
2004-02-05,1798.6700,1746.5200,,,,,
2004-02-06,1831.9900,1782.3300,,,,,
2004-02-09,1876.3000,1824.5600,,,,,
2004-02-10,1875.4600,1824.9300,,,,,
2004-02-11,1887.7000,1838.1700,,,,,
2004-02-12,1885.9900,1837.3400,,,,,
2004-02-13,1914.5600,1864.0200,,,,,
2004-02-16,1917.5500,1866.3900,,,,,
2004-02-17,1924.1900,1868.5800,,,,,
2004-02-18,1919.1200,1876.3000,,,,,
2004-02-19,1864.2700,1825.0200,,,,,
2004-02-20,1856.3100,1816.9300,,,,,
2004-02-23,1811.6500,1771.1600,,,,,
2004-02-24,1823.3400,1776.2700,,,,,
2004-02-25,1791.4200,1739.4400,,,,,
2004-02-26,1769.2700,1726.1600,,,,,
2004-02-27,1799.4200,1754.0600,,,,,
2004-03-01,1848.3900,1804.4000,,,,,
2004-03-03,1856.3500,1808.5900,,,,,
2004-03-04,1840.9200,1799.2900,,,,,
2004-03-05,1863.4100,1831.7500,,,,,
2004-03-08,1883.4300,1867.0100,,,,,
2004-03-09,1865.4400,1846.4000,,,,,
2004-03-10,1844.7300,1829.1400,,,,,
2004-03-11,1807.6900,1795.4000,,,,,
2004-03-12,1813.4000,1793.7600,,,,,
2004-03-15,1764.1700,1745.5600,,,,,
2004-03-16,1748.7400,1738.0200,,,,,
2004-03-17,1752.2300,1747.2700,,,,,
2004-03-18,1720.4200,1720.0100,,,,,
2004-03-19,1729.6700,1725.1800,,,,,
2004-03-22,1687.8900,1681.8400,,,,,
2004-03-23,1694.5100,1682.5100,,,,,
2004-03-24,1692.0300,1683.0900,,,,,
2004-03-25,1706.6700,1697.7000,,,,,
2004-03-26,1752.1500,1736.4300,,,,,
2004-03-29,1768.7800,1754.5100,,,,,
2004-03-30,1761.2000,1752.4500,,,,,
2004-03-31,1781.3600,1772.2800,,,,,
2004-04-01,1828.6100,1813.2600,,,,,
2004-04-02,1850.6500,1839.9700,,,,,
2004-04-05,1866.8700,1853.2900,,,,,
2004-04-06,1860.8000,1844.6600,,,,,
2004-04-07,1858.6200,1843.5000,,,,,
2004-04-08,1866.4500,1861.9100,,,,,
2004-04-12,1853.6400,1856.6400,,,,,
2004-04-13,1893.2200,1893.9100,,,,,
2004-04-15,1882.3400,1890.8800,,,,,
2004-04-16,1891.1100,1900.8200,,,,,
2004-04-17,1892.2400,1905.7600,,,,,
2004-04-19,1868.3400,1876.5800,,,,,
2004-04-20,1866.9500,1874.8800,,,,,
2004-04-21,1896.4800,1906.4800,,,,,
2004-04-22,1914.7500,1928.8100,,,,,
2004-04-23,1919.9900,1932.9200,,,,,
2004-04-27,1841.0000,1850.3400,,,,,
2004-04-28,1840.5200,1847.1200,,,,,
2004-04-29,1835.7500,1846.2800,,,,,
2004-04-30,1822.0900,1833.7500,,,,,
2004-05-03,1789.8700,1799.8800,,,,,
2004-05-04,1821.1500,1833.3900,,,,,
2004-05-05,1835.0400,1850.1800,,,,,
2004-05-06,1862.6700,1879.0100,,,,,
2004-05-07,1836.1100,1853.4800,,,,,
2004-05-10,1800.2000,1818.3600,,,,,
2004-05-11,1726.0100,1736.9700,,,,,
2004-05-12,1738.3500,1750.7300,,,,,
2004-05-13,1741.7300,1748.7900,,,,,
2004-05-14,1596.8500,1595.7900,,,,,
2004-05-17,1401.5000,1402.8800,,,,,
2004-05-18,1518.3200,1515.0800,,,,,
2004-05-19,1588.5200,1592.5200,,,,,
2004-05-20,1571.4900,1578.3400,,,,,
2004-05-21,1582.5300,1587.5700,,,,,
2004-05-24,1629.4400,1630.8000,,,,,
2004-05-25,1626.0500,1628.2300,,,,,
2004-05-26,1623.1000,1629.1300,,,,,
2004-05-27,1609.7300,1613.3100,,,,,
2004-05-28,1531.4100,1534.5000,,,,,
2004-05-31,1499.0000,1496.9800,,,,,
2004-06-01,1523.5400,1523.6900,,,,,
2004-06-02,1551.7300,1551.0100,,,,,
2004-06-03,1515.4600,1515.3200,,,,,
2004-06-04,1539.7200,1536.6200,,,,,
2004-06-07,1560.8000,1557.0300,,,,,
2004-06-08,1568.5500,1565.8800,,,,,
2004-06-09,1568.4900,1569.4800,,,,,
2004-06-10,1565.5500,1569.2900,,,,,
2004-06-11,1529.7600,1535.5300,,,,,
2004-06-14,1500.3000,1502.4900,,,,,
2004-06-15,1519.5900,1521.2200,,,,,
2004-06-16,1514.8400,1515.8700,,,,,
2004-06-17,1530.6400,1529.0900,,,,,
2004-06-18,1511.3900,1511.4400,,,,,
2004-06-21,1499.8900,1499.8900,,,,,
2004-06-22,1491.6900,1490.4100,,,,,
2004-06-23,1461.5900,1458.0500,,,,,
2004-06-24,1484.2600,1475.9100,,,,,
2004-06-25,1504.0800,1499.2500,,,,,
2004-06-28,1531.9600,1530.6900,,,,,
2004-06-29,1537.7300,1537.2100,,,,,
2004-06-30,1527.3300,1528.1500,,,,,
2004-07-01,1557.8600,1556.1600,,,,,
2004-07-02,1559.5000,1557.1700,,,,,
2004-07-05,1547.5300,1545.0300,,,,,
2004-07-06,1576.1600,1570.6800,,,,,
2004-07-07,1583.8500,1578.8000,,,,,
2004-07-08,1536.3700,1528.6900,,,,,
2004-07-09,1571.6700,1560.6000,,,,,
2004-07-12,1578.5000,1568.7200,,,,,
2004-07-13,1562.9600,1554.2000,,,,,
2004-07-14,1548.8800,1542.1400,,,,,
2004-07-15,1565.6000,1562.4700,,,,,
2004-07-16,1586.6700,1587.3400,,,,,
2004-07-19,1600.7700,1601.8300,,,,,
2004-07-20,1594.6300,1595.8200,,,,,
2004-07-21,1608.7500,1611.1900,,,,,
2004-07-22,1627.5400,1628.9500,,,,,
2004-07-23,1631.8100,1632.9500,,,,,
2004-07-26,1646.8500,1649.2900,,,,,
2004-07-27,1627.1800,1630.1800,,,,,
2004-07-28,1620.4500,1623.2400,,,,,
2004-07-29,1644.4200,1648.3000,,,,,
2004-07-30,1656.5000,1661.3700,,,,,
2004-08-02,1662.6900,1672.0700,,,,,
2004-08-03,1656.4400,1664.8300,,,,,
2004-08-04,1653.1200,1664.2800,,,,,
2004-08-05,1682.2800,1693.1700,,,,,
2004-08-06,1661.9400,1672.0200,,,,,
2004-08-09,1670.2800,1679.1000,,,,,
2004-08-10,1678.5900,1688.0700,,,,,
2004-08-11,1647.4100,1656.8100,,,,,
2004-08-12,1633.8100,1642.6200,,,,,
2004-08-13,1626.8600,1640.6900,,,,,
2004-08-16,1626.6200,1638.3400,,,,,
2004-08-17,1632.7900,1645.8100,,,,,
2004-08-18,1612.7200,1627.9600,,,,,
2004-08-19,1637.5400,1651.2200,,,,,
2004-08-20,1619.2100,1635.5200,,,,,
2004-08-23,1607.1800,1623.1500,,,,,
2004-08-24,1620.3200,1637.6100,,,,,
2004-08-25,1625.1400,1643.7800,,,,,
2004-08-26,1640.9000,1663.6200,,,,,
2004-08-27,1642.1800,1670.0500,,,,,
2004-08-30,1664.6600,1694.6100,,,,,
2004-08-31,1668.4500,1699.7000,,,,,
2004-09-01,1674.4300,1707.6000,,,,,
2004-09-02,1673.2500,1704.0900,,,,,
2004-09-03,1680.5100,1711.2700,,,,,
2004-09-06,1692.5200,1725.1900,,,,,
2004-09-07,1700.2800,1733.1200,,,,,
2004-09-08,1705.8000,1741.2900,,,,,
2004-09-09,1696.6500,1730.2700,,,,,
2004-09-10,1715.4800,1748.1100,,,,,
2004-09-13,1721.7100,1755.0800,,,,,
2004-09-14,1731.3500,1762.5700,,,,,
2004-09-15,1729.9600,1759.3700,,,,,
2004-09-16,1753.4400,1783.2700,,,,,
2004-09-17,1780.1600,1807.1000,,,,,
2004-09-20,1776.3600,1804.3500,,,,,
2004-09-21,1797.7800,1825.0400,,,,,
2004-09-22,1806.1700,1833.3300,,,,,
2004-09-23,1778.5700,1808.7500,,,,,
2004-09-24,1776.0400,1809.6200,,,,,
2004-09-27,1772.1200,1807.7600,,,,,
2004-09-28,1755.5800,1791.5300,,,,,
2004-09-29,1781.7000,1816.1200,,,,,
2004-09-30,1797.9400,1831.8000,,,,,
2004-10-01,1825.4000,1856.0100,,,,,
2004-10-04,1853.8100,1883.4500,,,,,
2004-10-05,1863.8600,1894.6800,,,,,
2004-10-06,1847.7900,1879.9300,,,,,
2004-10-07,1866.3400,1895.7300,,,,,
2004-10-08,1870.6100,1900.8800,,,,,
2004-10-09,1869.4100,1904.1600,,,,,
2004-10-11,1857.7500,1890.0400,,,,,
2004-10-12,1834.3000,1861.8600,,,,,
2004-10-14,1840.0600,1868.1800,,,,,
2004-10-15,1839.9200,1868.7300,,,,,
2004-10-18,1832.3800,1860.2800,,,,,
2004-10-19,1854.3400,1881.2200,,,,,
2004-10-20,1836.6500,1864.2200,,,,,
2004-10-21,1826.4000,1855.6200,,,,,
2004-10-25,1801.8900,1827.0700,,,,,
2004-10-26,1824.5300,1847.7800,,,,,
2004-10-27,1830.7100,1856.7600,,,,,
2004-10-28,1845.0600,1872.2500,,,,,
2004-10-29,1833.3000,1861.3900,,,,,
2004-11-01,1844.8400,1872.0800,,,,,
2004-11-02,1861.4200,1891.3300,,,,,
2004-11-03,1886.7500,1917.6900,,,,,
2004-11-04,1885.6300,1919.0700,,,,,
2004-11-05,1900.8500,1937.1100,,,,,
2004-11-08,1909.2600,1944.9300,,,,,
2004-11-09,1903.5100,1938.3400,,,,,
2004-11-10,1920.4300,1958.4300,,,,,
2004-11-11,1915.8100,1952.3400,,,,,
2004-11-12,1919.4600,1958.0400,,,,,
2004-11-16,1927.9600,1965.0700,,,,,
2004-11-17,1941.9100,1980.5100,,,,,
2004-11-18,1948.8100,1988.7400,,,,,
2004-11-19,1928.1600,1967.3600,,,,,
2004-11-22,1928.2900,1970.8300,,,,,
2004-11-23,1950.1400,1994.2100,,,,,
2004-11-24,1962.1400,2006.6100,,,,,
2004-11-25,1959.7200,2005.5000,,,,,
2004-11-29,1998.5100,2041.6100,,,,,
2004-11-30,2015.9900,2049.9900,,,,,
2004-12-01,2023.5300,2056.9000,,,,,
2004-12-02,2064.3900,2100.4600,,,,,
2004-12-03,2061.9200,2099.4000,,,,,
2004-12-06,2058.0900,2098.0100,,,,,
2004-12-07,2057.3200,2098.9900,,,,,
2004-12-08,2043.6600,2088.5900,,,,,
2004-12-09,2055.5900,2101.8000,,,,,
2004-12-10,2035.3800,2084.9100,,,,,
2004-12-13,2050.8300,2102.4600,,,,,
2004-12-14,2073.5700,2127.7300,,,,,
2004-12-15,2095.1100,2146.0200,,,,,
2004-12-16,2102.6900,2154.1500,,,,,
2004-12-17,2084.8900,2140.4500,,,,,
2004-12-20,2100.5900,2160.5500,,,,,
2004-12-21,2119.5600,2181.1400,,,,,
2004-12-22,2111.3700,2169.5400,,,,,
2004-12-23,2127.0400,2183.6800,,,,,
2004-12-24,2143.2500,2201.3500,,,,,
2004-12-27,2147.1200,2207.0200,,,,,
2004-12-28,2164.7400,2230.8400,,,,,
2004-12-29,2160.2200,2226.9900,,,,,
2004-12-30,2149.5300,2215.5500,,,,,
2004-12-31,2173.8900,2245.1600,,,,,
2005-01-03,2208.5200,2282.2900,,,,,
2005-01-04,2200.4100,2277.9900,,,,,
2005-01-05,2125.2400,2200.8700,,,,,
2005-01-06,2088.1800,2165.9300,,,,,
2005-01-07,2107.0300,2187.0400,,,,,
2005-01-10,2074.6500,2162.6000,,,,,
2005-01-11,2039.0600,2122.1700,,,,,
2005-01-12,1993.7700,2067.5800,,,,,
2005-01-13,2041.2600,2115.2900,,,,,
2005-01-14,2018.7200,2094.3900,,,,,
2005-01-17,2022.0400,2089.7300,,,,,
2005-01-18,2024.9300,2094.7000,,,,,
2005-01-19,2015.4100,2085.0100,,,,,
2005-01-20,2010.1400,2075.4900,,,,,
2005-01-24,1991.4600,2057.4500,,,,,
2005-01-25,2014.6700,2080.8700,,,,,
2005-01-27,2038.9900,2106.1000,,,,,
2005-01-28,2091.1300,2155.7800,,,,,
2005-01-31,2139.4900,2200.9600,,,,,
2005-02-01,2141.8100,2209.5500,,,,,
2005-02-02,2139.3700,2210.7100,,,,,
2005-02-03,2168.2000,2240.7200,,,,,
2005-02-04,2166.9100,2238.8300,,,,,
2005-02-07,2145.5900,2224.7100,,,,,
2005-02-08,2144.1700,2227.5700,,,,,
2005-02-09,2159.7600,2247.9600,,,,,
2005-02-10,2155.1800,2245.3000,,,,,
2005-02-11,2172.2900,2263.5800,,,,,
2005-02-14,2187.2300,2277.5000,,,,,
2005-02-15,2178.1000,2265.5500,,,,,
2005-02-16,2158.3500,2246.2900,,,,,
2005-02-17,2149.9800,2238.5900,,,,,
2005-02-18,2144.3900,2234.8100,,,,,
2005-02-21,2129.7900,2219.5800,,,,,
2005-02-22,2148.1300,2234.1700,,,,,
2005-02-23,2148.5400,2236.3500,,,,,
2005-02-24,2146.2700,2235.8500,,,,,
2005-02-25,2149.1100,2238.1500,,,,,
2005-02-28,2192.9400,2277.0000,,,,,
2005-03-01,2175.7300,2257.6900,,,,,
2005-03-02,2190.1100,2274.4300,,,,,
2005-03-03,2225.1200,2310.5800,,,,,
2005-03-04,2244.8000,2332.5700,,,,,
2005-03-07,2260.4400,2347.1100,,,,,
2005-03-08,2271.9000,2359.0700,,,,,
2005-03-09,2261.4900,2344.8700,,,,,
2005-03-10,2269.1200,2353.8400,,,,,
2005-03-11,2255.2800,2343.7600,,,,,
2005-03-14,2245.4800,2332.4900,,,,,
2005-03-15,2228.1000,2318.5400,,,,,
2005-03-16,2224.8100,2317.6800,,,,,
2005-03-17,2196.3400,2288.1400,,,,,
2005-03-18,2203.5200,2291.1700,,,,,
2005-03-21,2192.3300,2279.8900,,,,,
2005-03-22,2151.9500,2235.0300,,,,,
2005-03-23,2111.8400,2191.6900,,,,,
2005-03-24,2101.5600,2179.3500,,,,,
2005-03-28,2116.3700,2196.8000,,,,,
2005-03-29,2069.4200,2149.5000,,,,,
2005-03-30,2081.5300,2165.5400,,,,,
2005-03-31,2124.9300,2209.6600,,,,,
2005-04-01,2158.3900,2250.1000,1000.0000,1000.0000,1000.0000,1000.0000,1000.0000
2005-04-04,2155.8500,2248.5400,1007.5000,1003.4100,1009.3000,1003.2200,994.1800
2005-04-05,2142.1500,2234.8300,998.7700,997.0500,1002.3700,996.4400,980.9200
2005-04-06,2158.1600,2252.2200,1017.0800,1005.2700,1011.8400,1006.6000,1001.3400
2005-04-07,2142.6900,2241.5000,1018.9600,1002.3600,1011.9800,1004.6500,1001.8800
2005-04-08,2120.5800,2222.6900,1011.5100,994.8400,1005.6700,996.7800,996.5700
2005-04-11,2096.1000,2199.1000,1003.8600,984.0500,994.9000,987.1500,990.1600
2005-04-12,2113.3600,2216.4400,1011.8600,991.4100,1001.9200,994.9500,996.6000
2005-04-13,2114.1400,2217.9600,1009.8600,992.6500,1003.8700,995.6300,997.5000
2005-04-15,2045.0500,2152.4100,984.3500,966.2600,981.1700,967.8600,971.1100
2005-04-18,2017.0800,2127.1000,979.2700,956.5100,973.6100,958.3500,965.1300
2005-04-19,1997.4300,2111.0200,973.8900,951.9800,972.7300,952.4400,955.6300
2005-04-20,2016.4900,2127.8000,980.8900,958.0400,976.6900,958.5500,960.5400
2005-04-21,2038.9100,2152.9100,997.3200,971.1900,992.8400,971.5600,973.1600
2005-04-22,2057.7800,2171.6000,1011.6800,981.0000,1005.2000,981.9100,975.2500
2005-04-25,2063.2200,2179.3800,1017.8600,984.5500,1009.0600,985.9300,984.1200
2005-04-26,2050.4000,2169.7800,1021.0300,981.7200,1008.6300,983.6200,988.2200
2005-04-27,2029.3300,2147.9000,1014.6400,971.9100,999.1100,975.0500,974.9700
2005-04-28,2029.0300,2141.8100,1014.5600,968.3900,994.6700,972.5500,962.2500
2005-04-29,1988.5700,2105.2600,994.3000,953.3500,981.0900,956.0200,944.4900
2005-05-02,2001.9500,2113.5200,986.1100,953.4600,975.3300,955.0800,947.2900
2005-05-03,2006.6200,2117.4600,992.1600,955.2900,977.6000,957.7800,948.6900
2005-05-04,2030.5300,2141.5900,1010.7900,965.3700,987.3200,969.9100,961.8500
2005-05-05,2056.6600,2166.6500,1024.0600,975.8900,997.0200,981.5200,982.4800
2005-05-06,2070.3100,2180.3000,1030.1200,981.2600,1001.4700,987.1400,987.0300
2005-05-09,2094.6900,2206.7000,1045.4400,993.2800,1014.1500,1000.0500,998.1000
2005-05-10,2089.0300,2201.9700,1050.5200,991.8800,1014.1300,999.8500,992.3600
2005-05-11,2078.9800,2195.1200,1054.8300,991.3500,1017.6100,999.5900,991.3100
2005-05-12,2088.4900,2207.6000,1074.8500,998.9100,1028.8000,1008.6100,1004.9700
2005-05-13,2084.5000,2206.9000,1089.9700,1000.7800,1034.8100,1012.8700,1009.3800
2005-05-16,2108.6800,2228.9800,1105.1100,1010.9100,1045.6100,1023.6900,1026.8300
2005-05-17,2086.1000,2204.5200,1092.0100,1001.1900,1037.3300,1012.2800,1015.4600
2005-05-18,2077.7000,2198.6400,1094.7600,1001.8200,1042.7400,1011.9200,1017.8200
2005-05-19,2086.5100,2209.9000,1109.0600,1007.2400,1049.2800,1018.7500,1028.0300
2005-05-20,2087.2200,2210.9900,1112.0500,1006.1600,1046.0500,1018.6700,1031.8200
2005-05-23,2108.7000,2232.0200,1120.3900,1014.0100,1051.6400,1027.5800,1041.4900
2005-05-24,2123.1000,2244.2700,1118.4100,1019.2600,1056.2400,1031.6500,1045.7100
2005-05-25,2137.8200,2257.4500,1124.9400,1024.1100,1059.8400,1037.4600,1049.4500
2005-05-26,2163.9900,2274.8800,1120.7900,1028.6900,1059.2900,1041.5100,1039.0600
2005-05-27,2168.1600,2278.0000,1110.7600,1028.4700,1056.0200,1039.6000,1041.5700
2005-05-30,2163.3600,2271.3300,1099.2300,1024.0400,1049.0100,1034.2100,1036.7800
2005-05-31,2182.1600,2290.9100,1109.6300,1032.1800,1056.5900,1043.5000,1042.2400
2005-06-01,2184.4900,2295.7800,1119.0100,1035.8600,1062.9400,1048.4100,1044.6800
2005-06-02,2162.5700,2274.6500,1111.0500,1028.0300,1057.4200,1040.1900,1040.1800
2005-06-03,2192.1100,2301.6500,1125.5800,1038.5800,1065.8900,1052.0400,1049.3800
2005-06-04,2191.8300,2303.9000,1137.6600,1040.9200,1070.7200,1055.9900,1057.7100
2005-06-06,2193.9100,2309.4000,1142.8200,1042.9700,1072.5100,1059.1400,1057.2700
2005-06-07,2206.0700,2320.8200,1148.5400,1047.6000,1076.4600,1063.6400,1074.4800
2005-06-08,2221.2600,2334.3300,1151.4900,1052.9300,1080.4700,1068.2700,1085.2400
2005-06-09,2211.7300,2327.9700,1154.8800,1053.2000,1085.5400,1068.0300,1088.6700
2005-06-10,2197.4700,2314.1400,1149.4600,1048.6400,1083.2700,1062.8200,1076.7100
2005-06-13,2209.5100,2323.2000,1153.0100,1051.7900,1085.1500,1066.2700,1074.8100
2005-06-14,2218.1100,2329.3800,1156.8800,1054.8900,1088.9100,1069.5900,1075.7000
2005-06-15,2232.0500,2343.9700,1164.3500,1060.8100,1094.1800,1076.4300,1075.0500
2005-06-16,2224.4700,2329.4300,1139.2600,1053.1200,1083.4400,1065.1100,1054.3300
2005-06-17,2222.3000,2320.2000,1118.6500,1044.0200,1066.1800,1054.8100,1040.7600
2005-06-20,2237.7500,2329.0300,1106.0200,1045.2700,1062.6400,1053.8300,1032.4300
2005-06-21,2262.7100,2348.8600,1113.6900,1052.1900,1066.7700,1061.3400,1031.0800
2005-06-22,2280.3000,2363.3900,1114.7800,1054.5700,1063.3200,1065.0300,1026.5400
2005-06-23,2280.9600,2366.3800,1120.4300,1057.2000,1067.9700,1067.7200,1035.1900
2005-06-24,2290.1600,2379.5900,1132.4300,1064.3000,1077.2400,1075.7700,1036.9400
2005-06-27,2294.9900,2382.0400,1127.7900,1065.1300,1077.3200,1075.1400,1038.1000
2005-06-28,2263.2400,2347.6300,1105.8000,1049.1500,1060.0600,1058.3500,1020.3300
2005-06-29,2288.7700,2371.9900,1117.9800,1059.2200,1069.2000,1068.9500,1027.1200
2005-06-30,2313.2700,2388.8400,1127.1000,1062.9200,1067.9300,1075.7700,1019.7500
2005-07-01,2312.8700,2396.5500,1144.0600,1069.8900,1080.6000,1083.6300,1035.9100
2005-07-04,2335.0000,2422.8600,1160.8500,1084.2400,1098.9500,1097.5000,1050.4100
2005-07-05,2314.3300,2403.6700,1153.5200,1078.3700,1096.8400,1090.4100,1044.3800
2005-07-06,2336.2300,2430.8100,1174.9900,1092.9200,1115.2600,1104.9200,1064.1800
2005-07-07,2288.1000,2385.7400,1161.3100,1074.8600,1100.2900,1086.9800,1045.9900
2005-07-08,2310.1300,2412.7200,1183.6900,1088.7300,1117.4300,1101.5600,1061.6300
2005-07-11,2334.0900,2438.7700,1203.6600,1101.8900,1133.4300,1115.2100,1075.6600
2005-07-12,2338.7800,2443.4900,1208.9600,1103.8400,1135.5900,1118.3200,1082.1100
2005-07-13,2324.3600,2436.5000,1221.7400,1105.2500,1144.3900,1120.5300,1093.8300
2005-07-14,2306.8500,2425.3800,1225.2100,1101.0000,1141.5900,1117.5000,1089.9200
2005-07-15,2333.2000,2452.5800,1244.0300,1113.2600,1154.4800,1131.0200,1103.2200
2005-07-18,2358.9300,2480.9900,1267.2300,1130.6100,1179.1800,1147.9700,1129.7300
2005-07-19,2364.0700,2487.9700,1271.8300,1136.3000,1188.4200,1151.8600,1139.7400
2005-07-20,2370.4300,2497.9900,1278.1800,1140.3600,1191.9400,1156.6200,1148.3200
2005-07-21,2357.7100,2485.2600,1273.6200,1134.2700,1185.1400,1150.2200,1140.1400
2005-07-22,2394.6400,2520.4400,1289.5000,1149.0800,1198.5900,1165.0300,1157.0800
2005-07-25,2420.2900,2546.2500,1291.9100,1157.4000,1201.7000,1173.1700,1154.2000
2005-07-26,2431.5700,2547.5600,1283.2000,1156.1400,1197.1500,1170.4700,1150.0100
2005-07-27,2447.4500,2559.5800,1277.7600,1160.2000,1198.6600,1172.6400,1149.0000
2005-07-29,2439.0400,2546.0800,1265.1600,1152.6200,1188.2700,1163.5800,1138.5000
2005-08-01,2446.4300,2561.4100,1266.6200,1160.6100,1197.4000,1169.3600,1144.5200
2005-08-02,2482.4600,2603.9900,1294.0100,1180.6800,1219.6700,1190.2400,1172.8200
2005-08-03,2486.0100,2603.8400,1292.2200,1179.9100,1217.8200,1189.3700,1170.3100
2005-08-04,2499.7800,2617.7900,1309.3900,1186.2500,1225.0200,1197.5000,1172.2200
2005-08-05,2496.2200,2620.7800,1326.4100,1191.5000,1236.6400,1202.6800,1180.0700
2005-08-08,2456.3600,2583.1500,1316.2400,1176.4400,1224.4100,1188.1800,1159.5300
2005-08-09,2450.7000,2577.6300,1320.5000,1172.4100,1218.2100,1185.8900,1148.7400
2005-08-10,2495.4200,2622.2400,1353.9000,1194.3000,1243.5700,1208.8400,1173.8300
2005-08-11,2516.8800,2645.1300,1370.7000,1207.6700,1262.3600,1222.2800,1182.4400
2005-08-12,2500.6300,2633.1500,1380.1800,1207.1200,1269.5700,1221.0300,1178.2100
2005-08-16,2507.6700,2646.3200,1405.2100,1213.5500,1278.0200,1230.7800,1186.5800
2005-08-17,2540.8300,2679.1000,1427.7200,1226.6000,1289.4100,1246.8300,1199.5900
2005-08-18,2525.4600,2666.3500,1421.3500,1221.2700,1284.3600,1241.0800,1192.1700
2005-08-19,2519.5900,2663.2300,1436.9100,1220.5200,1285.8400,1243.9500,1189.3700
2005-08-22,2500.7200,2647.9300,1440.5700,1215.5000,1284.2400,1239.8500,1195.9900
2005-08-23,2455.3700,2600.1100,1398.9600,1191.6500,1255.2000,1213.1100,1166.1400
2005-08-24,2447.6500,2587.7200,1386.8700,1181.4300,1237.6200,1204.2500,1149.9000
2005-08-25,2478.8000,2617.9400,1413.6700,1193.5800,1248.6800,1220.7600,1159.5100
2005-08-26,2488.8400,2636.2600,1425.8800,1206.9900,1270.6000,1233.3500,1177.8600
2005-08-29,2469.1700,2621.2800,1438.5000,1203.1200,1271.4400,1230.5200,1173.1100
2005-08-30,2502.2700,2656.0700,1455.5700,1218.5000,1286.7600,1246.4400,1187.0900
2005-08-31,2520.1100,2676.2300,1479.7000,1228.9100,1300.1800,1259.0800,1203.8200
2005-09-01,2545.3100,2702.0800,1494.7100,1240.2200,1311.0900,1270.1900,1211.4800
2005-09-02,2556.3000,2711.9400,1496.0400,1244.8700,1315.7100,1273.6200,1221.5100
2005-09-05,2564.4100,2720.5300,1504.3000,1247.9600,1318.0200,1278.4600,1222.0900
2005-09-06,2569.9100,2725.4800,1502.9200,1250.6200,1321.2200,1280.5100,1231.1700
2005-09-08,2595.3200,2751.4100,1516.6400,1260.6100,1328.5700,1291.1500,1246.5000
2005-09-09,2597.9100,2751.0400,1507.1300,1260.3800,1327.4700,1288.6600,1245.3400
2005-09-12,2630.1300,2784.5800,1527.5600,1275.2800,1342.6000,1304.8000,1266.2900
2005-09-13,2649.1400,2803.7300,1538.9500,1283.6200,1350.7900,1313.6000,1278.3700
2005-09-14,2640.1700,2793.1100,1531.6500,1278.3700,1344.6800,1308.3700,1265.1400
2005-09-15,2671.8900,2825.0800,1555.6700,1293.8100,1362.5100,1325.3300,1285.1300
2005-09-16,2700.2300,2852.4800,1569.2900,1304.6200,1370.8200,1336.6100,1302.6900
2005-09-19,2718.9000,2873.9600,1579.3400,1317.3300,1388.3800,1347.8800,1317.2900
2005-09-20,2727.1700,2878.4200,1572.2700,1316.4100,1382.5600,1346.7000,1300.4200
2005-09-21,2710.2900,2855.4500,1526.3300,1297.3700,1348.0500,1325.7900,1268.4300
2005-09-22,2608.7100,2737.8400,1420.5300,1239.1700,1278.0700,1260.4900,1195.0500
2005-09-23,2611.8500,2747.5700,1433.5400,1247.1300,1291.8300,1267.8800,1211.2000
2005-09-26,2695.4300,2836.9600,1496.5900,1287.2100,1333.3700,1311.3900,1250.1100
2005-09-27,2713.8600,2854.5800,1511.0600,1296.7900,1345.5600,1320.4200,1260.3700
2005-09-28,2736.6700,2881.1200,1516.9800,1309.3900,1358.9600,1331.3100,1271.2300
2005-09-29,2744.9400,2882.9900,1498.7300,1309.6100,1356.8900,1327.4900,1259.5200
2005-09-30,2742.0900,2873.2000,1480.6300,1305.7800,1352.8800,1320.5400,1256.3100
2005-10-03,2772.9900,2905.3600,1507.1900,1321.7100,1371.7500,1337.5400,1272.3100
2005-10-04,2807.7900,2941.1100,1528.1200,1336.9900,1386.3800,1353.9700,1297.2700
2005-10-05,2786.0600,2922.7900,1519.9800,1330.7500,1382.9600,1346.7700,1291.3800
2005-10-06,2721.0200,2868.2100,1499.7300,1307.6300,1361.9200,1324.0100,1276.6100
2005-10-07,2713.7200,2860.6900,1496.9200,1303.9700,1357.8600,1320.7100,1265.4200
2005-10-10,2704.0800,2847.4200,1485.5000,1298.6400,1353.0300,1313.9300,1247.9800
2005-10-11,2727.0400,2860.5600,1471.9800,1300.4400,1347.5500,1313.9700,1252.8200
2005-10-13,2675.0900,2812.8700,1460.3000,1283.1100,1336.5400,1296.5900,1231.1900
2005-10-14,2619.1000,2755.7600,1422.8000,1256.2900,1306.9200,1268.4500,1205.5900
2005-10-17,2616.3100,2745.3400,1403.1500,1249.6800,1296.4100,1260.0500,1197.2600
2005-10-18,2598.8600,2726.9700,1401.5000,1242.0300,1289.9300,1253.3500,1192.2700
2005-10-19,2539.1100,2660.9400,1348.0400,1210.0900,1252.8000,1218.2700,1155.4900
2005-10-20,2515.0500,2635.1500,1320.1400,1194.4200,1229.9600,1201.9700,1136.1600
2005-10-21,2562.9100,2678.4900,1333.8800,1214.2200,1250.0000,1219.8300,1149.4000
2005-10-24,2515.8500,2643.8700,1335.4900,1204.6500,1249.9500,1210.5400,1152.4700
2005-10-25,2538.6400,2664.6600,1337.4400,1210.0400,1249.0800,1216.7500,1161.6200
2005-10-26,2529.8700,2651.6900,1338.1900,1203.8300,1242.8700,1212.9100,1156.2800
2005-10-27,2470.4900,2593.4400,1320.2100,1179.1200,1220.7700,1189.8100,1128.5500
2005-10-28,2434.1700,2555.7200,1291.6100,1161.4200,1201.2200,1170.7400,1109.0300
2005-10-31,2491.7800,2614.1600,1315.5600,1188.1900,1228.7100,1195.6500,1122.6700
2005-11-01,2508.7900,2635.4600,1341.5000,1199.5700,1243.7900,1208.9200,1138.6500
2005-11-02,2540.0900,2663.0200,1344.8600,1209.6100,1249.7600,1217.8100,1150.3800
2005-11-07,2583.1700,2707.9800,1373.9600,1230.8000,1273.0400,1239.6000,1165.6000
2005-11-08,2616.8300,2747.2500,1391.7200,1247.0000,1287.3000,1256.6700,1182.9300
2005-11-09,2612.8200,2739.1700,1389.9900,1244.4600,1286.3200,1253.7400,1178.5100
2005-11-10,2624.0700,2752.8300,1398.5400,1249.6400,1290.0200,1259.1400,1186.7200
2005-11-11,2672.6100,2807.2100,1424.0800,1272.2900,1310.2000,1282.1800,1212.2900
2005-11-14,2683.7900,2816.0000,1427.9600,1275.8400,1313.4400,1286.2300,1220.8700
2005-11-16,2710.6200,2838.8900,1440.4000,1283.5200,1317.4600,1295.2700,1228.9400
2005-11-17,2731.6600,2856.9700,1445.3000,1289.8000,1321.1200,1302.4100,1233.0600
2005-11-18,2746.5700,2869.0800,1448.1700,1295.7900,1327.6100,1307.3900,1229.2700
2005-11-21,2726.9600,2851.6900,1435.2000,1288.7100,1321.2100,1299.1100,1214.2800
2005-11-22,2697.5800,2824.7700,1426.7100,1277.1200,1310.7100,1289.0500,1201.8500
2005-11-23,2731.0600,2852.0800,1441.0400,1285.6700,1314.1100,1299.9400,1200.3200
2005-11-24,2758.8000,2876.3600,1452.7600,1295.0600,1321.4600,1310.4100,1205.6700
2005-11-25,2793.5600,2909.2300,1464.2200,1308.4900,1332.9100,1323.6400,1218.6600
2005-11-26,2816.1600,2936.1000,1473.8300,1321.9300,1348.3600,1335.8500,1225.9200
2005-11-28,2844.2600,2967.5900,1486.4100,1334.3500,1358.4900,1349.2900,1233.2500
2005-11-29,2831.0000,2955.0200,1480.1300,1327.9100,1351.1200,1343.4800,1226.1800
2005-11-30,2785.2300,2916.2600,1473.6900,1317.0400,1349.7000,1330.9200,1218.0400
2005-12-01,2832.9500,2961.9700,1486.2300,1335.9900,1366.0100,1348.7700,1232.3900
2005-12-02,2835.6700,2965.5800,1493.9800,1340.6700,1375.4000,1352.4700,1232.2900
2005-12-05,2800.8000,2933.3900,1495.0700,1330.2600,1371.7800,1343.6600,1223.3500
2005-12-06,2799.9000,2932.0000,1503.6700,1330.3300,1373.3400,1344.2600,1214.0100
2005-12-07,2829.5400,2958.9400,1513.9000,1340.7200,1381.4700,1355.5300,1217.0400
2005-12-08,2843.8100,2973.1000,1527.0900,1346.5800,1387.2400,1362.7100,1221.1200
2005-12-09,2890.9000,3017.2900,1546.2200,1364.0700,1401.4700,1381.5600,1229.2200
2005-12-12,2909.1100,3038.3700,1547.2900,1372.5900,1408.5400,1389.1500,1238.0300
2005-12-13,2945.8200,3070.5300,1545.8100,1385.5900,1418.8100,1400.3300,1244.6600
2005-12-14,2942.5100,3067.7500,1540.2400,1382.5500,1413.0500,1397.6100,1254.3300
2005-12-15,2911.3300,3036.8300,1528.3100,1369.8400,1402.0000,1384.4400,1234.3700
2005-12-16,2945.2000,3067.4400,1535.1700,1380.7500,1408.5600,1395.2400,1249.4400
2005-12-19,2981.4000,3101.9100,1541.9400,1394.1200,1418.8100,1408.6100,1262.2000
2005-12-20,2965.2000,3094.5800,1534.9800,1390.9100,1415.2900,1404.5200,1258.5300
2005-12-21,2961.7800,3092.8800,1537.3500,1390.5700,1415.9700,1404.9700,1254.4100
2005-12-22,2973.8400,3104.2400,1539.5400,1394.6500,1418.3500,1408.6200,1251.5000
2005-12-23,2941.8700,3068.5400,1527.3500,1381.2700,1408.6500,1394.4700,1244.9200
2005-12-26,2880.2800,3006.7500,1494.6200,1355.2000,1384.2500,1366.4600,1214.2500
2005-12-27,2948.1700,3071.8000,1521.7300,1381.8000,1407.1500,1393.1500,1234.6600
2005-12-28,2936.1800,3068.5100,1525.8500,1381.6300,1409.2400,1393.5300,1237.2900
2005-12-29,2961.0000,3091.6300,1543.2000,1391.5500,1419.0900,1405.1700,1244.8800
2005-12-30,2981.2600,3115.5800,1557.6000,1403.6200,1433.6100,1417.5900,1262.9700
2006-01-02,2981.6200,3121.9800,1582.2500,1412.2000,1452.0200,1428.4300,1280.6900
2006-01-03,3031.0200,3170.5000,1612.1900,1433.7600,1473.6800,1451.5300,1300.6900
2006-01-04,3056.6700,3195.9800,1619.5200,1443.6000,1480.6000,1460.4900,1316.8700
2006-01-05,3059.5300,3199.5900,1617.1600,1447.4100,1487.1700,1461.8700,1328.4800
2006-01-06,3075.1800,3214.7200,1629.4100,1456.0300,1498.3600,1469.0100,1334.2800
2006-01-09,3071.9200,3218.6500,1637.4200,1461.8100,1510.7600,1474.4600,1339.4000
2006-01-10,3030.9600,3182.7200,1625.3400,1448.6900,1502.6200,1461.2600,1326.0600
2006-01-12,3013.4800,3170.0600,1633.2600,1444.6700,1501.8600,1459.3100,1317.9000
2006-01-13,3014.1500,3170.9500,1643.7700,1446.2800,1505.4200,1461.9600,1307.2400
2006-01-16,2995.5000,3150.6500,1630.7700,1438.5600,1499.7700,1453.2400,1292.7800
2006-01-17,2987.3300,3134.8100,1616.7100,1429.0300,1485.6700,1442.9900,1266.5300
2006-01-18,2965.7800,3112.3300,1600.9500,1419.5400,1476.6800,1432.4400,1260.6700
2006-01-19,3028.7100,3176.4000,1642.1700,1447.2700,1503.9400,1463.9700,1282.5700
2006-01-20,3061.3700,3205.3200,1653.4000,1460.7500,1517.9400,1476.5400,1287.9400
2006-01-23,3047.3100,3190.9300,1657.4100,1456.4300,1517.3000,1472.8800,1278.3700
2006-01-24,3066.5500,3209.8100,1669.9300,1463.2200,1522.1100,1482.1100,1284.2300
2006-01-25,3092.8300,3230.4400,1658.6400,1470.8500,1525.9100,1485.6900,1266.0900
2006-01-27,3144.1200,3279.7700,1661.9100,1494.6800,1551.2700,1504.9800,1296.3700
2006-01-30,3131.1600,3257.8200,1637.5300,1481.5200,1532.0600,1490.1600,1276.4600
2006-01-31,3157.3700,3277.8500,1636.6800,1487.5100,1532.8100,1494.9900,1270.3000
2006-02-01,3125.5300,3246.5100,1611.6200,1472.3800,1515.6100,1478.7600,1242.8500
2006-02-02,3122.8400,3245.3900,1610.9400,1472.8900,1517.7500,1479.1000,1240.7700
2006-02-03,3099.6100,3233.5700,1607.8200,1472.8000,1524.8400,1476.6800,1240.0700
2006-02-06,3156.6300,3282.3400,1619.5200,1494.5500,1545.7000,1495.9400,1250.4500
2006-02-07,3180.9100,3303.6300,1618.8800,1505.1100,1556.1700,1501.3200,1264.5700
2006-02-08,3171.7400,3301.0100,1621.4000,1502.5700,1551.8500,1500.7200,1261.8300
2006-02-10,3194.5400,3324.0400,1635.5700,1516.2200,1570.6200,1513.1500,1278.6300
2006-02-13,3211.0700,3343.5800,1654.0200,1526.5700,1584.0600,1524.9100,1297.5000
2006-02-14,3186.9300,3322.5800,1644.4900,1517.4900,1575.6900,1516.0200,1292.8200
2006-02-15,3188.7000,3331.3000,1647.4100,1518.8200,1573.5700,1519.6300,1291.5400
2006-02-16,3188.4300,3338.1500,1652.4100,1523.4400,1580.5500,1523.6400,1313.8300
2006-02-17,3142.8800,3291.6000,1628.6700,1501.9400,1558.3200,1502.2200,1294.1900
2006-02-20,3160.6900,3298.9800,1615.8500,1498.8300,1544.3100,1498.8800,1286.1600
2006-02-21,3190.4200,3326.5200,1630.8600,1510.8000,1555.8300,1511.2500,1293.2200
2006-02-22,3203.1300,3345.8200,1625.1300,1517.3200,1558.2500,1515.8700,1299.3800
2006-02-23,3207.7000,3351.2800,1617.0400,1516.5400,1552.6000,1515.3700,1296.2200
2006-02-24,3206.1400,3357.3700,1615.8100,1522.3400,1562.4200,1518.2000,1313.8000
2006-02-27,3224.8100,3377.3700,1624.8500,1532.7400,1575.4400,1528.6200,1316.3600
2006-02-28,3232.4900,3375.1500,1622.9700,1530.3400,1571.2300,1527.7000,1291.3800
2006-03-01,3281.8000,3425.4800,1649.4900,1554.0400,1596.3800,1549.6800,1295.9600
2006-03-02,3314.6200,3455.2400,1655.6500,1568.2400,1610.7000,1560.8500,1306.3000
2006-03-03,3315.1800,3458.1200,1664.3400,1573.2600,1620.6600,1564.3100,1305.0700
2006-03-06,3357.3100,3504.8300,1687.2400,1594.8000,1642.7900,1585.3300,1323.3400
2006-03-07,3354.5700,3512.6400,1698.7100,1602.7600,1658.1000,1591.6700,1328.5700
2006-03-08,3286.3100,3446.3700,1680.1500,1575.1400,1634.2500,1565.3300,1299.6300
2006-03-09,3300.0000,3461.6300,1686.2000,1582.0300,1641.2700,1571.6300,1303.3900
2006-03-10,3354.0400,3511.2700,1707.1800,1604.1800,1660.6500,1592.7600,1317.4700
2006-03-13,3370.1400,3529.3500,1714.8700,1613.3800,1670.9700,1599.6500,1320.2100
2006-03-14,3362.2500,3518.1100,1707.6900,1607.4100,1664.0700,1594.1100,1311.3700
2006-03-16,3394.8200,3541.2800,1709.6900,1616.5400,1671.0500,1601.4500,1313.5300
2006-03-17,3400.7400,3542.2200,1698.8100,1614.1300,1663.4000,1598.6200,1304.5900
2006-03-20,3432.3500,3570.7300,1711.7400,1627.0600,1676.5500,1610.2900,1316.2600
2006-03-21,3428.2100,3566.8000,1708.3100,1626.6000,1678.2500,1608.7300,1316.3500
2006-03-22,3403.6600,3541.5800,1693.6400,1614.4000,1663.5000,1595.5400,1314.0000
2006-03-23,3410.8500,3551.2300,1696.0800,1619.6000,1669.6700,1599.4700,1325.6900
2006-03-24,3446.1900,3582.8700,1706.4300,1633.4900,1682.9600,1612.4800,1344.2200
2006-03-27,3484.0900,3621.2800,1726.5000,1651.0600,1701.0700,1629.2100,1366.4900
2006-03-28,3481.1300,3611.7200,1716.6300,1645.7600,1693.9900,1623.0800,1355.3200
2006-03-29,3510.1400,3637.6600,1738.7800,1656.1000,1703.1100,1636.3400,1348.1600
2006-03-30,3565.7500,3684.3300,1761.1300,1675.7300,1721.0300,1656.3700,1360.8500
2006-03-31,3562.9600,3696.0600,1786.6100,1689.2400,1747.5500,1668.7900,1373.5700
2006-04-03,3636.9900,3777.0300,1842.0500,1728.3700,1792.5000,1710.0400,1415.7100
2006-04-04,3654.2800,3801.0400,1856.9800,1739.9700,1805.5000,1721.8500,1435.7300
2006-04-05,3687.6200,3838.2700,1884.6600,1760.0000,1831.3600,1742.7800,1450.2900
2006-04-07,3629.2600,3781.4100,1862.1100,1735.2400,1807.9000,1720.0200,1420.6100
2006-04-10,3653.9100,3802.8200,1882.3000,1744.1600,1817.2100,1731.8100,1449.9400
2006-04-12,3558.4000,3713.9300,1858.5400,1705.0700,1780.3800,1697.1200,1426.3200
2006-04-13,3509.7600,3663.3700,1819.5700,1678.4200,1746.9200,1670.7500,1401.4900
2006-04-17,3591.4200,3738.9400,1856.4800,1710.2100,1775.7700,1704.3900,1429.6900
2006-04-18,3682.4100,3817.6300,1878.0400,1739.8400,1796.3200,1734.1000,1438.8700
2006-04-19,3697.2800,3832.6200,1887.4000,1746.1900,1802.5300,1741.7100,1434.1900
2006-04-20,3734.1100,3858.8400,1900.9500,1758.4200,1815.6500,1753.6500,1443.1700
2006-04-21,3730.6200,3854.3500,1904.1400,1759.1000,1820.5300,1754.5000,1436.2900
2006-04-24,3709.4700,3841.8400,1926.4600,1759.2400,1831.1900,1757.4200,1434.7500
2006-04-25,3625.6500,3760.0000,1913.7500,1726.0300,1804.4500,1727.5500,1409.0000
2006-04-26,3717.5100,3851.3700,1950.7100,1761.6500,1831.6800,1765.0500,1441.7700
2006-04-27,3671.5500,3817.3500,1968.5000,1754.7400,1839.3400,1759.4700,1433.0700
2006-04-28,3680.1200,3829.3000,1952.9600,1756.5300,1834.3000,1759.4800,1428.1500
2006-04-29,3739.1900,3893.5800,2005.9200,1789.4000,1875.1800,1794.8900,1456.5300
2006-05-02,3789.9400,3939.3200,2029.7000,1806.2500,1887.0600,1814.7200,1490.3700
2006-05-03,3822.5900,3969.1700,2041.0200,1815.4400,1890.0600,1826.5100,1514.9800
2006-05-04,3840.4700,3980.8400,2047.8700,1817.6600,1887.2700,1829.7400,1532.1300
2006-05-05,3856.1200,3993.5100,2056.3100,1822.3100,1889.2900,1835.4800,1549.1600
2006-05-08,3882.7000,4019.1100,2081.2200,1832.0000,1897.3700,1849.3200,1565.5000
2006-05-09,3907.8900,4038.8700,2095.1400,1838.2100,1900.2300,1858.5500,1570.1200
2006-05-10,3944.5200,4077.0500,2125.9700,1852.9400,1912.2100,1877.1300,1593.1000
2006-05-11,3893.9700,4026.4900,2116.9000,1831.5900,1894.1000,1859.5700,1568.5700
2006-05-12,3840.2100,3980.6900,2112.7700,1813.1600,1880.1000,1844.4200,1546.0000
2006-05-15,3678.5400,3822.4800,2057.2100,1743.9400,1814.8500,1779.9500,1478.2800
2006-05-16,3693.6100,3827.8600,2026.7100,1738.9700,1796.5300,1771.5100,1476.4200
2006-05-17,3808.0500,3939.6400,2103.0500,1792.4600,1856.8600,1827.8300,1535.0000
2006-05-18,3542.6200,3671.9800,1957.0000,1674.5700,1740.1100,1704.5100,1421.2800
2006-05-19,3390.9900,3517.8500,1881.4000,1606.5000,1673.0600,1635.3700,1358.1200
2006-05-22,3209.3200,3319.0000,1750.0700,1509.3400,1561.3500,1535.7200,1262.8600
2006-05-23,3338.0600,3447.4400,1819.2900,1562.3200,1607.6400,1592.2100,1331.1100
2006-05-24,3255.9200,3384.2600,1830.7300,1540.8300,1598.7700,1575.8100,1321.6000
2006-05-25,3307.9100,3413.8900,1827.4500,1542.7400,1582.9500,1581.7300,1319.9100
2006-05-26,3353.8600,3468.1300,1871.9500,1572.4800,1622.2100,1612.3100,1374.3800
2006-05-29,3369.7300,3482.2500,1891.6200,1581.2100,1636.2000,1623.3700,1387.7600
2006-05-30,3339.1700,3462.2400,1897.6000,1574.9900,1635.1100,1618.7000,1382.3300
2006-05-31,3225.6700,3352.1900,1841.1800,1528.9600,1593.7000,1570.6700,1337.9600
2006-06-01,3116.5500,3243.7800,1796.5800,1481.0300,1547.2000,1524.5600,1306.1200
2006-06-02,3237.9100,3329.5700,1765.1900,1501.7800,1536.0600,1540.7600,1313.5100
2006-06-05,3161.4600,3258.0400,1732.4000,1473.8100,1513.8100,1510.4700,1284.8000
2006-06-06,3079.5700,3165.4500,1668.8500,1426.0500,1455.5000,1461.8800,1247.4000
2006-06-07,2981.5900,3035.8200,1553.9100,1355.5700,1362.8400,1386.9700,1168.8000
2006-06-08,2823.4700,2862.8700,1423.2000,1267.9100,1257.6200,1296.0500,1078.4800
2006-06-09,2982.4300,3025.1900,1491.3600,1341.0300,1331.0700,1366.9200,1145.9000
2006-06-12,2893.0900,2941.8100,1459.5400,1309.9800,1308.8000,1334.0200,1109.0800
2006-06-13,2765.9100,2802.6800,1374.3400,1238.5400,1223.4300,1264.1000,1046.0000
2006-06-14,2729.5600,2755.4500,1325.4500,1211.3800,1186.0600,1234.7800,1033.6300
2006-06-15,2901.4300,2928.5200,1377.6300,1287.9700,1259.5600,1305.2100,1096.0600
2006-06-16,3004.1100,3039.6700,1438.2700,1340.4200,1315.9700,1357.8700,1122.8400
2006-06-19,3037.8900,3082.1300,1476.9000,1363.0800,1344.6900,1382.3600,1144.4700
2006-06-20,2985.2800,3044.1600,1500.0600,1353.0600,1346.2300,1376.4100,1143.6700
2006-06-21,3048.5700,3113.2700,1549.4500,1386.1800,1383.8600,1412.2100,1168.4300
2006-06-22,3123.8100,3190.7400,1594.5800,1418.6400,1414.3400,1448.0400,1194.8600
2006-06-23,3167.6900,3224.5300,1607.8400,1428.3600,1417.0800,1461.5300,1206.8800
2006-06-25,3177.2900,3237.7800,1629.8600,1437.3300,1431.3900,1472.3000,1217.6900
2006-06-26,3058.2000,3112.0400,1573.7900,1378.9600,1370.4600,1416.3600,1165.7000
2006-06-27,3093.2000,3131.7500,1550.3200,1381.2100,1361.9100,1417.9100,1164.7200
2006-06-28,3088.7800,3126.9000,1537.0900,1377.9000,1357.1500,1415.6200,1156.1500
2006-06-29,3108.2000,3143.1200,1544.2700,1386.0400,1366.3100,1424.6100,1153.1800
2006-06-30,3243.6300,3270.4800,1592.0000,1439.0100,1413.3300,1479.6100,1188.0300
2006-07-03,3264.9900,3289.2700,1597.0400,1445.5200,1416.9000,1485.8500,1186.2700
2006-07-04,3253.2800,3285.5600,1590.6400,1444.8400,1417.4200,1484.0300,1187.9900
2006-07-05,3311.7700,3340.1500,1600.2500,1466.1800,1434.0600,1504.2300,1205.9500
2006-07-06,3274.6700,3309.5200,1593.1000,1458.7300,1435.1800,1494.5400,1200.7400
2006-07-07,3192.0900,3236.5100,1569.8000,1430.5400,1413.1700,1465.3800,1165.1500
2006-07-10,3257.9100,3288.6000,1570.5700,1443.7800,1411.6500,1478.9300,1168.1600
2006-07-11,3234.5500,3270.7000,1575.9400,1437.0600,1407.5200,1474.6700,1168.7700
2006-07-12,3310.6100,3331.2200,1587.8600,1453.3800,1409.8000,1493.9900,1168.5400
2006-07-13,3286.3000,3311.0000,1592.2700,1447.1800,1408.1000,1489.1400,1162.5000
2006-07-14,3240.8100,3272.5000,1585.3800,1430.0200,1392.2000,1475.1900,1145.3900
2006-07-17,3123.8300,3159.2000,1552.3700,1387.3700,1359.7600,1431.6600,1115.3200
2006-07-18,3103.3300,3132.0600,1525.3300,1370.9400,1336.9500,1414.2500,1093.0700
2006-07-19,3036.8300,3058.7000,1473.9000,1336.1300,1298.2300,1376.8200,1069.1600
2006-07-20,3129.4100,3139.7000,1495.7600,1362.7700,1312.0400,1405.9700,1095.8100
2006-07-21,3050.0700,3058.3600,1459.1600,1328.7500,1280.8200,1370.6500,1073.4000
2006-07-24,3093.2400,3082.4800,1445.9300,1331.4300,1271.4700,1372.0000,1082.9500
2006-07-25,3153.8900,3148.4600,1475.4200,1360.4500,1299.9300,1401.2000,1107.6300
2006-07-26,3223.0900,3217.6400,1505.8600,1388.2300,1324.4500,1431.3700,1124.2000
2006-07-27,3268.4800,3259.7400,1550.7900,1408.0700,1344.6100,1449.1900,1127.9900
2006-07-28,3252.6300,3255.6900,1565.4900,1415.8300,1365.4500,1456.0400,1141.2000
2006-07-31,3269.3500,3277.3700,1579.4300,1427.5300,1380.3500,1467.7200,1152.5400
2006-08-01,3271.0900,3273.6600,1570.3400,1422.2500,1369.7800,1463.1100,1148.9900
2006-08-02,3308.2600,3315.9500,1587.5400,1440.2800,1387.1100,1481.6900,1166.1900
2006-08-03,3315.8200,3326.9800,1604.6700,1446.6100,1396.4000,1490.1700,1176.0700
2006-08-04,3300.5000,3310.5800,1597.3000,1440.3800,1391.6400,1483.2400,1166.8100
2006-08-07,3279.3700,3295.4400,1597.8800,1437.0200,1393.1100,1479.0500,1167.6200
2006-08-08,3341.9900,3352.5200,1616.1100,1459.3400,1411.0600,1501.1200,1186.0000
2006-08-09,3387.8100,3398.7400,1640.4900,1481.6300,1436.1600,1523.3900,1205.2100
2006-08-10,3399.9300,3422.0700,1665.7600,1500.6400,1466.1900,1539.2300,1223.4100
2006-08-11,3416.5100,3446.2400,1703.5900,1513.1300,1481.8000,1556.3500,1238.0400
2006-08-14,3459.2300,3495.2000,1741.5900,1538.3700,1512.2100,1583.6200,1261.3700
2006-08-16,3506.3900,3544.6000,1770.5600,1558.7100,1530.4700,1605.5800,1302.1500
2006-08-17,3502.3300,3534.5000,1749.1600,1550.3100,1516.9200,1595.8200,1284.1900
2006-08-18,3505.7500,3544.0400,1763.4900,1557.5300,1528.1100,1603.3700,1293.3100
2006-08-21,3522.2500,3560.0800,1777.0700,1566.2100,1538.8900,1612.6500,1312.3700
2006-08-22,3521.9300,3554.9100,1779.3100,1564.5600,1538.0900,1611.3700,1303.9200
2006-08-23,3486.9500,3522.6900,1760.7600,1548.9400,1521.1400,1595.7000,1291.2200
2006-08-24,3521.6200,3555.5500,1761.6100,1560.0300,1526.8400,1605.8500,1297.9100
2006-08-25,3542.0500,3578.1500,1777.9300,1572.0400,1541.9700,1618.0300,1308.9400
2006-08-28,3559.0700,3595.0000,1784.0500,1579.9600,1550.1700,1625.3300,1324.8900
2006-08-29,3583.6200,3620.1100,1786.7400,1586.1400,1549.8400,1632.6800,1324.8800
2006-08-30,3587.7900,3620.3700,1776.5100,1586.1400,1548.6000,1630.4600,1329.8600
2006-08-31,3568.1700,3597.3800,1755.7600,1575.1600,1535.7300,1617.1700,1313.1500
2006-09-01,3593.5700,3623.7300,1765.3100,1590.1100,1554.4200,1629.0500,1327.7600
2006-09-04,3638.5600,3672.0300,1786.1100,1614.3200,1582.2000,1651.0800,1355.2400
2006-09-05,3641.0000,3679.6600,1794.3000,1619.7800,1589.5700,1655.6700,1362.2700
2006-09-06,3653.6600,3697.8600,1815.6600,1626.4700,1595.5600,1665.7100,1375.6700
2006-09-07,3631.5600,3678.8900,1812.9000,1621.3900,1595.4900,1660.2600,1366.2500
2006-09-08,3649.5100,3702.1300,1826.9700,1636.1900,1616.4900,1673.6100,1382.2900
2006-09-11,3534.6300,3587.2700,1776.4500,1582.5200,1560.2600,1622.6500,1337.2600
2006-09-12,3563.2400,3620.2100,1784.9300,1596.5300,1573.9400,1636.6600,1352.4500
2006-09-13,3633.2800,3694.3400,1817.7500,1625.1600,1596.3400,1666.9300,1385.2300
2006-09-14,3653.0400,3715.9600,1825.2400,1633.5300,1603.7100,1676.9200,1397.8600
2006-09-15,3659.6600,3721.3000,1829.0500,1635.9400,1606.5900,1680.3000,1395.0500
2006-09-18,3674.2800,3737.8800,1841.2700,1643.1500,1614.0000,1689.9600,1403.8800
2006-09-19,3635.7800,3696.0600,1824.4500,1624.0900,1594.0800,1671.5400,1383.6100
2006-09-20,3679.7100,3736.2600,1824.4400,1637.8200,1601.4400,1684.3600,1391.0300
2006-09-21,3731.2800,3781.2200,1839.6300,1655.6300,1616.0700,1701.3400,1403.4800
2006-09-22,3722.5700,3768.1300,1830.9500,1648.7900,1607.5800,1694.3200,1394.5800
2006-09-25,3700.1500,3749.3400,1831.3100,1641.9200,1602.8800,1688.0000,1397.5400
2006-09-26,3747.3300,3789.1500,1836.4200,1655.5800,1610.7400,1700.8100,1406.0900
2006-09-27,3761.2900,3805.3500,1842.2500,1664.5500,1621.5100,1708.3500,1419.4600
2006-09-28,3762.8100,3808.0600,1850.6500,1669.2700,1630.9900,1713.0200,1433.7800
2006-09-29,3778.8200,3837.2800,1867.4500,1687.3800,1656.7300,1729.3800,1438.9500
2006-10-03,3761.5000,3833.1000,1878.2400,1688.3100,1661.6000,1730.7900,1443.6500
2006-10-04,3709.3200,3786.6200,1866.5800,1672.6700,1653.2600,1714.1000,1437.2100
2006-10-05,3763.1900,3843.8300,1896.5500,1700.9800,1685.5900,1742.2500,1468.1700
2006-10-06,3769.2100,3855.7800,1910.9300,1709.4200,1698.2500,1750.5700,1492.3600
2006-10-09,3769.1600,3857.2000,1931.2100,1713.1600,1707.2600,1756.6100,1487.7800
2006-10-10,3772.2000,3862.0800,1936.1600,1711.7100,1701.3400,1758.3800,1485.4200
2006-10-11,3753.3600,3836.2100,1916.0800,1696.6000,1681.0400,1743.6900,1461.3100
2006-10-12,3817.5900,3894.2500,1928.3500,1717.8800,1695.6300,1764.5900,1491.1300
2006-10-13,3869.9900,3935.7300,1938.8600,1729.8400,1698.5900,1778.5300,1487.3900
2006-10-16,3915.0400,3968.3100,1936.3800,1738.3600,1698.5800,1788.4700,1483.5200
2006-10-17,3905.2100,3952.3800,1925.7500,1731.0200,1690.4300,1779.5100,1473.5400
2006-10-18,3901.6300,3950.0700,1936.1200,1731.5400,1693.8500,1781.9500,1476.8300
2006-10-19,3864.5000,3918.7400,1934.8200,1720.1000,1685.9000,1770.8100,1469.4600
2006-10-20,3865.1700,3926.3400,1944.2700,1727.5500,1698.8700,1775.9700,1469.0500
2006-10-21,3874.6200,3942.8500,1969.2600,1737.3400,1712.7700,1787.7400,1478.3800
2006-10-23,3846.2100,3915.1900,1956.3600,1726.1100,1702.9600,1776.1400,1474.4500
2006-10-26,3871.0800,3936.2900,1964.8000,1735.7900,1713.7600,1786.0500,1478.5500
2006-10-27,3934.8300,3996.4900,1970.4500,1758.8700,1731.0400,1807.0100,1499.9300
2006-10-30,3967.0300,4021.3500,1966.6100,1768.7400,1738.5400,1814.2800,1495.0500
2006-10-31,3946.7200,4000.7300,1950.3700,1759.7800,1729.9100,1804.2300,1482.9900
2006-11-01,3967.2000,4021.1600,1966.4500,1768.7800,1739.5100,1815.1400,1492.7400
2006-11-02,3992.8800,4047.2500,1971.0500,1777.1800,1743.5600,1823.6300,1491.4500
2006-11-03,4007.6600,4061.5900,1975.3800,1782.1600,1746.0600,1829.9900,1484.3700
2006-11-06,4014.7500,4076.6700,1992.3100,1794.1000,1765.5100,1840.5900,1483.9800
2006-11-07,4005.2900,4068.9700,1993.1400,1795.0400,1772.6100,1839.0800,1472.3000
2006-11-08,3982.2000,4036.0200,1968.0400,1777.5600,1750.8100,1821.0200,1454.8600
2006-11-09,4000.0300,4055.2000,1986.3200,1788.5600,1765.6100,1832.7000,1457.3900
2006-11-10,4040.1300,4094.4000,2000.4700,1802.7800,1775.0200,1846.5900,1462.2700
2006-11-13,4065.6600,4131.2900,2013.4800,1821.1800,1795.7200,1863.1100,1461.9400
2006-11-14,4071.9100,4133.1800,1995.1700,1816.6600,1783.6400,1858.7300,1460.2600
2006-11-15,4087.1000,4144.5900,1994.2900,1816.6100,1776.2700,1859.8800,1471.3100
2006-11-16,4090.4600,4146.1500,1987.3100,1816.8000,1774.8200,1858.1400,1461.0200
2006-11-17,4055.6900,4112.4700,1954.6200,1796.6300,1746.9600,1836.2000,1453.1400
2006-11-20,4051.6700,4100.5300,1935.9900,1785.9400,1728.7000,1825.1700,1430.8600
2006-11-21,4118.3900,4169.0800,1965.8900,1815.9200,1758.3000,1855.3400,1455.5500
2006-11-22,4154.9500,4206.2100,1976.4600,1833.0200,1775.9600,1870.5800,1452.4100
2006-11-23,4147.2900,4211.1000,1977.6400,1837.3200,1783.3800,1874.3900,1467.5900
2006-11-24,4154.8500,4228.6400,1987.4300,1846.4400,1794.1200,1883.2000,1471.9600
2006-11-27,4173.7000,4249.9000,1994.9800,1857.2300,1806.1700,1892.4800,1467.7000
2006-11-28,4124.1500,4198.0500,1979.0200,1839.1900,1794.7400,1873.6800,1445.2300
2006-11-29,4129.9100,4207.6600,2003.4600,1850.0100,1815.4800,1885.3200,1449.5000
2006-11-30,4149.3000,4215.1300,2005.8900,1847.8600,1806.8400,1885.1500,1427.8500
2006-12-01,4201.4600,4264.5400,2027.1700,1868.5600,1825.7200,1906.0500,1444.8000
2006-12-04,4210.1700,4281.2300,2039.4600,1877.5900,1837.8000,1916.7600,1453.4400
2006-12-05,4222.5100,4290.8700,2043.0100,1881.4800,1841.2300,1920.6300,1458.9600
2006-12-06,4218.8700,4274.3900,2020.7600,1870.4600,1824.7200,1909.1500,1443.8000
2006-12-07,4219.2500,4279.7900,2022.1100,1871.8900,1824.5300,1910.5800,1444.9200
2006-12-08,4170.4500,4235.3500,2009.4500,1856.7200,1815.5400,1894.6100,1435.2200
2006-12-11,4046.5500,4106.3800,1962.1100,1804.2000,1770.0100,1841.8700,1382.9900
2006-12-12,3899.1300,3947.7400,1891.7100,1733.4000,1698.3400,1770.2600,1321.7600
2006-12-13,3957.3200,4020.9300,1920.6000,1768.1300,1735.8500,1802.6700,1347.2400
2006-12-14,4041.8800,4115.9100,1975.3600,1809.5900,1777.2600,1847.0500,1379.3100
2006-12-15,4092.2000,4158.1300,1992.7300,1827.8100,1794.4900,1864.9900,1399.0400
2006-12-18,4126.0200,4180.3600,1993.7000,1834.0200,1792.8000,1871.9800,1400.1400
2006-12-19,4029.2500,4087.0600,1978.2300,1798.9500,1767.6400,1839.2600,1378.5900
2006-12-20,4010.7200,4067.7600,1979.6700,1790.6500,1760.2500,1832.9800,1378.7300
2006-12-21,4026.7500,4082.9300,1990.1900,1800.3100,1774.0800,1840.9300,1381.4900
2006-12-22,4064.2000,4124.2100,2014.1900,1816.6000,1788.3400,1860.0400,1403.1000
2006-12-26,4139.0800,4192.7700,2031.6800,1842.7400,1807.7800,1885.1600,1411.7500
2006-12-27,4182.5200,4234.6400,2044.7100,1859.3500,1822.2400,1902.8000,1433.1800
2006-12-28,4180.2300,4233.8100,2053.5100,1859.6400,1824.3400,1904.3700,1432.2300
2006-12-29,4181.0500,4242.1800,2069.3000,1869.2800,1842.1000,1912.6400,1440.9800
2007-01-02,4223.4200,4278.3800,2100.0000,1890.3200,1865.5500,1934.9300,1454.7300
2007-01-03,4241.9900,4303.6100,2125.7800,1904.7500,1885.3200,1951.1600,1481.3000
2007-01-04,4208.1700,4284.5700,2140.6100,1901.5400,1890.5900,1949.7200,1485.2100
2007-01-05,4201.0400,4281.2300,2152.2900,1900.3100,1890.5200,1951.9900,1491.8800
2007-01-08,4148.0000,4231.8000,2159.7700,1882.7700,1880.4600,1939.0100,1491.9000
2007-01-09,4120.0700,4202.4500,2147.8500,1871.9000,1872.1100,1926.4500,1479.9200
2007-01-10,4061.5900,4138.7200,2129.6200,1847.2900,1852.1400,1901.0900,1459.4800
2007-01-11,4154.9400,4228.5600,2162.3200,1880.9100,1876.2300,1935.1800,1491.5500
2007-01-12,4268.5900,4328.7300,2188.3800,1918.4700,1902.4800,1971.9900,1528.6000
2007-01-15,4296.9700,4358.7600,2220.4300,1933.0000,1918.6600,1987.8800,1536.5800
2007-01-16,4301.8200,4360.0600,2230.1500,1936.9900,1926.6400,1991.7200,1535.3800
2007-01-17,4302.9100,4373.2600,2249.0100,1943.7000,1934.7000,2000.4200,1554.0300
2007-01-18,4332.3200,4397.4000,2254.4600,1948.0700,1929.2200,2006.3500,1561.0800
2007-01-19,4313.9800,4374.9200,2244.6100,1938.7200,1920.6900,1994.7100,1555.9500
2007-01-22,4325.1300,4385.9500,2252.6000,1938.8200,1916.1000,2001.0100,1549.7700
2007-01-23,4281.1200,4337.8700,2226.9600,1916.9600,1894.4500,1979.7900,1530.6200
2007-01-24,4308.8700,4364.0700,2233.2400,1927.8100,1904.7400,1991.0600,1546.9100
2007-01-25,4367.4800,4419.3200,2244.0400,1953.2000,1929.3600,2012.5300,1568.1700
2007-01-29,4345.0400,4410.1700,2243.2500,1951.8200,1932.6900,2011.4500,1570.8600
2007-01-31,4301.3800,4369.8400,2221.0900,1933.8600,1914.8800,1992.3600,1559.5100
2007-02-01,4356.7200,4420.9400,2228.5100,1952.2000,1926.7400,2011.0000,1576.7200
2007-02-02,4404.4500,4462.4600,2240.3300,1967.5400,1938.1000,2028.0300,1573.7900
2007-02-05,4437.9600,4486.3000,2269.2700,1976.0600,1943.8400,2041.1800,1576.9600
2007-02-06,4422.6400,4478.2400,2274.4100,1978.4200,1954.7500,2040.7400,1571.6700
2007-02-07,4451.2400,4504.1500,2283.6200,1986.1000,1956.8000,2048.4700,1569.1400
2007-02-08,4450.3300,4502.2900,2276.5200,1984.7600,1954.3700,2045.4600,1574.9500
2007-02-09,4404.1800,4451.5600,2237.6600,1954.8900,1913.7100,2016.8500,1542.5600
2007-02-12,4263.9700,4303.4500,2143.3700,1887.0900,1838.8400,1946.2500,1477.8300
2007-02-13,4248.0100,4286.0300,2139.7300,1878.6400,1829.4500,1937.5100,1476.4600
2007-02-14,4253.5300,4284.0300,2147.9400,1882.2000,1837.7700,1938.3400,1474.8500
2007-02-15,4362.5300,4388.4000,2207.8000,1930.2700,1889.0000,1988.2700,1508.8000
2007-02-19,4377.9200,4402.8600,2213.7800,1931.5300,1883.8800,1994.0300,1512.4300
2007-02-20,4319.2100,4349.6100,2190.0000,1908.7200,1861.4000,1969.6800,1495.3400
2007-02-21,4306.6200,4339.1400,2192.1900,1907.9200,1866.0400,1967.7500,1492.4400
2007-02-22,4246.7700,4284.1700,2174.3600,1884.4200,1844.0600,1943.9000,1472.4500
2007-02-23,4142.1100,4180.1100,2109.7600,1841.1400,1803.8500,1895.5800,1447.0200
2007-02-26,4149.9600,4183.9800,2116.7800,1848.6000,1817.7500,1900.1700,1459.6100
2007-02-27,4107.5500,4156.9600,2122.7600,1843.9400,1823.3900,1893.8100,1465.4400
2007-02-28,3953.2900,4007.3400,2059.0800,1777.7200,1757.8200,1828.8100,1420.9100
2007-03-01,4016.0800,4058.6000,2063.1000,1792.6700,1761.7100,1843.1200,1427.0900
2007-03-02,3930.7200,3986.0700,2044.5800,1767.7600,1747.5200,1817.2500,1407.4400
2007-03-05,3770.9000,3814.0500,1937.7200,1686.8900,1658.2000,1732.6100,1325.1000
2007-03-06,3847.8100,3872.2100,1941.4900,1705.8500,1666.3100,1752.3200,1337.8700
2007-03-07,3810.1300,3827.8000,1898.8800,1679.4900,1630.8600,1725.7500,1307.0300
2007-03-08,3956.0000,3962.1000,1942.6500,1734.7900,1678.7800,1780.2400,1364.3500
2007-03-09,3912.6800,3930.9600,1941.9000,1725.0200,1675.0700,1770.5200,1363.3700
2007-03-12,3931.9800,3954.3700,1958.6000,1736.5600,1688.0700,1782.3300,1370.8400
2007-03-13,3969.3200,4001.4400,1990.9600,1755.1600,1706.5100,1805.3900,1387.6500
2007-03-14,3838.4800,3882.6700,1952.1700,1709.0700,1670.0000,1758.7900,1351.6500
2007-03-15,3842.2800,3895.4500,1965.1500,1717.2300,1681.7100,1766.9100,1357.7500
2007-03-16,3807.1800,3862.4500,1945.1500,1703.4000,1669.0300,1751.9100,1350.9700
2007-03-19,3880.7800,3925.9400,1960.8600,1727.1900,1685.7000,1775.1200,1365.6700
2007-03-20,3905.0000,3952.9300,1971.4100,1740.5900,1700.4500,1787.1800,1383.5600
2007-03-21,3975.1500,4006.9000,1980.0200,1757.8300,1706.2400,1803.7800,1397.0000
2007-03-22,4090.0800,4100.8800,1997.7600,1791.6800,1726.8400,1837.6800,1423.7500
2007-03-23,4084.2900,4093.8500,1998.7800,1793.3400,1733.4200,1836.3500,1414.6100
2007-03-26,4044.7700,4060.3000,1993.5200,1780.6300,1724.6200,1823.8600,1410.7300
2007-03-28,3984.7700,4001.2500,1966.2100,1755.9900,1701.7900,1798.5100,1392.0000
2007-03-29,4015.8100,4028.0100,1976.0200,1765.1000,1706.6400,1808.3500,1397.7500
2007-03-30,4045.5400,4065.6300,1998.3100,1783.5100,1728.9900,1827.6300,1415.1000
2007-04-02,3850.1200,3889.0700,1941.4100,1713.6800,1673.1900,1758.2100,1365.1800
2007-04-03,3903.3500,3938.4400,1950.0300,1730.8700,1682.8500,1774.3200,1377.4400
2007-04-04,3946.6100,3985.3100,1969.1300,1747.2200,1693.7000,1793.3500,1385.5800
2007-04-05,3970.5000,4008.8800,1988.5100,1758.1000,1706.3600,1805.2300,1407.4000
2007-04-09,4070.1800,4101.6500,2028.3800,1794.0900,1735.1100,1841.9800,1440.8600
2007-04-10,4077.1200,4116.0700,2058.7300,1801.8500,1746.3300,1851.8800,1456.6400
2007-04-11,4088.2700,4131.2600,2078.8300,1812.4100,1762.5700,1863.6600,1457.7700
2007-04-12,4058.1500,4102.6300,2077.5000,1803.3300,1757.9500,1853.1700,1448.1900
2007-04-13,4152.5400,4180.9800,2104.6000,1833.7700,1780.6100,1882.5900,1466.7100
2007-04-16,4251.3500,4270.1200,2138.6400,1869.7000,1810.1100,1919.0400,1498.1800
2007-04-17,4223.4800,4242.9000,2122.6200,1858.3600,1798.9100,1908.0400,1508.0100
2007-04-18,4251.9500,4272.9800,2136.1700,1868.3300,1804.9700,1920.4600,1511.9500
2007-04-19,4240.8000,4260.3200,2134.4600,1865.6700,1805.0900,1916.6700,1508.7200
2007-04-20,4325.4500,4336.6400,2155.2900,1891.6200,1820.2200,1944.1900,1518.0200
2007-04-23,4322.3500,4335.5900,2153.0700,1894.3000,1824.3300,1945.0700,1511.7800
2007-04-24,4383.8600,4389.9800,2159.1800,1916.9900,1842.6700,1964.2100,1536.2500
2007-04-25,4411.3000,4418.1800,2179.5700,1934.1700,1864.3600,1979.7900,1567.8500
2007-04-26,4420.4900,4425.8300,2166.4100,1934.0600,1859.2800,1979.6100,1573.2200
2007-04-27,4328.8600,4349.6600,2138.8500,1908.6800,1845.0100,1951.4700,1565.5000
2007-04-30,4342.0900,4369.8800,2159.7500,1921.0000,1862.7800,1963.6300,1569.2900
2007-05-03,4410.4300,4434.7900,2176.9900,1946.4300,1885.1900,1990.0400,1609.3500
2007-05-04,4378.3400,4410.4100,2170.5500,1938.7700,1882.6700,1982.2700,1610.6800
2007-05-07,4369.8300,4398.8600,2168.8300,1931.4700,1872.9000,1977.4100,1604.2500
2007-05-08,4330.8400,4359.3000,2151.6400,1911.0200,1848.6800,1958.4200,1579.4900
2007-05-09,4337.2400,4369.6000,2152.5300,1915.9900,1853.3400,1961.4100,1598.0400
2007-05-10,4325.5400,4357.4400,2155.8400,1916.1200,1861.1300,1959.4500,1599.3300
2007-05-11,4338.0100,4369.2800,2170.8800,1922.9900,1867.8500,1966.1400,1605.0100
2007-05-14,4401.1800,4428.3900,2204.2600,1950.2400,1894.2100,1993.4300,1639.9900
2007-05-15,4390.1900,4425.6100,2214.9300,1952.5100,1901.0900,1995.7200,1660.8800
2007-05-16,4440.4300,4482.7700,2240.6500,1978.8400,1927.3800,2021.2700,1678.0300
2007-05-17,4493.7700,4536.7800,2253.9300,2000.3500,1942.8500,2040.1700,1696.3000
2007-05-18,4489.5600,4531.6700,2255.9700,1998.7900,1943.1200,2040.3400,1684.9800
2007-05-21,4540.7400,4575.1300,2273.3200,2018.2500,1961.3400,2059.2300,1722.2900
2007-05-22,4563.0000,4592.0200,2269.4600,2026.2200,1969.5600,2063.9200,1726.0400
2007-05-23,4524.9900,4558.1300,2257.4700,2011.8900,1956.1400,2049.0800,1707.3500
2007-05-24,4482.4000,4529.6100,2253.4300,2000.8400,1947.4800,2038.3700,1683.9600
2007-05-25,4524.9400,4563.6600,2266.8300,2014.5700,1956.9900,2051.9500,1687.5500
2007-05-28,4537.0400,4586.4400,2291.7600,2027.4000,1973.1600,2065.9000,1705.5200
2007-05-29,4576.6300,4620.0000,2315.4600,2041.5800,1985.8200,2080.5300,1708.0100
2007-05-30,4528.2800,4571.0700,2293.8200,2020.3000,1966.7800,2059.4200,1690.2900
2007-05-31,4572.8600,4609.8300,2312.6000,2032.2300,1971.9100,2075.7600,1691.3400
2007-06-01,4583.5800,4625.4900,2331.7700,2044.1700,1990.5000,2087.3500,1713.6800
2007-06-04,4550.9800,4602.2800,2323.0200,2032.8500,1980.1900,2078.3900,1706.3700
2007-06-05,4578.1100,4620.7100,2329.5000,2042.2900,1988.7800,2084.9700,1710.4500
2007-06-06,4487.1000,4532.3500,2303.7100,2006.5500,1960.2900,2050.8200,1665.4800
2007-06-07,4467.4100,4513.9500,2307.8900,1999.5100,1955.5200,2045.1400,1660.5300
2007-06-08,4433.4200,4475.4200,2294.9900,1984.9300,1945.1500,2031.6300,1638.7500
2007-06-11,4431.2100,4476.5700,2286.0800,1982.4100,1939.4800,2030.3200,1637.3300
2007-06-12,4438.0900,4471.8400,2267.5400,1975.8500,1926.8800,2023.1300,1624.1200
2007-06-13,4398.5600,4441.0800,2264.8500,1965.0600,1921.1400,2013.9200,1615.8800
2007-06-14,4465.8800,4511.8700,2296.4900,1996.4600,1951.7300,2045.4100,1641.6600
2007-06-15,4473.5500,4517.7300,2309.5200,1999.9600,1957.9300,2050.2900,1647.2800
2007-06-18,4451.1100,4494.0800,2300.5500,1993.4800,1957.5700,2040.8900,1629.1900
2007-06-19,4524.4800,4560.8100,2319.9900,2021.7000,1980.9100,2066.3400,1654.4400
2007-06-20,4567.5000,4606.6500,2346.4100,2045.0500,2009.2100,2087.0900,1679.6500
2007-06-21,4587.3700,4633.5800,2360.7200,2057.0900,2022.8300,2100.4600,1696.1100
2007-06-22,4574.8000,4627.7700,2366.3400,2054.9700,2021.4300,2099.8500,1685.1600
2007-06-25,4585.8200,4631.5900,2371.0500,2058.3200,2025.4500,2102.8700,1690.1100
2007-06-26,4613.5700,4657.5000,2391.0200,2072.2400,2040.7800,2117.0600,1681.5800
2007-06-27,4592.1400,4633.9200,2395.9300,2068.0600,2043.9400,2111.9000,1676.0500
2007-06-28,4610.9800,4648.3600,2404.8100,2076.1400,2053.3100,2120.0100,1677.0000
2007-06-29,4659.1400,4700.2100,2424.3500,2100.5700,2079.0900,2142.8700,1716.2800
2007-07-02,4658.9700,4707.8000,2445.8000,2107.9900,2091.9200,2152.1900,1719.2400
2007-07-03,4704.8100,4753.2500,2466.7500,2128.8600,2113.1000,2171.9300,1728.9000
2007-07-04,4700.8800,4756.7600,2460.4700,2131.2100,2117.0900,2174.3500,1731.7900
2007-07-05,4692.3000,4735.2400,2437.5300,2119.7400,2102.1800,2160.5300,1719.3600
2007-07-06,4723.1200,4761.7500,2452.7900,2128.1800,2105.9000,2172.4600,1721.5500
2007-07-09,4763.9200,4802.1300,2477.3500,2146.3600,2124.6500,2192.3300,1749.0600
2007-07-10,4751.6500,4789.1900,2480.6700,2140.4100,2119.1100,2188.4700,1751.8700
2007-07-11,4739.9200,4786.4300,2497.3500,2144.0600,2130.6500,2192.4600,1764.7800
2007-07-12,4807.7400,4856.2500,2525.7300,2175.5600,2161.2800,2223.0400,1791.8400
2007-07-13,4862.7500,4903.6800,2524.5800,2188.7900,2164.8500,2237.4000,1801.9700
2007-07-16,4876.2800,4919.4800,2542.1800,2197.2800,2177.1600,2248.9700,1843.3000
2007-07-17,4857.5100,4899.4700,2518.2000,2185.9600,2162.8700,2238.4000,1828.3900
2007-07-18,4857.1800,4898.0900,2507.8600,2184.5300,2159.5400,2234.4900,1820.0400
2007-07-19,4917.0400,4952.3100,2530.9700,2206.1300,2175.5200,2256.3300,1835.4100
2007-07-20,4917.8100,4956.3200,2529.1500,2209.8600,2181.9500,2255.7900,1824.1300
2007-07-23,4975.7700,5009.3000,2528.2900,2225.2800,2184.2100,2271.7200,1827.5600
2007-07-24,4972.3100,5004.4400,2506.9100,2219.8600,2173.0000,2263.6000,1827.7500
2007-07-25,4935.7200,4968.7600,2491.6200,2201.9300,2151.7900,2245.0600,1813.9600
2007-07-26,4967.2700,4995.1200,2512.6400,2209.7300,2154.2700,2255.5800,1829.0800
2007-07-27,4782.5200,4817.2300,2449.4800,2138.1500,2095.1600,2185.0400,1769.8600
2007-07-30,4776.7600,4815.7900,2450.0600,2142.6200,2106.3100,2185.9200,1767.2100
2007-07-31,4869.6200,4911.2000,2490.6300,2180.5700,2138.2500,2224.0900,1794.8300
2007-08-01,4667.7000,4710.2000,2398.4600,2094.4800,2058.5200,2138.1500,1707.2200
2007-08-02,4682.1400,4728.6400,2414.5000,2106.8000,2074.8800,2147.0600,1715.6400
2007-08-03,4739.0700,4788.2800,2447.6400,2134.8600,2103.9300,2173.4100,1733.6000
2007-08-06,4673.9000,4725.4600,2425.2900,2109.5700,2083.0400,2147.0700,1717.5200
2007-08-07,4698.0800,4753.0900,2444.4900,2120.4400,2091.9700,2159.3200,1739.8600
2007-08-08,4811.5400,4856.7100,2478.8000,2159.8800,2120.4900,2200.6000,1777.6400
2007-08-09,4739.4700,4784.9200,2442.4600,2127.9500,2089.9000,2168.0600,1743.3200
2007-08-10,4668.0100,4713.0200,2429.5000,2101.9100,2071.3800,2139.8700,1716.9600
2007-08-13,4710.5300,4753.6100,2457.0200,2120.1200,2089.2400,2159.2600,1737.2800
2007-08-14,4704.2000,4755.1300,2460.1400,2120.7600,2089.1300,2159.7600,1741.4300
2007-08-16,4493.8400,4554.6400,2387.8900,2039.3300,2020.7000,2077.7600,1665.6700
2007-08-17,4421.3900,4479.0300,2358.6700,2008.8800,1994.4000,2045.1500,1635.4500
2007-08-20,4527.8100,4573.2900,2396.7400,2046.5700,2023.8600,2082.7500,1684.6900
2007-08-21,4380.6900,4424.2400,2317.9100,1978.2900,1954.4400,2014.6200,1616.8500
2007-08-22,4455.9700,4483.7400,2322.4400,1997.3100,1962.3700,2032.1600,1627.0800
2007-08-23,4416.4300,4445.9700,2295.2000,1979.4400,1944.0400,2015.1400,1597.2700
2007-08-24,4494.7300,4520.8600,2330.4800,2012.6900,1975.3100,2046.8200,1627.9000
2007-08-27,4620.1300,4646.7800,2385.0600,2069.2000,2030.4600,2100.8300,1678.0100
2007-08-28,4648.2700,4677.7700,2402.9300,2084.8900,2048.6500,2115.4600,1687.3800
2007-08-29,4688.2200,4711.4900,2420.5600,2100.5500,2064.6100,2129.6400,1700.5600
2007-08-30,4736.2800,4753.2100,2435.7900,2114.7600,2073.0800,2147.1800,1713.6000
2007-08-31,4799.3200,4824.4900,2489.4500,2147.2500,2106.2800,2181.6200,1762.8700
2007-09-03,4821.6900,4869.6000,2537.7000,2171.3200,2134.4900,2208.5200,1789.8800
2007-09-04,4830.7300,4881.5200,2558.9400,2179.2700,2146.7000,2219.3200,1810.6100
2007-09-05,4825.4000,4881.7000,2562.4000,2181.7400,2151.6000,2219.8800,1815.9300
2007-09-06,4873.2800,4927.1300,2588.9800,2201.5700,2170.9400,2240.9600,1843.5400
2007-09-07,4856.7100,4918.0800,2590.4700,2200.0200,2173.4900,2238.3500,1845.4300
2007-09-10,4865.0700,4930.5800,2609.7000,2203.7500,2173.2700,2245.8800,1855.9500
2007-09-11,4852.8600,4930.6000,2606.6700,2204.6500,2174.4900,2244.9000,1859.2200
2007-09-12,4858.8000,4932.8700,2620.7900,2206.7600,2178.2400,2248.7900,1867.6400
2007-09-13,4899.2400,4976.1400,2646.0400,2225.0100,2195.0000,2269.3700,1885.1600
2007-09-14,4878.9200,4948.0900,2639.9900,2209.6700,2176.4900,2255.8600,1857.9600
2007-09-17,4859.6000,4938.2600,2652.9000,2211.4900,2188.0200,2257.5500,1855.2000
2007-09-18,4916.2800,4992.3600,2683.6900,2240.3100,2221.5500,2283.6800,1884.9000
2007-09-19,5104.4900,5160.2900,2727.6300,2303.5000,2266.1700,2346.5100,1926.8900
2007-09-20,5120.8300,5192.0100,2730.1300,2317.7700,2279.6700,2357.2500,1933.3000
2007-09-21,5208.9400,5255.4000,2741.0700,2344.7300,2297.3200,2378.9000,1958.1600
2007-09-24,5314.8800,5343.9300,2760.8500,2385.3500,2331.7500,2410.8700,1987.3800
2007-09-25,5319.5000,5352.4700,2765.4600,2389.0200,2336.6200,2414.0200,2004.4900
2007-09-26,5325.5000,5367.3200,2797.4100,2396.1900,2348.6400,2426.6100,2061.6500
2007-09-27,5378.0600,5403.4800,2805.7300,2403.1600,2344.7800,2435.4200,2036.9900
2007-09-28,5414.0500,5453.4800,2834.8100,2438.6000,2395.4800,2460.8600,2079.5500
2007-10-01,5473.3200,5517.6200,2870.4900,2468.4700,2425.5400,2490.7700,2115.8800
2007-10-03,5611.4500,5634.4100,2871.0600,2503.6900,2434.4300,2520.1100,2118.4700
2007-10-04,5603.3100,5644.5000,2895.6200,2510.5700,2445.7600,2527.5600,2132.6500
2007-10-05,5562.8000,5600.8800,2873.2300,2490.1400,2424.1000,2507.7700,2089.2600
2007-10-08,5441.7300,5462.2200,2767.8500,2415.3800,2334.4600,2435.4500,1982.1600
2007-10-09,5696.9200,5689.3600,2839.6900,2506.1300,2405.4700,2521.5600,2038.8900
2007-10-10,5820.9600,5799.8300,2876.6800,2549.2000,2435.8700,2563.1200,2050.8500
2007-10-11,5911.7600,5890.0300,2908.6200,2589.2800,2473.4900,2598.8800,2061.3400
2007-10-12,5807.3700,5795.7700,2900.7000,2552.1500,2444.8900,2565.3700,2040.2900
2007-10-15,6050.0600,6016.6500,2984.3800,2637.7100,2507.8300,2647.9300,2107.0400
2007-10-16,6051.0500,6033.5800,2994.1400,2655.1200,2533.7600,2657.9800,2123.0700
2007-10-17,5921.8900,5900.3200,2941.8300,2593.4300,2471.7200,2601.3000,2047.9700
2007-10-18,5699.1300,5693.9300,2885.5100,2518.4900,2419.3600,2527.0700,2005.8600
2007-10-19,5541.3400,5534.5700,2824.7600,2445.1700,2348.7000,2460.8300,1942.9700
2007-10-22,5516.5100,5519.1900,2835.4700,2445.0100,2358.9600,2461.5200,1954.8200
2007-10-23,5833.9900,5815.4800,2922.0800,2567.0800,2459.6000,2574.0100,2060.3200
2007-10-24,5861.7900,5852.2700,2951.2200,2594.7700,2498.4000,2595.9100,2110.1300
2007-10-25,5934.1000,5920.0800,2999.5400,2620.7600,2518.9600,2624.9000,2124.0100
2007-10-26,6083.1700,6056.4000,3061.3100,2687.0900,2587.7200,2684.2400,2164.8500
2007-10-29,6282.0100,6229.4800,3123.8500,2759.0000,2646.1700,2752.6200,2181.5500
2007-10-30,6261.9800,6213.9000,3101.7000,2752.3700,2636.9600,2742.8900,2200.2400
2007-10-31,6296.0500,6260.7200,3146.7100,2772.2100,2651.9600,2769.6700,2221.3800
2007-11-01,6251.0600,6197.0200,3107.8400,2735.7600,2599.2000,2734.7200,2186.4100
2007-11-02,6322.3000,6265.6400,3131.4200,2763.6400,2620.9300,2761.9400,2233.2600
2007-11-05,6243.3600,6219.9600,3154.1800,2769.7400,2662.3300,2761.8600,2250.7300
2007-11-06,6176.6300,6193.1400,3145.9700,2746.3300,2641.8700,2748.3900,2240.3600
2007-11-07,6171.3000,6184.6100,3120.5100,2738.4800,2628.5700,2737.6500,2244.4600
2007-11-08,6095.7500,6109.1900,3110.3000,2709.3800,2606.3100,2710.6600,2234.6400
2007-11-09,6059.4600,6088.7400,3156.4300,2710.4900,2623.3800,2718.5500,2246.0400
2007-11-12,6007.9200,6044.0100,3145.8900,2685.3400,2593.6600,2698.9400,2241.4400
2007-11-13,6099.8800,6145.3200,3197.9700,2740.1400,2661.1700,2748.8000,2309.5200
2007-11-14,6347.7800,6386.7400,3265.9000,2837.3100,2741.8400,2840.2600,2393.6900
2007-11-15,6336.2700,6414.7000,3332.9100,2864.0600,2791.6700,2873.9000,2491.6600
2007-11-16,6340.1300,6434.6000,3375.7500,2883.8400,2828.8900,2901.7100,2566.7200
2007-11-19,6376.4100,6492.2400,3456.9200,2932.1800,2910.1400,2945.8900,2609.8900
2007-11-20,6243.7100,6361.7500,3439.3600,2874.9400,2858.3000,2898.8900,2547.9900
2007-11-21,5993.3900,6079.9300,3287.0900,2741.2300,2715.4200,2767.4700,2382.4000
2007-11-22,5956.7100,6019.9300,3234.6600,2704.9300,2663.1700,2729.9500,2333.5000
2007-11-23,6048.7800,6129.7600,3274.4300,2760.8300,2725.7200,2777.8500,2366.9900
2007-11-26,6175.2100,6272.0900,3349.4300,2814.2700,2767.9300,2834.9400,2418.1900
2007-11-27,6151.3700,6260.3600,3348.0700,2815.8000,2780.5700,2835.2000,2456.2300
2007-11-28,6071.4100,6194.5100,3382.3200,2789.5000,2762.4000,2814.2800,2432.7900
2007-11-29,6080.0600,6176.6600,3372.7500,2784.4600,2752.0700,2803.7600,2406.1200
2007-11-30,6229.0000,6344.2400,3433.2700,2867.5900,2842.7500,2874.6400,2494.6100
2007-12-03,6347.0100,6475.0400,3519.4500,2936.9100,2925.4100,2939.0600,2564.1200
2007-12-04,6348.9400,6518.4900,3569.3100,2964.6100,2970.2800,2968.7600,2634.6700
2007-12-05,6438.2000,6619.9800,3655.1400,3012.6100,3022.5600,3021.0200,2690.4800
2007-12-06,6444.5900,6620.4500,3656.6200,3011.5500,3017.6800,3022.2300,2683.9100
2007-12-07,6464.7400,6638.8200,3659.5300,3013.2500,3015.4900,3028.8200,2680.5100
2007-12-10,6456.4300,6654.1200,3688.5700,3025.6700,3039.8600,3047.4000,2728.8200
2007-12-11,6587.8700,6765.0600,3708.3800,3070.0800,3072.0200,3089.0200,2745.2200
2007-12-12,6655.4900,6857.8900,3767.4600,3119.5800,3132.6600,3137.6700,2791.5000
2007-12-13,6566.5000,6797.1100,3778.2900,3106.2900,3143.6400,3126.6600,2802.2800
2007-12-14,6561.2700,6806.0400,3823.2600,3117.4700,3168.1400,3147.8200,2814.1800
2007-12-17,6264.3600,6489.2800,3701.3500,2974.5400,3031.0500,3016.9700,2665.8000
2007-12-18,6230.8800,6469.5700,3722.6400,2968.7900,3030.4400,3014.4700,2678.1200
2007-12-19,6238.6900,6474.5400,3737.6100,2967.4900,3025.1000,3017.9100,2669.2300
2007-12-20,6250.9700,6477.0800,3721.6000,2957.6200,2999.1700,3009.3100,2670.7900
2007-12-24,6473.8400,6679.5000,3781.4300,3042.4900,3071.4800,3089.4900,2748.5300
2007-12-26,6585.0200,6817.3700,3874.0600,3109.1500,3145.0000,3158.4400,2841.8800
2007-12-27,6581.8800,6824.8700,3904.9400,3112.8400,3152.7900,3169.4700,2888.8000
2007-12-28,6603.5900,6889.9400,3974.2200,3158.0100,3220.6000,3214.0100,2932.9000
2007-12-31,6667.8100,6981.8600,4085.6500,3205.7600,3282.0900,3274.4400,3011.8400
2008-01-01,6685.5600,7020.7800,4164.8600,3239.2700,3343.1700,3313.4300,3061.2500
2008-01-02,6740.2400,7090.2200,4201.2700,3282.5800,3406.5400,3351.5300,3114.3600
2008-01-03,6745.1500,7095.9700,4191.9300,3287.1900,3409.0800,3351.0000,3126.9300
2008-01-04,6840.4000,7174.7300,4200.1900,3320.6900,3431.5100,3377.6400,3114.8500
2008-01-07,6840.7900,7171.5300,4196.5800,3331.7900,3457.3200,3380.9100,3092.5500
2008-01-08,6826.3400,7119.5700,4076.1200,3290.4400,3382.0300,3329.9000,2982.8500
2008-01-09,6821.1100,7108.6200,4049.0800,3273.1600,3347.2300,3314.1000,2938.4500
2008-01-10,6676.7400,6936.5100,3912.7700,3173.6500,3218.1200,3217.6100,2819.5800
2008-01-11,6722.4900,6973.4800,3892.5300,3179.3400,3205.6500,3220.0000,2813.2600
2008-01-14,6755.4800,7021.9000,3930.3300,3211.6300,3250.2000,3249.3700,2894.7300
2008-01-15,6613.0900,6887.4200,3892.7200,3161.0500,3216.3500,3196.9500,2844.0000
2008-01-16,6466.8500,6734.6600,3805.7200,3097.5200,3159.1000,3128.5700,2779.5000
2008-01-17,6441.3800,6716.6700,3861.7600,3093.7000,3165.6100,3137.0200,2808.9200
2008-01-18,6188.2600,6422.9100,3681.8900,2944.9200,2996.4900,2993.0500,2645.0900
2008-01-21,5615.5200,5770.5600,3250.0400,2610.8300,2614.9900,2670.7400,2283.6500
2008-01-22,5275.5800,5390.8000,2962.7100,2414.8700,2387.3400,2474.2600,2049.1300
2008-01-23,5622.6000,5759.9700,3179.2200,2601.6700,2593.7600,2646.2600,2226.8800
2008-01-24,5438.4700,5564.5000,3074.1000,2509.5400,2497.8600,2555.5700,2140.4600
2008-01-25,5827.2400,5955.8500,3250.9600,2687.0800,2671.8700,2723.3500,2318.3800
2008-01-28,5726.3000,5865.0400,3235.9500,2659.0700,2665.6400,2694.0100,2311.3400
2008-01-29,5722.0600,5856.8900,3263.2000,2661.6200,2675.0900,2697.4800,2290.6500
2008-01-30,5591.1400,5719.1700,3186.2900,2591.7700,2597.7000,2631.9700,2234.9000
2008-01-31,5554.7600,5671.4500,3152.9400,2562.3100,2557.8600,2606.8600,2204.1900
2008-02-01,5728.6800,5804.2800,3156.0500,2605.9500,2572.0200,2647.4000,2250.4100
2008-02-04,5892.6300,5987.5100,3235.6400,2690.8300,2658.1700,2728.3800,2364.2700
2008-02-05,5915.7000,6025.5800,3271.1700,2714.2900,2687.1600,2747.1600,2400.7900
2008-02-06,5747.1300,5877.0100,3242.0400,2661.9000,2657.3100,2695.7400,2386.1300
2008-02-07,5542.2100,5682.3400,3173.7300,2577.5600,2583.4700,2618.9700,2313.6500
2008-02-08,5511.5800,5629.8200,3107.8300,2540.8700,2527.3700,2578.8300,2272.8500
2008-02-11,5226.3400,5333.7300,2935.1600,2398.1000,2375.5300,2441.7500,2167.0700
2008-02-12,5205.8700,5291.4500,2866.6500,2365.0000,2320.7100,2406.9900,2122.3100
2008-02-13,5293.8800,5367.0600,2858.5900,2390.4600,2331.3600,2424.8600,2123.3500
2008-02-14,5589.0400,5670.1300,3001.4700,2527.7900,2464.1300,2554.6900,2260.2600
2008-02-15,5697.0600,5786.3900,3058.9700,2583.8000,2524.2700,2606.7500,2309.9200
2008-02-18,5675.7000,5771.6300,3098.8400,2581.1200,2529.2000,2613.4200,2335.1400
2008-02-19,5681.1100,5781.2900,3116.2700,2587.0900,2539.5500,2621.4400,2329.9300
2008-02-20,5540.9600,5647.6900,3076.5600,2532.3600,2495.8800,2571.3100,2284.7100
2008-02-21,5578.2700,5688.3900,3106.3400,2553.4600,2519.8900,2590.9300,2282.4400
2008-02-22,5489.8500,5607.4500,3079.8700,2520.9200,2493.6100,2558.1100,2261.3500
2008-02-25,5576.8400,5674.6800,3064.9000,2538.7500,2491.8400,2574.3500,2271.5200
2008-02-26,5653.9500,5751.9600,3115.5700,2573.1600,2525.4000,2611.3900,2303.6500
2008-02-27,5654.1500,5754.6300,3125.0600,2577.8800,2534.6200,2615.3800,2305.8500
2008-02-28,5657.5200,5749.9300,3118.6200,2575.0900,2531.9000,2613.9100,2310.6600
2008-02-29,5599.4500,5692.9400,3109.1400,2563.3200,2534.6800,2597.4700,2294.8900
2008-03-03,5303.1500,5403.4400,2970.2200,2440.5900,2426.8500,2474.4600,2197.2700
2008-03-04,5196.0100,5281.2100,2892.1400,2380.9700,2361.9900,2415.8900,2136.8500
2008-03-05,5239.6700,5307.7900,2863.9400,2375.5800,2332.7100,2413.9900,2105.7400
2008-03-07,5066.5700,5120.9300,2737.6500,2280.2700,2224.6500,2321.8200,2009.5200
2008-03-10,5092.7300,5127.9900,2708.7600,2284.2400,2221.3200,2317.8700,2006.7800
2008-03-11,5184.8000,5253.9800,2797.2700,2359.4100,2319.3800,2388.3500,2077.1400
2008-03-12,5187.9500,5235.3700,2778.2800,2345.1600,2294.8300,2374.4000,2047.8700
2008-03-13,4910.5800,4941.5800,2624.9100,2203.8800,2147.8000,2239.9600,1920.6600
2008-03-14,5040.2800,5050.9300,2649.0900,2241.6500,2167.6600,2278.6200,1939.9700
2008-03-17,4765.1600,4756.2700,2485.8100,2094.0100,2003.6700,2138.6200,1811.0300
2008-03-18,4783.4300,4756.8800,2457.1200,2080.9200,1973.8100,2127.2900,1803.9900
2008-03-19,4817.2200,4776.5100,2421.3000,2079.3400,1957.9700,2122.1100,1785.0700
2008-03-24,4842.0700,4774.7400,2331.6100,2060.3000,1917.1000,2098.8800,1753.0500
2008-03-25,5139.5500,5066.3500,2466.0800,2184.5600,2029.4200,2221.9700,1871.5900
2008-03-26,5102.0600,5050.0300,2519.4300,2194.3300,2061.1500,2231.2700,1881.9800
2008-03-27,5098.5800,5043.5000,2535.7500,2189.2900,2053.5700,2230.5500,1863.2900
2008-03-28,5228.1100,5185.8100,2650.2600,2262.9000,2134.5500,2308.3200,1939.6600
2008-03-31,5010.9100,4996.1000,2624.3000,2198.0900,2100.2800,2246.2800,1906.0400
2008-04-01,5008.5300,4985.1300,2607.6100,2191.3800,2087.3300,2241.3400,1903.2000
2008-04-02,5028.4100,5009.0800,2604.9000,2202.4600,2099.2900,2250.4400,1916.6900
2008-04-03,5043.9300,5015.5100,2587.7100,2203.4400,2094.4900,2246.8000,1914.3000
2008-04-04,4913.8400,4894.9500,2544.8600,2156.3900,2058.0700,2200.9200,1881.4500
2008-04-07,5036.0900,5002.7700,2571.2000,2194.2900,2080.5700,2238.6200,1907.4900
2008-04-08,4988.5500,4972.2100,2581.5200,2188.4600,2086.9100,2235.0600,1917.0600
2008-04-09,5034.4800,5020.9200,2624.4500,2210.6500,2110.4000,2262.4300,1944.5500
2008-04-10,5017.6400,5003.4200,2636.0100,2211.7500,2119.7400,2261.8000,1940.5900
2008-04-11,5061.7100,5043.9200,2650.5800,2230.1300,2135.3500,2278.3200,1961.7900
2008-04-15,5167.5600,5143.5800,2678.1400,2268.8800,2163.7800,2316.3900,1984.3100
2008-04-16,5182.5200,5172.0000,2722.2300,2288.4600,2193.9500,2336.7600,2001.0700
2008-04-17,5267.4900,5261.0600,2775.4900,2332.7900,2242.8600,2380.7300,2067.6300
2008-04-21,5356.7000,5355.0700,2843.0100,2378.4300,2291.5600,2430.9800,2128.1800
2008-04-22,5384.1900,5382.8000,2855.6200,2395.7500,2313.9500,2443.0100,2125.1700
2008-04-23,5354.4800,5362.4300,2865.8500,2394.1200,2321.6600,2441.5800,2129.6300
2008-04-24,5328.5300,5334.1500,2840.9700,2375.2800,2295.3000,2425.1700,2093.4400
2008-04-25,5441.6200,5437.2700,2848.7100,2410.7900,2315.8700,2459.2800,2123.5600
2008-04-28,5424.3400,5429.8900,2854.4900,2413.0900,2326.1800,2459.5000,2127.4500
2008-04-29,5537.2900,5530.0300,2887.4800,2451.8000,2353.6300,2497.1700,2168.6700
2008-04-30,5509.5100,5515.5100,2895.6600,2447.7400,2355.0800,2492.9000,2160.5200
2008-05-02,5583.0100,5591.7600,2920.2400,2482.6400,2388.8600,2523.9100,2198.9200
2008-05-05,5556.6600,5575.6100,2931.4100,2488.2400,2410.1000,2523.3800,2210.1500
2008-05-06,5497.7800,5509.8300,2895.0900,2458.3800,2378.8900,2494.1100,2195.0100
2008-05-07,5481.0500,5485.1400,2890.9300,2448.5400,2367.3600,2484.3800,2173.1500
2008-05-08,5417.9100,5427.0700,2870.5500,2426.1000,2349.5800,2461.0600,2154.9700
2008-05-09,5301.1000,5311.7900,2808.8300,2369.4400,2292.4200,2407.8000,2100.8600
2008-05-12,5327.9500,5314.6700,2783.8100,2365.7800,2276.3300,2400.7800,2081.5000
2008-05-13,5278.7700,5282.2900,2788.1700,2357.0000,2280.6800,2393.1700,2076.5900
2008-05-14,5335.4700,5334.4100,2803.6900,2378.9200,2297.9500,2414.1000,2092.5700
2008-05-15,5443.8900,5436.3800,2849.8200,2417.6000,2326.8900,2455.9500,2120.8300
2008-05-16,5491.6900,5487.0900,2874.6800,2437.7300,2343.0500,2479.8200,2158.7400
2008-05-20,5432.5000,5435.8600,2874.7000,2419.8400,2330.0000,2466.2800,2158.0300
2008-05-21,5445.1100,5456.9700,2898.6000,2435.3800,2351.7900,2480.4600,2166.5300
2008-05-22,5344.7500,5359.6700,2858.8900,2391.7200,2310.8200,2439.6500,2128.3900
2008-05-23,5258.4800,5277.9600,2815.6500,2354.1700,2275.2400,2404.6400,2105.9200
2008-05-26,5167.6300,5180.1800,2756.8700,2304.0100,2216.8000,2354.5600,2054.5100
2008-05-27,5142.2100,5156.2600,2728.0200,2288.0000,2195.6400,2337.8800,2035.4400
2008-05-28,5210.1300,5218.1200,2750.2200,2314.5900,2219.8300,2362.1700,2084.9100
2008-05-29,5133.5100,5154.3000,2737.6000,2294.7500,2213.4200,2340.3500,2058.8200
2008-05-30,5166.3100,5180.8800,2739.4500,2301.5300,2214.5100,2349.3700,2047.2600
2008-06-02,5022.5200,5042.2400,2670.4800,2239.5000,2155.4200,2290.4000,1994.6600
2008-06-03,4997.2400,5013.6300,2641.2900,2228.0200,2143.9200,2277.2700,1982.8300
2008-06-04,4851.9600,4866.7600,2581.1700,2162.7300,2082.8300,2215.5600,1911.8800
2008-06-05,4948.8300,4938.9900,2585.0900,2180.1800,2079.0500,2234.4700,1902.7700
2008-06-06,4895.0600,4881.2800,2571.2100,2160.7500,2066.0800,2213.5500,1879.9600
2008-06-09,4753.8700,4726.1400,2493.5200,2094.8300,2001.3400,2145.4500,1817.1900
2008-06-10,4696.3700,4672.7400,2476.8700,2070.9500,1979.0700,2125.1700,1805.8400
2008-06-11,4776.9400,4753.5500,2518.2000,2100.7100,2001.8900,2158.8200,1835.5800
2008-06-12,4794.9300,4771.1300,2537.8800,2110.8700,2013.7800,2170.0300,1846.5900
2008-06-13,4773.9100,4757.1800,2549.4100,2104.9500,2010.3800,2168.2000,1850.1900
2008-06-16,4832.3400,4816.7300,2580.6600,2129.8000,2032.9800,2192.8600,1876.0300
2008-06-17,4929.8100,4913.7300,2623.9700,2171.0000,2070.4700,2234.6400,1919.1900
2008-06-18,4853.2100,4846.2100,2615.1300,2146.6100,2055.8200,2212.8200,1906.5200
2008-06-19,4764.9600,4757.7600,2575.2200,2102.7700,2007.0900,2177.6700,1871.7200
2008-06-20,4595.1600,4597.4200,2502.7200,2031.8500,1942.1500,2108.8800,1808.0200
2008-06-23,4493.2400,4473.8800,2420.6500,1969.2900,1870.1500,2044.6400,1744.7200
2008-06-24,4416.0000,4398.5200,2390.3500,1932.7700,1833.7300,2013.1400,1719.2800
2008-06-25,4480.1700,4453.5100,2410.2900,1951.8600,1843.2600,2034.1300,1730.3000
2008-06-26,4534.8700,4492.9200,2419.7500,1957.4500,1833.7300,2047.5800,1740.3400
2008-06-27,4349.2300,4314.8700,2358.5100,1888.8600,1778.6300,1977.7200,1688.2200
2008-06-30,4238.6200,4196.5700,2290.0900,1832.8200,1719.1900,1920.1700,1629.9500
2008-07-01,4079.1000,4029.4700,2187.6000,1752.7300,1634.9300,1840.2600,1542.2000
2008-07-02,4290.5200,4224.9500,2235.2800,1833.8200,1704.3500,1917.3800,1602.7700
2008-07-03,4112.3500,4060.4100,2182.5400,1769.0200,1653.9700,1856.1600,1578.4400
2008-07-04,4216.2600,4164.7800,2224.6300,1811.8200,1691.6000,1899.5500,1607.7600
2008-07-07,4241.9100,4203.6800,2258.6800,1829.4500,1712.7300,1921.0900,1625.4000
2008-07-08,4205.2900,4175.1500,2243.5400,1823.0500,1714.2300,1910.9000,1641.3500
2008-07-09,4388.4400,4352.7400,2302.7300,1893.3100,1770.5500,1982.9900,1686.5600
2008-07-10,4394.5800,4357.9000,2310.0200,1895.8400,1771.9200,1984.2200,1695.4000
2008-07-11,4269.4700,4238.3700,2276.4500,1848.6500,1734.2300,1939.5500,1653.9500
2008-07-14,4255.3300,4226.6800,2258.8000,1843.9000,1730.0600,1931.0700,1648.4300
2008-07-15,4068.8900,4046.7800,2198.8700,1772.2500,1672.0900,1859.1500,1590.0600
2008-07-16,4021.3800,4002.4200,2177.2500,1746.7900,1643.9500,1837.1100,1577.1900
2008-07-17,4158.7600,4129.8700,2200.6600,1787.8000,1665.5900,1881.0000,1611.8200
2008-07-18,4309.8400,4265.3900,2221.3300,1836.3300,1696.3800,1927.6500,1646.0700
2008-07-21,4374.6200,4320.2400,2216.5600,1854.2900,1705.8100,1943.6300,1651.6300
2008-07-22,4467.9600,4407.4200,2252.3400,1891.5100,1737.7600,1979.9000,1678.8600
2008-07-23,4730.6000,4663.4300,2344.5100,2002.2900,1839.7600,2084.9200,1768.2100
2008-07-24,4687.1600,4629.1900,2338.7800,1993.7000,1840.1100,2075.3400,1777.2000
2008-07-25,4564.3600,4534.6500,2330.1200,1966.0700,1833.3500,2048.2300,1775.0100
2008-07-28,4586.3400,4556.9200,2361.6600,1980.5000,1851.9600,2064.3200,1803.5100
2008-07-29,4422.6600,4400.7500,2324.1700,1917.4100,1799.9300,2007.4800,1746.7200
2008-07-30,4560.4000,4531.3300,2351.2200,1969.7100,1841.2800,2055.3800,1798.6300
2008-07-31,4581.0700,4542.0900,2354.2700,1970.3100,1835.0000,2056.3600,1789.3100
2008-08-01,4675.4400,4631.2800,2375.1700,2008.0100,1867.5000,2090.3700,1832.5200
2008-08-04,4668.3600,4641.2600,2409.2200,2027.5500,1902.8200,2104.9700,1858.9800
2008-08-05,4790.0300,4752.6600,2433.3100,2067.1100,1929.5700,2144.1400,1899.1600
2008-08-06,4794.7000,4756.2800,2433.9100,2066.7400,1928.0500,2144.6100,1885.2200
2008-08-07,4802.4800,4765.6700,2449.2600,2072.8900,1936.8500,2151.5800,1886.3800
2008-08-08,4809.9700,4778.1300,2461.5900,2078.0300,1944.1400,2159.6300,1894.7800
2008-08-11,4910.1700,4874.0100,2492.7800,2119.7200,1983.1300,2197.3800,1923.1000
2008-08-12,4835.4400,4806.6000,2480.4000,2092.4400,1960.3300,2172.2400,1904.2600
2008-08-13,4807.5500,4782.5100,2486.2500,2085.4000,1957.5100,2164.8600,1893.7000
2008-08-14,4694.2300,4669.7500,2450.7200,2038.3500,1915.7100,2119.8800,1849.1100
2008-08-18,4652.1100,4628.2400,2430.2700,2019.1900,1897.5700,2100.2900,1824.6800
2008-08-19,4624.7700,4603.8400,2431.8100,2009.6200,1889.2200,2091.6300,1825.4100
2008-08-20,4675.2900,4652.1200,2463.2500,2031.1000,1909.6100,2112.7200,1843.5900
2008-08-21,4537.1400,4517.4800,2413.7500,1978.1800,1866.7800,2058.1900,1788.9700
2008-08-22,4582.6100,4551.6600,2415.8600,1986.8000,1865.2900,2067.9600,1781.4900
2008-08-25,4593.0600,4562.0400,2417.5700,1992.9300,1873.4900,2070.5700,1792.7100
2008-08-26,4596.9000,4564.0100,2416.8000,1992.7700,1871.3300,2070.4000,1794.1100
2008-08-27,4549.3600,4520.4600,2406.1700,1973.0500,1852.9100,2053.9300,1775.5100
2008-08-28,4474.0700,4444.6800,2374.6900,1942.9900,1827.8000,2022.6800,1736.1800
2008-08-29,4630.7000,4592.4700,2421.3600,2002.9300,1877.8300,2078.2400,1797.7500
2008-09-01,4618.8400,4583.4800,2413.6100,2002.0300,1880.1900,2075.6500,1799.0300
2008-09-02,4784.5800,4739.1900,2437.3700,2057.4600,1917.5500,2128.6600,1852.0600
2008-09-04,4728.7800,4690.7300,2434.4500,2041.4100,1909.4300,2115.5300,1846.9800
2008-09-05,4621.5700,4594.2600,2406.7600,2005.3700,1883.6200,2080.0000,1837.2900
2008-09-08,4756.9900,4710.7200,2425.0400,2044.9300,1905.6000,2119.2200,1837.1400
2008-09-09,4738.8500,4692.9000,2415.5200,2035.3800,1894.6900,2111.4000,1833.0700
2008-09-10,4669.8400,4623.1700,2390.9400,2008.7100,1874.8100,2085.7600,1817.7700
2008-09-11,4561.5100,4525.3400,2362.5000,1972.7400,1850.7300,2050.0700,1798.6100
2008-09-12,4490.2000,4452.9000,2321.2800,1938.5500,1814.3700,2016.1700,1775.6800
2008-09-15,4317.7600,4275.9600,2213.0000,1856.2800,1732.3400,1933.2900,1707.6200
2008-09-16,4319.2600,4256.8500,2181.7200,1840.3100,1707.5200,1917.8600,1718.6100
2008-09-17,4240.6100,4177.6800,2152.2600,1809.8800,1683.8700,1889.5800,1682.9500
2008-09-18,4266.6600,4178.9600,2112.2600,1801.8700,1663.5500,1877.1100,1681.8400
2008-09-19,4482.5700,4370.3300,2167.1500,1874.6600,1717.0900,1949.1500,1713.3000
2008-09-22,4458.1700,4353.0200,2163.5700,1867.4600,1710.1600,1940.6500,1699.5500
2008-09-23,4354.7700,4264.4700,2122.1600,1829.5100,1675.0900,1903.2100,1681.2900
2008-09-24,4390.3100,4293.4200,2129.9500,1839.3800,1680.7500,1913.8100,1689.4100
2008-09-25,4338.8900,4248.3800,2107.7900,1821.2700,1665.9400,1894.7000,1665.5900
2008-09-26,4205.6300,4119.2300,2044.2200,1764.8000,1612.8900,1837.8600,1626.5500
2008-09-29,4056.5000,3966.4600,1943.7100,1697.5000,1548.6800,1765.4700,1569.5800
2008-09-30,4136.1100,4033.3100,1967.1600,1725.7300,1573.2400,1792.3600,1591.7800
2008-10-01,4168.9200,4065.2300,1977.7200,1736.2300,1579.2300,1804.7800,1613.3400
2008-10-03,4027.8600,3935.3500,1918.6400,1683.7300,1537.0600,1752.7700,1581.8900
2008-10-06,3796.2200,3704.6500,1783.3900,1580.0700,1437.2000,1646.5500,1509.2800
2008-10-07,3792.6000,3680.3200,1742.5600,1558.5800,1404.1000,1626.6200,1491.7800
2008-10-08,3682.6300,3552.4900,1656.1600,1490.4500,1324.7800,1559.8600,1405.5900
2008-10-10,3427.6400,3306.7800,1519.5000,1383.4400,1225.5200,1450.0700,1314.7200
2008-10-13,3647.7500,3500.3700,1571.5700,1458.2300,1281.9800,1525.9100,1375.2400
2008-10-14,3682.9600,3540.8600,1609.8600,1474.5500,1296.4600,1548.1500,1388.6100
2008-10-15,3493.6000,3367.1100,1533.7900,1405.8400,1241.0100,1475.9100,1349.3400
2008-10-16,3430.1000,3316.8600,1515.9400,1387.6400,1229.3200,1454.6500,1355.4000
2008-10-17,3237.2400,3147.7000,1475.5900,1328.4600,1191.2200,1394.1100,1330.4500
2008-10-20,3285.0500,3178.6300,1452.4100,1333.9600,1185.1100,1397.6600,1332.8700
2008-10-21,3404.5800,3286.2000,1483.3100,1374.2900,1214.9300,1440.6400,1347.1400
2008-10-22,3234.1000,3137.2700,1452.2700,1318.9800,1176.6400,1387.4400,1292.4600
2008-10-23,3107.3000,3014.8600,1401.6000,1271.3400,1139.4000,1336.4200,1244.0900
2008-10-24,2738.2300,2684.8900,1284.8100,1145.6100,1046.0800,1208.0700,1140.2400
2008-10-27,2662.6100,2603.7700,1219.9200,1106.5600,1005.6300,1164.7600,1084.4200
2008-10-28,2831.6000,2764.5200,1308.4000,1172.7500,1063.4500,1237.2300,1152.3700
2008-10-29,2838.5200,2769.1200,1295.6200,1163.5000,1041.3000,1233.2600,1149.8300
2008-10-31,3031.1300,2937.1000,1335.1200,1223.7100,1080.8100,1294.7700,1176.9500
2008-11-03,3195.7100,3089.2600,1394.7500,1286.5200,1134.6900,1358.6700,1234.4900
2008-11-04,3308.5400,3195.1600,1427.1000,1330.0200,1171.3100,1401.2400,1289.6000
2008-11-05,3163.0900,3074.5500,1398.1700,1295.7000,1160.0100,1362.3500,1269.1600
2008-11-06,3058.6700,2978.5000,1365.0300,1259.2700,1132.5900,1324.5500,1230.4200
2008-11-07,3140.2900,3051.3600,1375.0000,1285.7700,1149.3700,1347.4000,1261.4600
2008-11-10,3320.6900,3217.4700,1411.2700,1348.3900,1193.5700,1407.0100,1294.6300
2008-11-11,3107.3400,3038.4200,1367.8500,1284.2400,1151.8200,1343.6600,1245.7200
2008-11-12,3014.0700,2955.2000,1346.3200,1252.3000,1127.6400,1311.4500,1231.8500
2008-11-14,2971.1500,2908.0300,1325.9400,1230.0900,1104.9500,1291.4100,1218.8400
2008-11-17,2947.1800,2872.0900,1292.3900,1207.4100,1075.4600,1267.7000,1197.4300
2008-11-18,2828.8800,2763.8000,1258.6600,1170.7200,1053.3500,1227.7300,1166.9100
2008-11-19,2773.0200,2712.2700,1235.1800,1148.5400,1032.4900,1205.1400,1152.9400
2008-11-20,2684.3700,2624.1800,1197.4600,1110.0500,997.1800,1166.8500,1122.3700
2008-11-21,2813.9900,2728.1100,1197.2100,1140.1600,1005.5600,1195.8800,1141.7500
2008-11-24,2824.8100,2738.4700,1191.3000,1142.1100,1004.5500,1196.8000,1146.9000
2008-11-25,2772.4600,2692.7400,1180.0400,1126.7100,994.9400,1180.4200,1143.0000
2008-11-26,2866.5100,2759.1900,1174.9300,1144.2800,997.1000,1196.5800,1158.0000
2008-11-28,2870.8000,2762.2900,1173.9400,1147.5100,1002.1600,1198.0700,1162.0600
2008-12-01,2801.2200,2703.3000,1161.5600,1126.7500,988.6100,1178.9200,1151.8800
2008-12-02,2778.9300,2678.2200,1142.8700,1114.9900,976.7900,1165.9900,1141.7700
2008-12-03,2786.4500,2693.0000,1149.4300,1123.2300,986.0200,1172.3900,1157.1000
2008-12-04,2924.2600,2814.4800,1174.6600,1172.0100,1025.8200,1218.6300,1183.5800
2008-12-05,2851.2900,2749.0900,1171.4200,1148.8500,1011.3400,1198.1400,1155.9600
2008-12-08,2917.4600,2799.9600,1175.0600,1159.9200,1008.2000,1211.8700,1145.6400
2008-12-10,3061.7400,2922.6300,1190.1700,1201.9600,1033.4600,1253.1700,1172.2700
2008-12-11,3062.4100,2932.8600,1210.2700,1214.4500,1054.2900,1264.5900,1190.6100
2008-12-12,3066.8100,2943.2900,1236.6300,1223.9200,1068.2500,1275.5800,1210.4800
2008-12-15,3128.6000,3012.1000,1277.5900,1262.0300,1111.3400,1310.4200,1250.8100
2008-12-16,3193.6000,3084.0300,1320.4200,1290.7600,1135.0100,1342.0800,1263.8900
2008-12-17,3099.7700,2993.6900,1276.4400,1252.4000,1100.9600,1303.7300,1242.8800
2008-12-18,3212.6700,3097.9000,1293.9000,1291.9600,1130.8200,1340.0800,1286.3300
2008-12-19,3235.3800,3128.2700,1300.7000,1313.3600,1159.6800,1355.2600,1317.9600
2008-12-22,3198.0800,3092.6400,1291.4300,1303.6600,1156.6500,1343.7600,1307.1800
2008-12-23,3123.1300,3021.4700,1255.6000,1272.4500,1127.6600,1312.4500,1279.5800
2008-12-24,3075.8800,2980.5000,1242.1400,1258.9900,1119.8600,1297.4500,1279.0100
2008-12-26,3014.1100,2924.2100,1230.9700,1239.3900,1107.8300,1278.3300,1264.5700
2008-12-29,3085.3200,2985.5000,1243.8200,1261.7700,1121.8400,1299.3600,1277.2000
2008-12-30,3147.6500,3045.7000,1269.9900,1287.5700,1145.5600,1325.5500,1303.5100
2008-12-31,3128.8800,3034.2700,1283.7700,1286.8900,1150.5500,1327.4100,1304.7500
2009-01-01,3207.4700,3120.7800,1320.1800,1321.8000,1179.6000,1363.1100,1322.3800
2009-01-02,3229.0300,3146.1600,1343.3600,1340.2000,1205.5300,1380.9600,1351.8800
2009-01-05,3312.1900,3216.3400,1364.6400,1367.3400,1225.3400,1406.8100,1382.8500
2009-01-06,3305.8800,3213.3700,1366.9000,1362.8700,1218.3000,1404.7800,1378.3400
2009-01-07,3092.3000,3002.0900,1272.5000,1271.4300,1134.5100,1313.5200,1310.0300
2009-01-09,3036.3900,2941.3600,1237.0800,1242.5000,1105.0300,1285.3100,1293.5600
2009-01-12,2937.6500,2855.1900,1218.0200,1211.5900,1085.0400,1255.4400,1259.4600
2009-01-13,2904.3600,2823.9300,1200.6100,1197.7500,1072.0000,1241.2900,1263.8800
2009-01-14,3000.8000,2908.7000,1218.4900,1228.0800,1091.7700,1271.7600,1281.1600
2009-01-15,2897.8600,2819.7000,1195.9600,1197.8500,1074.4100,1241.1200,1255.3900
2009-01-16,2986.7200,2893.9300,1200.3200,1221.5600,1084.6900,1261.7800,1271.7200
2009-01-19,3004.4800,2913.5500,1212.4100,1229.7500,1092.2100,1272.0500,1281.1200
2009-01-20,2955.3900,2872.6500,1204.5200,1216.7100,1085.8200,1258.8500,1272.8400
2009-01-21,2863.2300,2790.0400,1178.0900,1188.4700,1069.2400,1229.4900,1251.9100
2009-01-22,2866.0200,2782.8800,1158.0400,1176.8600,1048.3200,1219.4300,1236.3800
2009-01-23,2819.7800,2739.8900,1143.4500,1159.0300,1033.1300,1201.3100,1200.2300
2009-01-27,2910.4300,2814.7100,1150.1500,1180.1200,1038.7500,1223.2000,1210.6700
2009-01-28,2991.7300,2893.0900,1158.6600,1206.3200,1053.2900,1248.5300,1226.2200
2009-01-29,2971.1500,2874.1500,1159.5800,1200.4400,1050.7000,1243.3200,1244.3300
2009-01-30,3027.2700,2924.4800,1172.0900,1217.4800,1060.7900,1261.1100,1259.3800
2009-02-02,2916.8000,2831.6400,1154.2000,1188.7100,1047.5200,1230.8800,1237.2700
2009-02-03,2928.3900,2836.7600,1149.5600,1187.0100,1041.4200,1229.4400,1231.6400
2009-02-04,2947.1100,2851.1500,1147.8000,1190.4400,1041.0900,1233.0900,1233.8300
2009-02-05,2924.0000,2829.0900,1137.5100,1181.8400,1034.3300,1223.3400,1228.6400
2009-02-06,2990.1000,2887.5900,1153.9500,1204.8300,1052.3200,1245.5400,1245.7400
2009-02-09,3071.7000,2962.5600,1170.2600,1229.9800,1066.6600,1270.4300,1261.4900
2009-02-10,3087.2100,2978.0200,1174.8500,1240.8300,1080.6900,1278.2700,1269.6000
2009-02-11,3078.1400,2971.8800,1182.1400,1240.0300,1082.3900,1278.4700,1269.3200
2009-02-12,3045.0000,2947.7200,1184.8500,1236.7500,1087.5000,1273.9800,1266.2300
2009-02-13,3102.7700,2998.7100,1197.3400,1258.1300,1105.9700,1293.4400,1269.7700
2009-02-16,2998.0900,2904.6800,1166.2500,1219.4200,1073.5500,1256.1100,1241.8800
2009-02-17,2916.5700,2831.0700,1142.1400,1189.8500,1049.4400,1226.9400,1214.9800
2009-02-18,2920.4300,2833.7700,1137.8600,1188.8000,1045.9500,1226.3200,1214.9200
2009-02-19,2934.4900,2843.0500,1134.3600,1190.3900,1044.4100,1227.2000,1207.9400
2009-02-20,2879.2200,2790.3800,1115.7000,1170.3400,1029.2400,1206.9200,1195.9400
2009-02-24,2871.3300,2777.2100,1098.3800,1157.6000,1009.5400,1195.9400,1169.9500
2009-02-25,2901.4000,2800.0000,1101.3700,1166.4700,1016.2700,1204.1600,1174.8200
2009-02-26,2922.7900,2812.5100,1101.9400,1167.1800,1011.2900,1204.8300,1156.9100
2009-02-27,2904.4800,2799.8600,1096.7400,1164.4900,1011.8100,1201.1600,1164.2500
2009-03-02,2810.6700,2720.4100,1078.9200,1135.6400,992.2400,1173.0800,1139.2300
2009-03-03,2757.1300,2671.9100,1067.3400,1116.3600,976.8600,1154.5600,1126.9700
2009-03-04,2777.8000,2686.6500,1063.0100,1117.8900,972.6900,1156.4300,1124.4900
2009-03-05,2704.9900,2625.4200,1045.3300,1095.1800,956.4600,1133.7700,1103.0200
2009-03-06,2745.7100,2653.5400,1043.3600,1098.5800,950.2300,1140.7300,1095.3500
2009-03-09,2693.8500,2606.4300,1026.8100,1080.9100,937.3200,1122.7700,1061.1900
2009-03-12,2738.9100,2643.0200,1031.0100,1092.3000,942.6100,1134.0200,1069.0600
2009-03-13,2847.4600,2736.2500,1051.1600,1129.0300,971.0400,1167.3600,1088.2900
2009-03-16,2911.5400,2802.8100,1075.4900,1160.5700,1002.3100,1197.1200,1115.4500
2009-03-17,2891.6000,2788.5600,1079.0100,1158.5100,1005.5400,1195.6900,1106.6100
2009-03-18,2932.6600,2829.8200,1099.4200,1184.0800,1036.8700,1216.3000,1107.8900
2009-03-19,2946.5500,2843.5400,1112.7500,1190.4700,1043.7700,1224.7400,1110.1400
2009-03-20,2943.5800,2836.3100,1111.3400,1178.8900,1024.1700,1219.7300,1102.2900
2009-03-23,3079.9700,2956.7400,1138.7000,1221.3800,1051.8500,1261.7900,1137.4700
2009-03-24,3075.4200,2948.6000,1131.1400,1217.5400,1048.1700,1257.8600,1141.9700
2009-03-25,3126.9000,2990.1600,1138.2300,1230.2700,1053.8500,1270.7700,1149.6800
2009-03-26,3225.0500,3067.8400,1148.8000,1248.9700,1054.3700,1291.6100,1169.7700
2009-03-27,3259.7800,3106.9500,1172.0800,1268.2200,1074.5400,1311.4200,1210.7600
2009-03-30,3126.9000,2995.3600,1162.8900,1233.3400,1057.7900,1276.8800,1165.3500
2009-03-31,3174.5200,3042.2900,1183.4900,1256.0000,1081.1700,1299.2600,1190.7400
2009-04-01,3215.4700,3081.9300,1214.0200,1273.2400,1097.3400,1319.6900,1213.7200
2009-04-02,3371.4200,3220.2400,1247.3200,1327.3800,1139.5100,1371.4800,1271.6700
2009-04-06,3426.5900,3279.0900,1284.2700,1353.2800,1164.2500,1401.7200,1316.4200
2009-04-08,3513.0300,3364.3600,1333.3500,1392.1800,1201.7000,1441.7500,1350.3800
2009-04-09,3521.4300,3375.5900,1354.3500,1404.3900,1221.0100,1454.6400,1396.0400
2009-04-13,3571.5600,3445.8800,1398.2400,1439.7300,1259.2600,1493.0600,1449.1700
2009-04-15,3684.9400,3568.3300,1467.2100,1491.2500,1305.5500,1551.9500,1516.7600
2009-04-16,3557.6700,3439.1900,1398.2700,1429.9700,1243.7400,1489.9000,1439.8900
2009-04-17,3581.4800,3464.0000,1407.8300,1442.1500,1256.0600,1500.7500,1450.2800
2009-04-20,3585.3500,3476.1500,1432.0900,1454.9600,1276.5500,1512.9600,1462.0000
2009-04-21,3570.5000,3464.1500,1440.2200,1451.4900,1275.8300,1510.5400,1452.1300
2009-04-22,3534.4300,3427.3600,1414.4300,1434.7800,1259.4400,1491.2800,1416.2100
2009-04-23,3632.2300,3508.3700,1423.8200,1462.9100,1276.2200,1517.9000,1450.0200
2009-04-24,3695.4600,3566.7200,1447.1100,1486.7800,1296.4300,1542.8900,1477.4400
2009-04-27,3681.2900,3546.6000,1435.1900,1479.1800,1290.4100,1532.9900,1456.4100
2009-04-28,3563.1500,3432.1800,1388.2000,1427.6400,1241.9900,1483.3500,1396.6200
2009-04-29,3679.1600,3531.1400,1406.3600,1463.1300,1265.5200,1517.8700,1417.2300
2009-05-04,3864.7600,3697.0500,1450.6600,1526.2500,1312.9000,1582.6200,1488.0100
2009-05-05,3880.6700,3724.3800,1480.2200,1542.0200,1332.1200,1601.0000,1519.4000
2009-05-06,3834.9000,3684.1400,1478.4900,1524.6500,1316.9800,1585.8800,1493.8900
2009-05-07,3899.7100,3754.8900,1518.1900,1559.2400,1353.2300,1621.4900,1550.0500
2009-05-08,3835.7900,3707.7000,1514.5600,1550.1000,1357.8000,1610.1900,1543.3000
2009-05-11,3768.8600,3645.0600,1489.5800,1524.2600,1335.8500,1583.1500,1515.6500
2009-05-12,3896.0800,3746.9900,1506.5700,1555.7600,1349.7600,1616.2400,1544.4300
2009-05-13,3855.0700,3711.9700,1501.0600,1547.2300,1349.1300,1605.5000,1544.2100
2009-05-14,3825.5700,3695.1300,1505.4000,1547.1900,1357.4600,1604.2600,1558.0000
2009-05-15,3905.2400,3758.2600,1515.4400,1571.0300,1374.7500,1626.4100,1577.1000
2009-05-18,4580.1700,4367.9700,1644.4100,1798.8200,1536.2000,1842.3500,1810.1500
2009-05-19,4597.2000,4388.9300,1693.0800,1827.0700,1583.1300,1871.4600,1841.2000
2009-05-20,4578.2100,4432.1800,1844.8400,1884.7400,1682.4600,1940.1600,1981.9500
2009-05-21,4524.6700,4413.8900,1888.7100,1882.4300,1689.5200,1948.0200,2000.4700
2009-05-22,4555.5400,4450.2400,1949.1400,1902.2900,1714.3200,1977.0300,2031.1700
2009-05-25,4570.7800,4512.1200,2034.6100,1944.5500,1773.1700,2025.7200,2098.6100
2009-05-26,4436.4100,4390.0800,1964.5000,1888.5100,1716.8200,1964.8800,2034.2500
2009-05-27,4610.0100,4565.9900,2036.5000,1962.4200,1781.5000,2039.8300,2114.5100
2009-05-28,4665.5400,4626.2200,2030.9900,1983.6800,1794.1500,2057.1500,2142.6900
2009-05-29,4780.6300,4748.5200,2089.5000,2036.0700,1841.1700,2112.5400,2220.8500
2009-06-01,4877.9000,4847.0800,2156.4900,2083.8300,1892.2300,2165.6500,2291.2900
2009-06-02,4866.9200,4830.2400,2187.0100,2084.5900,1903.9900,2168.4000,2305.3400
2009-06-03,4880.9800,4850.1300,2228.7600,2102.9400,1933.9000,2191.0100,2348.0100
2009-06-04,4935.9800,4920.1300,2269.6600,2144.8300,1985.9000,2228.9300,2366.3700
2009-06-05,4951.7900,4923.4100,2249.3100,2141.4100,1976.3600,2224.3600,2360.6700
2009-06-08,4769.8300,4727.3700,2126.5100,2044.3800,1871.3600,2119.8200,2192.2200
2009-06-09,4913.6100,4858.2600,2166.1500,2100.4800,1920.7800,2172.6900,2244.5400
2009-06-10,5025.7800,4955.2300,2175.7200,2136.8700,1945.6100,2206.2300,2260.2100
2009-06-11,5009.1600,4927.9200,2163.3300,2128.2400,1940.9500,2193.4800,2273.4800
2009-06-12,4953.5200,4867.7900,2113.6000,2093.0100,1896.8300,2158.1500,2238.3900
2009-06-15,4854.8000,4774.0200,2069.0000,2048.6500,1852.3100,2114.9900,2194.6400
2009-06-16,4906.7600,4834.8700,2106.9000,2082.3600,1891.4100,2146.8000,2252.5700
2009-06-17,4724.8700,4655.6600,2024.5000,2005.1600,1821.8500,2068.1700,2141.5200
2009-06-18,4614.9200,4534.3300,1950.4900,1951.6300,1770.8600,2009.2300,2051.9800
2009-06-19,4684.0900,4596.0000,1972.8000,1980.1500,1798.6800,2035.4700,2100.0000
2009-06-22,4606.5100,4529.1400,1962.6800,1958.7400,1788.6500,2012.8500,2079.7800
2009-06-23,4615.7200,4545.5500,1963.2700,1966.8500,1796.8300,2019.1800,2074.2900
2009-06-24,4675.2400,4607.5400,2006.6400,2002.7400,1840.0100,2051.5300,2119.0100
2009-06-25,4628.1300,4562.4300,2005.6900,1986.3800,1830.0100,2036.5800,2094.5700
2009-06-26,4768.6300,4680.3000,2042.8700,2036.2600,1873.1900,2084.9900,2140.6300
2009-06-29,4794.1400,4725.8200,2073.9800,2058.2200,1896.7800,2109.2100,2171.2600
2009-06-30,4675.4700,4612.2200,2021.4100,2004.6000,1842.5800,2056.7600,2106.2300
2009-07-01,4726.4100,4657.3400,2026.6200,2024.7400,1860.8400,2073.3600,2125.5400
2009-07-02,4734.0400,4689.1600,2039.7500,2038.2700,1872.5900,2087.7200,2152.9800
2009-07-03,4817.7900,4744.4200,2049.5500,2058.2700,1885.4100,2106.6800,2171.0300
2009-07-06,4539.7700,4488.8700,1964.4500,1945.8700,1783.1100,2000.5800,2047.5800
2009-07-07,4581.0500,4500.6100,1955.1400,1957.2900,1800.1300,2004.9000,2046.9200
2009-07-08,4445.6800,4384.4500,1887.7100,1899.8700,1738.5800,1946.9100,1967.4000
2009-07-09,4451.6700,4399.7700,1887.0400,1910.3200,1751.6600,1953.3900,1969.6100
2009-07-10,4363.6900,4318.7200,1855.9600,1872.8300,1715.4600,1918.8400,1931.9900
2009-07-13,4323.9200,4258.7600,1802.2900,1831.3900,1658.0900,1878.9600,1865.3000
2009-07-14,4485.7000,4412.1800,1875.1600,1902.6000,1729.3500,1951.3900,1947.1400
2009-07-15,4625.4300,4575.5200,1959.0400,1975.8300,1799.5300,2027.6800,2056.8700
2009-07-16,4620.0100,4584.9200,1972.4900,1980.1000,1804.0300,2033.8400,2060.0100
2009-07-17,4771.0300,4717.8400,2017.7300,2034.0500,1848.2600,2088.3000,2110.0700
2009-07-20,4912.6200,4836.3100,2070.5300,2086.6400,1897.2100,2140.4900,2162.7200
2009-07-21,4880.7000,4799.1500,2069.4000,2074.7200,1892.8100,2132.5700,2172.0900
2009-07-22,4802.4100,4748.8300,2053.5600,2054.4000,1876.5200,2113.5000,2148.9400
2009-07-23,4932.4500,4857.2200,2106.7300,2097.7800,1910.9500,2158.9800,2206.2000
2009-07-24,4984.9800,4915.7800,2142.7400,2127.9700,1945.4300,2190.8500,2263.2200
2009-07-27,4995.4100,4940.6700,2169.9200,2149.7500,1979.3200,2211.0200,2297.6200
2009-07-28,4993.8900,4964.8800,2201.8500,2165.5000,2001.9000,2230.5300,2323.4700
2009-07-29,4935.2000,4911.1300,2172.9200,2143.2700,1983.4100,2207.4300,2294.3300
2009-07-30,5000.2900,4959.5700,2191.2500,2159.5600,1992.4100,2227.5300,2316.4800
2009-07-31,5071.1900,5017.0700,2199.9400,2185.0200,2016.1700,2251.4500,2341.7000
2009-08-03,5156.7500,5097.0000,2226.0100,2225.1000,2059.0800,2288.3600,2397.9900
2009-08-04,5124.1900,5073.9300,2229.2700,2219.9500,2061.3300,2284.3200,2409.1100
2009-08-05,5142.5600,5102.0900,2246.4400,2227.0900,2062.3600,2298.4300,2408.9900
2009-08-06,5020.6400,4989.5100,2212.2700,2175.6700,2012.7300,2250.4500,2353.3000
2009-08-07,4905.4800,4884.3700,2167.0900,2129.3100,1969.7800,2203.9900,2305.1600
2009-08-10,4856.1800,4833.1600,2134.7600,2102.7400,1939.5800,2176.6100,2263.7500
2009-08-11,4892.9200,4863.5900,2149.8200,2118.1900,1956.1600,2190.3400,2287.4400
2009-08-12,4879.2800,4854.6800,2158.5200,2118.1400,1961.8100,2191.8700,2282.3900
2009-08-13,5044.4200,5011.3100,2242.9200,2189.1100,2030.8400,2266.4000,2389.2700
2009-08-14,5016.7300,4999.9400,2243.7400,2187.6700,2034.1800,2264.9400,2404.3600
2009-08-17,4806.5000,4808.9200,2175.2600,2102.7000,1955.0900,2182.7800,2290.1400
2009-08-18,4891.2100,4889.1400,2214.7000,2140.7200,1993.8100,2220.9900,2351.2300
2009-08-19,4816.2800,4810.8500,2205.3000,2111.9900,1975.5100,2193.6300,2310.4800
2009-08-20,4878.0300,4870.9100,2224.0300,2133.9700,1989.8400,2217.8500,2336.9400
2009-08-21,4954.6000,4938.4800,2256.2400,2165.4000,2020.9700,2249.3500,2369.6900
2009-08-24,5076.5600,5043.2800,2317.5700,2215.0500,2072.6600,2301.6400,2442.0000
2009-08-25,5092.6100,5063.2300,2339.8600,2223.7800,2081.9700,2316.1500,2450.2600
2009-08-26,5119.9400,5098.5500,2385.9000,2242.5900,2105.5700,2341.9000,2470.2400
2009-08-27,5124.5800,5113.4700,2397.1900,2249.3600,2113.1500,2350.6100,2479.5300
2009-08-28,5173.0200,5157.4100,2421.6000,2267.2500,2127.9200,2370.7900,2492.1800
2009-08-31,5106.5700,5125.1800,2435.3000,2261.0300,2133.8400,2367.1700,2492.0900
2009-09-01,5063.5100,5076.2400,2399.2200,2235.6900,2105.2400,2341.3600,2453.9300
2009-09-02,5042.6300,5058.2600,2391.9100,2224.9400,2091.8600,2333.8500,2449.4700
2009-09-03,5031.0900,5053.4000,2398.6600,2226.5800,2099.2600,2337.3100,2470.8700
2009-09-04,5121.1200,5124.8800,2423.4800,2253.9600,2118.9900,2365.4900,2502.8600
2009-09-07,5236.3000,5240.3000,2485.0800,2304.3900,2166.2800,2419.5900,2562.4000
2009-09-08,5254.3400,5247.7800,2483.7100,2304.2200,2161.2400,2420.8100,2579.1400
2009-09-09,5264.0500,5242.1800,2485.7500,2300.5800,2155.9700,2418.5700,2586.0100
2009-09-10,5268.9800,5238.3800,2473.2500,2297.7900,2151.6500,2413.5200,2584.2600
2009-09-11,5275.2900,5229.9000,2461.0500,2297.5300,2154.8400,2410.8800,2622.6000
2009-09-14,5262.0800,5223.4700,2461.8300,2298.5000,2160.5300,2410.5100,2641.2600
2009-09-15,5360.4000,5309.0700,2498.1900,2338.0200,2199.3300,2449.9200,2709.1900
2009-09-16,5431.4100,5370.9800,2518.4900,2365.8600,2226.0300,2477.3100,2761.1800
2009-09-17,5441.4900,5376.4900,2516.8800,2373.7400,2240.1600,2481.7100,2761.2900
2009-09-18,5460.0100,5406.3100,2531.1900,2388.4100,2256.2400,2496.5900,2765.9900
2009-09-22,5504.9200,5438.8900,2551.4600,2405.1600,2275.4300,2514.7700,2791.3200
2009-09-23,5448.6700,5384.1700,2513.4800,2378.7900,2246.9000,2484.2400,2779.0600
2009-09-24,5468.1200,5401.0100,2522.1100,2389.5200,2261.4500,2494.8400,2793.1900
2009-09-25,5446.4300,5401.6200,2548.0800,2396.4400,2278.2600,2504.0200,2795.0500
2009-09-29,5495.2700,5442.7300,2559.8400,2413.9700,2293.6700,2522.0300,2817.3800
2009-09-30,5576.5000,5505.0400,2586.2600,2441.3500,2318.4700,2549.0400,2876.9100
2009-10-01,5578.6800,5505.5500,2575.5400,2436.1800,2306.4500,2544.7600,2845.8900
2009-10-05,5487.1500,5408.8600,2525.5100,2392.1200,2263.4900,2498.6400,2778.6900
2009-10-06,5515.4200,5410.5500,2511.2000,2391.1300,2259.5000,2493.4600,2778.6200
2009-10-07,5484.4700,5403.8500,2524.9700,2401.0000,2285.8700,2499.6900,2806.1700
2009-10-08,5506.1400,5426.0000,2533.4200,2413.6800,2301.2000,2510.5900,2842.7600
2009-10-09,5449.4000,5385.9400,2515.7600,2397.1400,2287.3800,2493.1600,2808.5800
2009-10-12,5567.5300,5480.1600,2541.9600,2434.3700,2315.5000,2530.6100,2842.5100
2009-10-14,5645.2100,5559.8000,2589.4600,2471.5800,2353.6000,2569.0900,2889.7600
2009-10-15,5647.3500,5568.0900,2607.6800,2480.2100,2369.2500,2579.5100,2911.7400
2009-10-16,5690.4800,5609.2700,2623.9000,2501.7800,2393.9200,2600.5100,2938.2900
2009-10-17,5691.2300,5625.4300,2647.0600,2513.1000,2411.0500,2613.7000,2945.0100
2009-10-20,5664.5400,5606.9000,2647.5400,2509.6200,2414.2600,2609.3500,2984.1800
2009-10-21,5601.7200,5553.2800,2641.9400,2484.3800,2389.8800,2588.8200,2944.4500
2009-10-22,5517.7000,5468.6800,2589.9800,2441.2500,2341.3200,2547.1100,2891.0800
2009-10-23,5532.6500,5488.6600,2600.9900,2458.3100,2368.8700,2561.0700,2910.4900
2009-10-26,5499.5400,5439.2200,2561.3200,2428.6000,2330.7000,2534.3700,2860.8200
2009-10-27,5355.6700,5295.4800,2459.5700,2352.5800,2240.8400,2456.2100,2735.9800
2009-10-28,5337.3600,5281.2300,2449.6400,2349.9300,2242.8900,2452.2600,2710.8700
2009-10-29,5249.6700,5192.4600,2419.6800,2305.9400,2196.4100,2413.7000,2653.6000
2009-10-30,5215.4300,5152.9700,2408.9600,2291.8400,2187.6900,2397.5700,2643.2200
2009-11-03,5053.5900,4984.8300,2304.0100,2215.3100,2111.4000,2314.2100,2525.1200
2009-11-04,5216.8400,5130.2900,2354.5100,2281.9100,2176.4300,2378.8600,2590.9000
2009-11-05,5286.0700,5215.3300,2393.9100,2321.8600,2217.3300,2419.6000,2649.3200
2009-11-06,5330.0800,5283.7000,2449.5400,2361.4200,2268.5100,2460.7100,2703.2800
2009-11-09,5448.1000,5385.8800,2493.2000,2409.6500,2316.9400,2506.6400,2765.3800
2009-11-10,5430.2300,5396.4700,2488.4500,2413.6600,2319.6300,2509.8100,2751.4800
2009-11-11,5563.1500,5525.2300,2534.9500,2468.7500,2367.8900,2564.2600,2818.7100
2009-11-12,5498.8100,5462.6700,2524.1900,2443.1200,2347.4200,2541.6400,2777.4000
2009-11-13,5548.9500,5503.3200,2534.9700,2455.9700,2352.4300,2556.3500,2787.1200
2009-11-16,5614.2900,5567.2800,2561.2500,2482.9100,2375.9600,2584.2800,2816.4200
2009-11-17,5620.1900,5565.4200,2563.0700,2481.5700,2374.2600,2584.0800,2822.1400
2009-11-18,5613.0000,5570.7800,2577.1000,2487.8300,2386.3100,2591.6400,2842.6900
2009-11-19,5538.0500,5496.6500,2539.8000,2452.0600,2348.4300,2556.2200,2789.6500
2009-11-20,5602.7500,5547.6500,2560.9600,2477.8200,2376.1700,2579.1000,2852.9600
2009-11-23,5652.7400,5592.1100,2576.1600,2494.1000,2387.1200,2598.1300,2859.0200
2009-11-24,5644.6300,5589.5100,2582.9400,2495.8600,2393.2700,2600.7400,2878.0800
2009-11-25,5660.9900,5597.1900,2584.1200,2496.9100,2391.4200,2603.2400,2897.5800
2009-11-26,5555.4100,5512.6300,2559.2500,2458.0600,2353.7500,2566.6600,2854.0200
2009-11-27,5484.8300,5442.6200,2502.8800,2426.9800,2322.7600,2529.0900,2816.0400
2009-11-30,5585.1900,5544.8200,2554.5300,2471.1000,2363.0200,2576.1400,2864.1700
2009-12-01,5687.1600,5639.7700,2607.2500,2514.1000,2405.2100,2621.7000,2928.6100
2009-12-02,5693.2000,5650.0800,2630.0400,2524.6000,2424.4500,2634.3700,2945.2200
2009-12-03,5707.6400,5680.9500,2649.4500,2535.5500,2431.5700,2647.7800,2957.0100
2009-12-04,5686.3700,5669.8200,2658.4200,2529.8800,2426.2400,2646.6000,2963.2900
2009-12-07,5635.8200,5617.4900,2643.9200,2508.2600,2408.7100,2626.0600,2934.2200
2009-12-08,5727.9900,5691.4400,2673.6900,2539.4400,2435.6200,2657.7200,2987.0100
2009-12-09,5685.2400,5669.6800,2676.1100,2525.6100,2417.9900,2650.0400,2962.1900
2009-12-10,5710.3300,5695.9100,2696.5600,2535.6100,2426.1700,2663.8400,2998.1900
2009-12-11,5689.9700,5675.3200,2677.5800,2525.1500,2413.8400,2651.4000,2959.3500
2009-12-14,5677.1000,5660.0200,2669.4600,2511.8500,2392.7100,2641.4200,2926.9200
2009-12-15,5594.4300,5582.1800,2630.8700,2476.3600,2357.7500,2604.2700,2886.3000
2009-12-16,5605.6600,5587.7100,2641.1300,2481.0000,2365.3200,2608.9400,2900.0800
2009-12-17,5612.0000,5603.9500,2665.6200,2493.3600,2384.6300,2622.9600,2921.2600
2009-12-18,5555.2600,5555.3000,2660.8500,2471.9600,2365.9600,2605.3000,2901.3700
2009-12-21,5518.8200,5527.6300,2655.3900,2460.3200,2356.0500,2593.3800,2885.0700
2009-12-22,5560.3300,5579.3000,2674.4800,2484.1800,2378.4700,2615.6100,2924.5900
2009-12-23,5722.7100,5721.5300,2710.4300,2537.7900,2414.9100,2670.2300,2983.6700
2009-12-24,5761.3000,5755.8800,2723.1700,2554.2900,2432.1000,2686.2800,3003.2800
2009-12-29,5767.6600,5769.1300,2747.9900,2564.1200,2447.7700,2698.8500,3015.3000
2009-12-30,5752.6500,5764.6000,2779.5100,2565.1900,2454.8800,2705.8300,3028.2800
2009-12-31,5784.6900,5794.3400,2790.5000,2575.6300,2460.6800,2717.4000,3040.6800
2010-01-04,5824.8400,5846.1600,2832.3300,2606.6100,2501.6200,2748.4900,3106.6400
2010-01-05,5881.5900,5910.9900,2857.0200,2638.7400,2535.7400,2777.7900,3173.7700
2010-01-06,5893.1400,5919.8200,2875.7400,2647.6700,2551.9300,2787.1300,3188.7200
2010-01-07,5867.9200,5904.9300,2891.1500,2645.3300,2557.2300,2787.9800,3189.1700
2010-01-08,5849.8800,5896.5900,2900.4400,2641.7900,2554.8300,2786.2800,3173.2600
2010-01-11,5861.5500,5933.1600,2943.8900,2662.2200,2581.6500,2811.1200,3213.1600
2010-01-12,5815.3200,5878.6300,2914.9500,2636.9500,2555.6800,2783.6800,3150.5700
2010-01-13,5842.4500,5910.6100,2934.7300,2651.1400,2569.8300,2800.9500,3169.2000
2010-01-14,5875.2200,5957.2500,2969.3900,2675.2200,2598.0300,2827.0400,3188.0200
2010-01-15,5865.6300,5980.9300,2987.0600,2688.9300,2616.3700,2842.3700,3198.0200
2010-01-18,5891.3400,6023.0800,3006.8900,2708.6800,2636.6700,2862.7700,3228.1800
2010-01-19,5836.5000,5982.6000,2994.2300,2693.0700,2625.5100,2846.3500,3215.2100
2010-01-20,5832.1900,5961.6900,3000.3500,2685.2000,2620.9600,2840.7800,3201.5800
2010-01-21,5689.2100,5813.9100,2926.5200,2620.1700,2559.9500,2771.8500,3124.1100
2010-01-22,5627.3500,5770.4100,2896.9900,2598.8800,2536.6400,2748.9400,3095.1000
2010-01-25,5585.0100,5727.3900,2867.8300,2574.0500,2504.7300,2723.5800,3061.4000
2010-01-27,5408.1400,5522.8200,2742.8400,2477.8000,2403.9700,2619.8000,2928.2900
2010-01-28,5430.4800,5538.9500,2743.2700,2484.7300,2409.3200,2625.5600,2928.7100
2010-01-29,5451.4100,5563.8600,2772.5200,2502.5600,2436.7800,2643.8200,2961.4200
2010-02-01,5482.7700,5618.3900,2815.3200,2535.6600,2481.9600,2677.2900,3013.5900
2010-02-02,5407.9000,5540.8000,2788.6600,2503.7200,2455.4400,2643.6000,2979.0800
2010-02-03,5521.9700,5640.1000,2826.1100,2545.8100,2491.3000,2685.0600,3025.5200
2010-02-04,5424.3800,5543.7800,2782.4500,2498.3000,2440.1500,2639.2700,2955.8100
2010-02-05,5286.0500,5388.9200,2701.6700,2429.6200,2374.4400,2566.3700,2874.4700
2010-02-06,5333.9300,5446.7800,2744.6600,2459.1400,2408.8900,2598.5300,2909.6600
2010-02-08,5337.8200,5447.3700,2734.5400,2459.8900,2409.5300,2597.6500,2907.5600
2010-02-09,5371.9400,5497.0200,2751.8600,2480.4400,2426.3500,2618.5500,2921.2500
2010-02-10,5336.8500,5464.5400,2748.0400,2471.6700,2426.3800,2608.5200,2914.8900
2010-02-11,5408.5400,5523.3800,2773.2900,2494.3500,2443.0400,2633.6700,2938.3300
2010-02-15,5382.0600,5486.6800,2757.9800,2478.1500,2428.1900,2618.0700,2914.9900
2010-02-16,5439.3400,5538.1800,2768.4800,2498.9000,2444.0800,2638.6100,2946.5000
2010-02-17,5503.2600,5587.6100,2789.5000,2521.8900,2467.2300,2661.6800,2995.1000
2010-02-18,5471.9000,5553.3600,2777.8500,2507.3000,2454.4100,2647.2200,3000.0000
2010-02-19,5421.6500,5495.5400,2738.1900,2478.7200,2422.6200,2616.4700,2961.6600
2010-02-22,5426.6500,5484.3300,2717.0700,2468.4900,2404.9100,2605.4000,2961.5800
2010-02-23,5437.6800,5478.2500,2692.9400,2458.6600,2384.4400,2595.1400,2930.2300
2010-02-24,5427.6700,5466.1500,2681.1100,2448.1600,2367.6500,2586.2600,2914.4800
2010-02-25,5427.1300,5455.0300,2673.5400,2438.0400,2351.4500,2579.9200,2890.7200
2010-02-26,5501.7000,5529.0100,2702.1200,2476.1800,2393.8800,2614.2000,2935.9400
2010-03-02,5608.5300,5615.7300,2759.0700,2522.6100,2449.7200,2661.5100,2978.3800
2010-03-03,5692.3500,5692.8300,2791.3500,2558.4700,2485.9500,2697.8900,3025.1900
2010-03-04,5694.2000,5709.5700,2810.1800,2572.7900,2509.4200,2710.3800,3055.6400
2010-03-05,5707.2800,5720.1800,2827.4500,2582.7200,2526.6200,2719.7900,3083.4900
2010-03-08,5743.7300,5743.6000,2852.2400,2594.7500,2541.3700,2734.9000,3103.2600
2010-03-09,5713.5400,5696.2300,2827.7300,2574.7700,2524.4000,2714.1600,3065.6100
2010-03-10,5723.6300,5698.3000,2823.4600,2572.5700,2517.6000,2712.6100,3059.2800
2010-03-11,5735.5800,5697.0300,2812.1300,2570.4300,2512.8400,2709.8500,3032.1400
2010-03-12,5739.3100,5697.8100,2808.4100,2568.3100,2507.3600,2708.1600,3039.9500
2010-03-15,5726.2100,5671.3000,2781.3600,2553.7900,2488.5200,2690.6700,3023.4300
2010-03-16,5796.5700,5725.1800,2812.2600,2579.0500,2514.4500,2717.2600,3062.0200
2010-03-17,5831.2800,5766.1000,2816.1400,2594.6900,2525.5600,2733.6300,3063.5600
2010-03-18,5846.7800,5771.4300,2819.7100,2600.4200,2535.2300,2738.3100,3065.7200
2010-03-19,5866.6600,5794.7700,2829.9900,2607.8000,2538.1000,2748.1600,3064.9600
2010-03-22,5804.3100,5734.0800,2806.6500,2579.6900,2510.2300,2720.0500,3025.5600
2010-03-23,5826.8300,5745.8100,2815.1100,2586.1700,2518.7200,2727.1900,3027.8500
2010-03-25,5861.8300,5754.4400,2816.6900,2590.0400,2522.5500,2731.6600,3020.0500
2010-03-26,5892.4600,5780.6700,2824.3400,2604.5300,2539.6400,2743.7800,3052.4300
2010-03-29,5915.6900,5791.4000,2817.2600,2608.3700,2541.2500,2745.9200,3098.9300
2010-03-30,5879.8400,5781.0600,2839.5700,2606.3800,2545.1800,2749.8700,3118.2300
2010-03-31,5868.7700,5781.0900,2857.1500,2607.6400,2549.0700,2754.1300,3119.0500
2010-04-01,5912.5000,5823.9300,2904.7700,2630.0600,2576.8400,2781.6500,3137.3500
2010-04-05,6000.4100,5902.6000,2942.4400,2667.7300,2616.5500,2820.2700,3180.5800
2010-04-06,6000.0500,5911.2400,2950.8200,2678.4700,2636.4900,2827.8600,3212.4800
2010-04-07,6011.5200,5930.9000,2968.0900,2690.9600,2653.2800,2839.7400,3231.8000
2010-04-08,5941.7600,5873.0500,2959.1600,2669.7500,2641.1100,2819.6800,3209.9800
2010-04-09,5996.5300,5911.1600,2990.5100,2687.8800,2661.1100,2841.2200,3236.4400
2010-04-12,5969.1400,5890.5900,2997.5900,2679.6200,2656.5600,2837.2900,3228.2300
2010-04-13,5955.5100,5876.7100,2990.1000,2673.9500,2650.5400,2830.7800,3214.8500
2010-04-15,5905.0800,5844.6400,2989.1400,2663.6200,2647.0700,2820.6900,3203.8800
2010-04-16,5891.3500,5821.6600,2979.9300,2652.1500,2634.5500,2809.9000,3203.3500
2010-04-19,5825.6100,5751.8800,2930.4400,2623.4400,2609.2500,2774.1500,3163.8500
2010-04-20,5860.9900,5791.4900,2971.6900,2646.4400,2640.4200,2800.8200,3212.1300
2010-04-21,5882.3900,5824.5700,3005.6700,2662.1800,2658.9500,2822.1100,3231.8500
2010-04-22,5907.5300,5841.0000,3004.3900,2666.8800,2658.5500,2825.6700,3239.5400
2010-04-23,5941.2000,5857.6300,3018.2400,2673.5900,2664.3900,2834.7700,3258.5900
2010-04-26,5960.9100,5877.5100,3028.7600,2686.3300,2681.5900,2845.8400,3298.1500
2010-04-27,5944.2500,5870.1600,3028.0400,2682.6400,2677.3000,2842.6300,3288.4600
2010-04-28,5846.2200,5785.4000,2971.9500,2642.0500,2634.3700,2800.0800,3237.5900
2010-04-29,5888.5200,5816.5300,3003.3000,2661.5000,2661.7900,2821.3200,3264.4200
2010-04-30,5925.1400,5856.5000,3020.2400,2684.0600,2689.6000,2841.5500,3308.5700
2010-05-03,5871.5700,5820.6200,3006.1200,2668.2700,2674.7500,2825.1300,3289.2200
2010-05-04,5783.9900,5735.6500,2961.4400,2628.2600,2633.0800,2782.9200,3224.4500
2010-05-05,5772.1600,5727.1800,2953.9600,2629.3600,2641.1500,2781.0700,3243.2200
2010-05-06,5734.9200,5707.4100,2953.4100,2620.3000,2633.4900,2776.2300,3239.0500
2010-05-07,5642.2100,5607.5800,2870.8500,2566.9400,2567.3600,2719.3600,3161.6700
2010-05-10,5833.1700,5765.4900,2938.0100,2633.5300,2624.8900,2789.6100,3229.5300
2010-05-11,5768.7800,5700.3300,2913.7600,2607.0200,2603.8800,2761.9800,3201.4100
2010-05-12,5798.2600,5718.9800,2914.8900,2613.5100,2607.0200,2768.3100,3209.8100
2010-05-13,5831.7800,5755.0800,2937.0900,2637.8000,2642.3300,2788.3300,3223.2000
2010-05-14,5738.9500,5682.7900,2900.8300,2607.2200,2615.6500,2755.2000,3200.7500
2010-05-17,5707.8600,5651.3400,2883.5400,2595.9400,2608.4200,2740.7600,3195.3300
2010-05-18,5712.1500,5656.9700,2895.9200,2603.5200,2623.6000,2747.0000,3200.8700
2010-05-19,5550.4500,5508.4000,2828.8100,2532.7100,2550.3400,2678.2500,3120.9600
2010-05-20,5579.6500,5545.1200,2823.8300,2541.5200,2544.8900,2685.6000,3122.7400
2010-05-21,5554.0500,5502.3800,2784.7000,2516.4800,2510.7400,2659.1500,3090.5500
2010-05-24,5565.2900,5514.6900,2790.4500,2522.9700,2517.8500,2665.7100,3095.2200
2010-05-25,5408.5900,5368.6200,2704.0600,2454.4700,2446.7400,2592.4400,3010.2000
2010-05-26,5530.3000,5461.5800,2745.5000,2493.1400,2478.8300,2633.5200,3035.1200
2010-05-27,5620.1800,5535.6200,2769.9000,2523.9600,2503.9100,2664.2300,3071.6200
2010-05-28,5699.0800,5617.6000,2807.8100,2563.6600,2546.6800,2703.5400,3111.3900
2010-05-31,5729.8600,5670.9800,2836.1600,2590.3700,2576.3900,2730.2500,3151.7700
2010-06-01,5603.9800,5567.0200,2809.0900,2549.0900,2545.6900,2688.5400,3104.9500
2010-06-02,5659.2500,5621.5900,2825.6400,2572.2200,2565.4800,2711.8900,3133.4000
2010-06-03,5759.4400,5707.0900,2853.9400,2607.6100,2594.8900,2748.6700,3173.2800
2010-06-04,5785.1900,5720.9300,2854.4300,2615.1700,2603.4900,2754.6300,3179.2700
2010-06-07,5675.5200,5622.3600,2817.5700,2574.3300,2570.1400,2713.4200,3127.9800
2010-06-08,5624.6600,5571.4100,2795.2500,2556.4100,2560.0700,2691.9900,3089.5200
2010-06-09,5655.2600,5602.3500,2800.1600,2572.2000,2576.3200,2706.0300,3100.9100
2010-06-10,5746.5600,5680.4900,2835.9700,2605.3700,2605.2000,2741.5500,3129.5600
2010-06-11,5783.7000,5705.0700,2851.6800,2615.3000,2613.4500,2752.9200,3134.4400
2010-06-14,5863.2400,5775.4200,2883.6700,2643.3100,2634.9000,2784.6200,3174.4800
2010-06-15,5894.2400,5799.5000,2912.1400,2654.5200,2646.9300,2801.6700,3170.4600
2010-06-16,5907.7700,5806.6600,2921.5100,2658.1400,2651.3500,2806.2900,3169.7600
2010-06-17,5949.4100,5839.7200,2932.6700,2670.8200,2660.3400,2819.4100,3177.7800
2010-06-18,5932.3700,5818.6700,2916.1900,2661.0800,2649.8300,2808.2200,3161.7400
2010-06-21,6033.8800,5899.6800,2950.7100,2695.6600,2680.1900,2844.5900,3205.5800
2010-06-22,5993.7000,5872.7800,2953.1100,2687.5400,2679.0100,2837.4900,3225.3000
2010-06-23,6005.3700,5887.6900,2984.3300,2698.4300,2697.3100,2851.4700,3251.4000
2010-06-24,6005.8300,5878.4300,2991.3300,2694.3900,2694.6900,2850.7400,3226.1100
2010-06-25,5953.5800,5869.7400,2976.6800,2685.1900,2677.8200,2842.2800,3263.2600
2010-06-28,6028.0300,5954.9900,3006.1800,2722.0800,2710.2800,2878.9000,3327.7800
2010-06-29,5950.6500,5894.9700,2988.2200,2698.8300,2694.0700,2856.3600,3298.4800
2010-06-30,6008.6000,5944.9300,3004.1700,2718.1800,2707.9300,2877.6900,3338.3800
2010-07-01,5947.8400,5898.7000,2999.6200,2701.0900,2698.2900,2862.7100,3325.3900
2010-07-02,5932.4000,5894.3800,3008.1000,2698.4300,2695.8100,2864.5600,3332.8800
2010-07-05,5930.6400,5890.5900,3016.8500,2700.1800,2703.6100,2867.3900,3333.1200
2010-07-06,5987.5300,5936.4200,3037.0800,2719.7900,2721.1400,2888.7500,3365.3800
2010-07-07,5938.5000,5899.1400,3032.3100,2709.1700,2721.0300,2876.9500,3369.6100
2010-07-08,6002.7100,5953.5300,3046.9400,2735.7800,2748.3000,2901.5200,3410.7200
2010-07-09,6059.5800,6003.7100,3064.1500,2757.8100,2768.3500,2924.0700,3448.0500
2010-07-12,6092.3100,6022.2100,3085.5200,2764.3600,2772.0600,2934.2700,3455.6100
2010-07-13,6113.5800,6044.6200,3104.4300,2778.0100,2790.2400,2946.5000,3477.0600
2010-07-14,6098.5200,6028.6200,3095.0500,2771.1500,2784.1700,2938.7300,3457.5500
2010-07-15,6091.8800,6014.5500,3101.4400,2767.9300,2786.6100,2936.0800,3427.7500
2010-07-16,6112.5700,6044.0900,3117.1100,2780.9600,2799.4400,2951.2200,3446.9500
2010-07-19,6110.1700,6042.7200,3116.8800,2783.0000,2805.3400,2952.2200,3468.2900
2010-07-20,6088.5400,6023.8900,3104.9500,2775.2000,2798.0600,2942.4500,3452.8200
2010-07-21,6123.4000,6056.7700,3117.3700,2790.2400,2812.7700,2957.6100,3466.7000
2010-07-22,6167.1800,6097.1600,3128.1900,2807.7100,2828.2000,2974.3300,3468.3700
2010-07-23,6169.2700,6090.1000,3115.5300,2803.6300,2822.1800,2968.7000,3474.6900
2010-07-26,6135.8700,6055.5900,3088.3600,2782.4300,2793.8700,2948.9500,3430.5400
2010-07-27,6149.2100,6070.9600,3087.6900,2790.3800,2802.3300,2954.4600,3443.4700
2010-07-28,6121.1100,6051.9000,3080.2600,2782.8000,2796.8800,2946.5800,3433.0000
2010-07-29,6134.5500,6047.5800,3085.8700,2783.1900,2801.2200,2948.0200,3432.2000
2010-07-30,6091.7600,6027.1600,3090.5400,2784.0400,2816.7800,2944.0100,3467.4500
2010-08-02,6164.1500,6092.2700,3116.9600,2812.1500,2841.4100,2972.3500,3529.4100
2010-08-03,6175.9300,6109.0000,3130.6400,2820.5700,2850.7200,2980.2900,3559.3500
2010-08-04,6201.9000,6130.5700,3141.1300,2828.4400,2855.7000,2990.8000,3562.7700
2010-08-05,6180.8400,6119.4400,3146.3100,2828.6900,2864.9300,2990.9100,3578.1700
2010-08-06,6170.8300,6114.8900,3154.7400,2830.1600,2872.1800,2991.7200,3568.8600
2010-08-09,6226.9700,6168.6200,3197.2100,2858.4000,2905.8400,3020.9700,3627.3500
2010-08-10,6201.2700,6139.6500,3189.1400,2844.5900,2890.5100,3005.8500,3607.6000
2010-08-11,6154.9200,6109.6600,3178.7300,2831.9600,2880.7600,2995.2000,3600.2700
2010-08-12,6156.9600,6122.2500,3177.4200,2837.9300,2886.4100,2999.7900,3636.9900
2010-08-13,6201.6300,6164.9500,3202.3800,2860.3500,2912.8500,3022.4100,3673.6100
2010-08-16,6167.8300,6135.5900,3202.4800,2852.3100,2913.7100,3013.0900,3685.4500
2010-08-17,6169.7300,6141.8500,3222.3600,2861.0600,2932.0400,3021.8400,3731.1100
2010-08-18,6240.6400,6199.0200,3248.5100,2886.6600,2956.2900,3048.7600,3775.3700
2010-08-19,6308.0800,6241.2400,3284.2000,2908.5000,2982.5400,3072.2500,3799.1400
2010-08-20,6298.4500,6238.3000,3287.1300,2908.1800,2983.6000,3072.3600,3793.7800
2010-08-23,6314.0400,6273.6200,3308.7400,2925.3000,3003.5800,3092.7300,3858.9800
2010-08-24,6271.2200,6232.5900,3292.8400,2904.6400,2980.8900,3072.7400,3815.3200
2010-08-25,6219.0300,6174.8300,3241.7100,2873.0700,2940.6700,3039.3300,3774.9700
2010-08-26,6235.3600,6189.5000,3246.9800,2876.2900,2938.6800,3045.5100,3783.0100
2010-08-27,6159.2800,6133.1100,3214.0500,2849.8400,2911.6900,3018.2800,3753.4000
2010-08-30,6166.7800,6142.7600,3209.0200,2853.1900,2909.2100,3019.2500,3746.0600
2010-08-31,6151.6800,6115.3200,3182.5400,2841.2100,2896.7400,3003.1400,3713.7300
2010-09-01,6234.3200,6205.0400,3243.2300,2883.2500,2940.9800,3050.3300,3779.9100
2010-09-02,6253.8000,6215.9700,3263.9900,2896.8000,2968.6100,3063.2900,3827.3600
2010-09-03,6251.7300,6233.6500,3300.6300,2914.1200,3002.2200,3082.3600,3843.1800
2010-09-06,6358.4700,6328.3200,3352.2800,2952.6900,3034.4900,3129.0000,3883.3400
2010-09-07,6383.5800,6353.9600,3370.0700,2961.1500,3038.1300,3141.7500,3878.6700
2010-09-08,6387.8900,6369.1800,3385.6300,2966.9900,3043.1500,3153.8600,3917.6100
2010-09-09,6425.8900,6398.4100,3400.7300,2983.1400,3062.3500,3169.7100,3962.6400
2010-09-13,6558.9400,6497.3100,3417.1100,3021.2800,3086.2900,3206.3300,3988.4700
2010-09-14,6590.2400,6518.0200,3396.3700,3023.8700,3075.3100,3204.9900,3961.9700
2010-09-15,6657.2400,6562.3500,3397.8800,3036.1000,3074.0200,3219.6800,3965.6300
2010-09-16,6614.2200,6512.7000,3374.7000,3010.7800,3045.1100,3194.9000,3936.3200
2010-09-17,6684.0700,6583.7300,3414.1400,3051.3500,3097.5100,3232.2800,3973.0300
2010-09-20,6784.5200,6656.1500,3428.0900,3079.4100,3114.9900,3259.2800,4012.6600
2010-09-21,6806.9600,6650.7500,3386.4300,3065.5100,3080.9700,3242.8500,3948.7600
2010-09-22,6786.7600,6628.0800,3377.9500,3054.0900,3068.3200,3232.6100,3934.8800
2010-09-23,6755.3500,6604.4800,3372.6800,3044.9300,3062.2200,3224.5100,3926.4100
2010-09-24,6819.8700,6662.0500,3414.6400,3071.7900,3090.5600,3255.7300,3957.9600
2010-09-27,6839.3400,6694.7700,3418.1400,3083.0600,3096.0200,3267.3700,3970.0500
2010-09-28,6835.2300,6697.7800,3415.9900,3086.4200,3101.7500,3268.9700,3981.8100
2010-09-29,6795.7900,6651.0300,3403.9400,3065.4000,3082.2600,3248.6500,3938.1800
2010-09-30,6821.4300,6649.8200,3405.0500,3060.1300,3070.8100,3246.4000,3927.5000
2010-10-01,6951.9200,6776.2900,3458.9900,3114.3300,3118.3000,3305.1200,4009.7200
2010-10-04,6980.3200,6804.4400,3474.6300,3131.9000,3141.9600,3319.9200,4055.5100
2010-10-05,6970.9500,6814.0400,3507.3500,3142.5800,3168.2300,3331.8100,4097.0800
2010-10-06,7022.5900,6873.8800,3549.9500,3172.2900,3203.8100,3362.3700,4157.4400
2010-10-07,6954.5100,6822.3900,3517.0800,3148.3100,3186.0900,3336.7600,4105.8200
2010-10-08,6933.3000,6795.0900,3506.0600,3135.0500,3169.5000,3325.7100,4087.0100
2010-10-11,6976.6900,6838.7100,3552.0800,3156.2900,3194.8200,3353.4100,4117.4500
2010-10-12,6921.8700,6788.0400,3539.8000,3134.9000,3176.5800,3331.7500,4116.1000
2010-10-13,7068.7000,6915.4700,3577.2300,3183.6300,3208.5300,3383.6700,4196.8800
2010-10-14,7013.5800,6865.4200,3560.5900,3165.7400,3198.5800,3363.1500,4169.4300
2010-10-15,6884.7000,6749.2700,3524.8800,3114.0200,3151.5000,3313.2200,4132.9200
2010-10-18,6897.4900,6753.3100,3506.1600,3111.3800,3140.0500,3307.5000,4112.1600
2010-10-19,6850.2500,6717.5700,3512.6900,3103.6100,3147.4200,3300.4900,4120.0200
2010-10-20,6806.1100,6678.2100,3500.4600,3091.7700,3145.8000,3285.9200,4138.2000
2010-10-21,6945.9000,6803.1900,3540.9100,3145.2600,3190.5900,3339.7400,4214.3500
2010-10-22,6913.9100,6780.1400,3554.3800,3141.5000,3198.6500,3336.1500,4263.6000
2010-10-25,6950.3800,6818.2900,3598.3900,3159.7100,3219.6600,3359.9000,4346.5100
2010-10-26,6926.1300,6796.8900,3596.2300,3149.7900,3210.8900,3353.1500,4333.0700
2010-10-27,6856.7000,6736.9300,3578.3700,3129.4900,3202.8600,3330.1100,4332.4300
2010-10-28,6826.8300,6704.1000,3559.7800,3107.3800,3170.8500,3313.7000,4300.0300
2010-10-29,6854.8400,6718.4900,3528.3500,3105.8400,3153.7700,3307.8900,4269.9800
2010-11-01,6966.3800,6827.5700,3573.1900,3160.3400,3214.0200,3360.9500,4361.1500
2010-11-02,6976.5600,6838.4300,3585.2100,3167.6500,3225.2200,3368.0600,4443.0300
2010-11-03,7019.8600,6879.2400,3609.6900,3186.1300,3242.7400,3386.9800,4460.7400
2010-11-04,7144.0100,6987.0700,3626.4100,3230.2200,3274.6900,3427.3200,4499.9300
2010-11-05,7177.2600,7022.5600,3664.2600,3247.2700,3294.4000,3449.0200,4538.1300
2010-11-08,7137.7200,6991.8700,3665.9500,3238.0800,3294.8200,3442.0700,4507.4500
2010-11-09,7171.5600,7024.3700,3681.4300,3251.8600,3307.0700,3458.5900,4534.5600
2010-11-10,7144.3600,7007.9500,3699.2100,3250.0100,3316.6900,3460.3300,4584.5600
2010-11-11,7048.8400,6917.8800,3673.2500,3208.5500,3276.4800,3420.5300,4533.1300
2010-11-12,6906.0000,6773.0500,3586.7700,3137.6900,3197.0000,3343.5000,4405.7800
2010-11-15,6960.3700,6814.3800,3576.1000,3153.7900,3206.2800,3354.6300,4426.8800
2010-11-16,6813.4300,6670.2000,3481.9200,3089.6800,3143.1200,3280.4900,4287.9400
2010-11-18,6827.2900,6675.5000,3463.5000,3086.1500,3128.9300,3276.0200,4304.7300
2010-11-19,6703.6200,6554.5900,3394.6600,3029.1400,3069.0400,3214.8000,4156.0300
2010-11-22,6834.6800,6671.2200,3442.4600,3078.3700,3110.4300,3266.0100,4218.2100
2010-11-23,6752.1300,6590.4100,3387.0100,3045.4000,3082.8300,3226.0500,4157.9700
2010-11-24,6665.6900,6512.0800,3353.4200,3003.2800,3033.0400,3189.3100,4108.8000
2010-11-25,6569.9200,6409.1000,3298.3000,2945.8300,2960.9300,3136.8600,4021.0200
2010-11-26,6499.6200,6320.7800,3163.3300,2895.9400,2891.7700,3073.7500,3884.7800
2010-11-29,6592.2500,6400.4300,3164.2800,2929.8400,2919.4600,3105.3700,3918.6000
2010-11-30,6648.0600,6461.2000,3213.7600,2962.0600,2958.6800,3139.1900,3976.3700
2010-12-01,6767.5600,6589.4700,3303.9800,3032.9100,3048.2100,3211.2400,4109.4000
2010-12-02,6819.8200,6643.3900,3352.1900,3057.3300,3074.0500,3242.4700,4157.5900
2010-12-03,6785.7100,6588.7700,3264.7300,3016.2900,3004.7600,3196.1100,4033.6500
2010-12-06,6776.8400,6577.1100,3247.8200,3007.7900,2991.7400,3188.4200,3985.5900
2010-12-07,6748.1700,6545.8600,3203.5900,2986.1700,2958.7700,3166.3000,3913.2300
2010-12-08,6659.7600,6451.8000,3113.3900,2939.0200,2902.8300,3110.1100,3800.8700
2010-12-09,6493.6300,6268.9300,2954.7100,2839.7600,2777.2600,3000.6800,3580.8700
2010-12-10,6592.3800,6369.1600,3027.9200,2888.4200,2831.0900,3054.7400,3699.8200
2010-12-13,6658.1400,6439.8800,3093.4100,2928.6300,2883.6000,3098.4400,3782.1200
2010-12-14,6708.1100,6498.2700,3148.4000,2958.8400,2921.1600,3135.8600,3859.1300
2010-12-15,6642.9200,6432.7400,3109.9700,2922.6100,2876.2500,3101.1400,3808.6100
2010-12-16,6699.2700,6479.5500,3130.2300,2935.2200,2876.4200,3120.1900,3863.5100
2010-12-20,6698.5800,6478.6500,3144.4900,2930.2200,2865.9200,3121.5300,3846.6400
2010-12-21,6760.6700,6535.4500,3166.8100,2955.3600,2889.7600,3148.2300,3877.8900
2010-12-22,6745.0700,6525.8700,3177.3600,2952.9300,2891.6200,3148.9600,3900.8000
2010-12-23,6733.9600,6517.0300,3179.8800,2946.8000,2883.8600,3146.8500,3892.1500
2010-12-24,6761.3600,6542.3500,3189.4500,2957.5700,2893.2000,3157.8000,3897.6300
2010-12-27,6743.6200,6526.2700,3196.8200,2948.6200,2883.2700,3152.0500,3884.4700
2010-12-28,6740.5900,6525.8400,3207.2700,2947.1700,2881.1700,3153.9700,3866.3600
2010-12-29,6810.6800,6588.0300,3227.2800,2971.0200,2898.0700,3181.7300,3893.7900
2010-12-30,6856.5100,6630.0500,3244.0200,2991.0500,2918.7600,3202.0000,3927.5300
2010-12-31,6900.0100,6679.1200,3282.4000,3018.7900,2954.5900,3230.5300,3981.1300
2011-01-03,6924.5200,6714.8400,3318.5500,3038.4600,2980.8200,3255.8100,4020.0200
2011-01-04,6908.9400,6701.0800,3317.3800,3031.2800,2973.4400,3251.1200,3992.6500
2011-01-05,6833.2700,6628.0800,3276.2900,2994.2200,2931.2900,3213.7200,3935.0000
2011-01-06,6786.6700,6576.6700,3235.5800,2965.4800,2894.4100,3183.7200,3886.5800
2011-01-07,6629.8600,6422.1700,3146.2800,2893.7300,2820.8200,3105.4700,3779.3000
2011-01-10,6467.9500,6267.3400,3065.7900,2823.8900,2752.9700,3031.2500,3684.6900
2011-01-11,6458.8100,6252.0900,3039.4600,2815.6900,2742.2900,3019.7900,3665.6700
2011-01-12,6578.2600,6366.8600,3097.7000,2867.6300,2793.3500,3076.3000,3737.6300
2011-01-13,6468.9800,6272.2000,3081.0800,2829.5100,2764.5800,3038.5600,3684.1800
2011-01-14,6361.8700,6173.4400,3040.5400,2787.5400,2728.2200,2994.6300,3629.3100
2011-01-17,6354.6400,6155.7400,3003.8100,2767.9700,2691.1200,2975.1800,3598.7200
2011-01-18,6424.8500,6216.4000,3014.4300,2789.6800,2702.2700,2996.6500,3620.1800
2011-01-19,6399.7500,6196.8100,3024.0300,2788.0600,2711.5400,2993.7000,3638.1100
2011-01-20,6421.5700,6215.5800,3024.8500,2797.1000,2720.3500,3001.2100,3652.5800
2011-01-21,6411.8900,6209.0200,3037.5700,2796.5900,2724.4800,3003.1200,3691.6700
2011-01-24,6463.4800,6257.7200,3062.8500,2820.1200,2748.9700,3026.3600,3728.7300
2011-01-25,6401.5800,6204.7600,3040.3600,2800.9000,2736.7000,3003.1300,3707.5500
2011-01-27,6300.0900,6103.0900,2986.9200,2748.3400,2676.3800,2952.4900,3643.6600
2011-01-28,6189.3000,5986.2200,2899.1500,2690.2500,2610.5300,2887.3400,3564.5300
2011-01-31,6188.7300,5982.3300,2881.1700,2691.3100,2613.8200,2881.8500,3559.7800
2011-02-01,6088.7800,5884.4000,2841.7800,2644.4300,2564.9900,2835.4300,3481.1900
2011-02-02,6103.2700,5898.3300,2843.3600,2649.0400,2566.6100,2838.9000,3482.1200
2011-02-03,6204.6700,5989.7600,2883.0500,2683.6000,2590.9600,2880.1400,3537.0300
2011-02-04,6068.7900,5868.3500,2844.8700,2636.6100,2557.1800,2829.3300,3479.7800
2011-02-07,6065.5100,5858.3900,2824.4400,2628.3500,2542.8900,2819.9600,3459.5100
2011-02-08,5965.6400,5755.1300,2754.7000,2576.3900,2483.3500,2762.9000,3383.4400
2011-02-09,5883.9700,5650.4700,2636.2100,2515.7900,2401.1400,2691.0400,3269.6200
2011-02-10,5861.0900,5631.8800,2621.1100,2513.2900,2405.6100,2682.7200,3272.7300
2011-02-11,5960.2800,5735.5200,2697.2100,2569.3200,2474.4000,2743.3700,3375.3100
2011-02-14,6133.5800,5905.0600,2806.0000,2647.0600,2553.5200,2830.7800,3509.1200
2011-02-15,6162.7200,5930.5200,2816.6000,2657.6600,2562.7000,2842.2000,3501.1200
2011-02-16,6164.4400,5939.6800,2836.6200,2663.7300,2572.5000,2851.5100,3508.4600
2011-02-17,6237.5600,6005.5200,2867.4800,2692.7800,2599.1100,2880.8000,3541.5200
2011-02-18,6137.0600,5904.4700,2819.0800,2642.6900,2544.2400,2829.7300,3450.7600
2011-02-21,6200.1800,5955.7200,2813.0600,2660.3400,2552.2400,2846.0400,3448.2600
2011-02-22,6143.2000,5901.9600,2796.6700,2635.0300,2527.0500,2822.3900,3400.9800
2011-02-23,6106.1000,5868.5600,2790.2200,2617.2400,2506.7300,2806.1600,3377.1400
2011-02-24,5909.5400,5682.6200,2706.7100,2533.9100,2426.7900,2719.3700,3252.5600
2011-02-25,5954.2800,5717.1900,2696.4600,2545.7300,2431.2200,2728.4500,3249.1100
2011-02-28,5986.1700,5744.7800,2708.0900,2556.1200,2438.3400,2740.6800,3276.6500
2011-03-01,6196.9500,5940.3800,2783.6300,2644.7700,2524.1500,2831.1400,3382.1100
2011-03-03,6210.1600,5952.4200,2778.8800,2654.6400,2538.2700,2835.4400,3375.9800
2011-03-04,6212.9900,5956.6900,2776.2900,2657.7800,2542.7200,2836.9100,3380.6000
2011-03-07,6130.4500,5879.4000,2739.4500,2622.3100,2507.4400,2799.7100,3322.7200
2011-03-08,6193.4400,5939.0500,2765.7100,2648.6300,2532.0300,2828.1900,3359.8700
2011-03-09,6207.8200,5957.6100,2784.9600,2660.1000,2548.2400,2841.8800,3380.7000
2011-03-10,6169.3000,5927.7700,2778.0700,2649.9300,2543.5400,2830.8100,3365.0300
2011-03-11,6114.5600,5876.9300,2751.8700,2625.8500,2519.6000,2806.6800,3335.1500
2011-03-14,6203.8600,5953.6300,2761.7200,2653.8300,2536.2400,2834.4900,3364.0400
2011-03-15,6110.6200,5865.7600,2718.5600,2615.9200,2501.5800,2792.9600,3309.3800
2011-03-16,6181.6100,5935.7800,2757.7400,2649.9800,2538.3300,2829.4900,3356.3300
2011-03-17,6119.4000,5882.9500,2747.3400,2633.8200,2534.1500,2812.0400,3342.4700
2011-03-18,6041.6800,5818.8600,2728.2300,2609.7700,2518.5300,2786.0200,3304.6100
2011-03-21,6029.7700,5806.9000,2721.0500,2603.9400,2512.5200,2780.3100,3293.8300
2011-03-22,6083.6600,5857.3100,2738.3000,2628.3100,2537.8000,2802.9900,3309.3300
2011-03-23,6153.5500,5920.7500,2759.8100,2655.8100,2562.3200,2830.5000,3324.6400
2011-03-24,6199.9500,5965.8600,2782.5700,2677.3900,2584.9700,2852.9000,3346.4100
2011-03-25,6337.0700,6083.2100,2822.6900,2718.6900,2608.9800,2900.0500,3397.2400
2011-03-28,6375.9600,6117.0300,2827.8600,2732.1200,2620.2500,2914.1500,3429.9400
2011-03-29,6427.9300,6159.0000,2830.7100,2746.2800,2626.3900,2927.3800,3466.8300
2011-03-30,6493.6700,6226.0400,2877.6900,2780.3300,2666.3900,2964.6300,3529.9700
2011-03-31,6538.0200,6264.0000,2883.1700,2792.4100,2670.0100,2977.2400,3511.1500
2011-04-01,6537.9400,6282.4100,2938.1600,2811.1600,2706.9600,3004.0100,3554.8900
2011-04-04,6628.1100,6373.3100,3009.1400,2850.9500,2746.2800,3054.8700,3618.0300
2011-04-05,6641.0800,6394.5400,3044.3600,2864.8500,2767.6100,3072.8400,3671.2900
2011-04-06,6624.8500,6388.7700,3067.9100,2866.5000,2776.7900,3078.2100,3680.3500
2011-04-07,6625.8800,6400.6200,3094.6000,2878.9000,2801.2700,3093.1300,3727.5700
2011-04-08,6569.3400,6342.6000,3053.7800,2848.3700,2764.3800,3060.6600,3651.9900
2011-04-11,6506.4000,6286.5800,3032.8700,2826.2800,2748.1200,3036.8700,3596.4300
2011-04-13,6641.8900,6404.9200,3075.1600,2873.4300,2784.5800,3088.8900,3675.9200
2011-04-15,6558.2500,6336.2900,3066.2100,2851.7600,2778.4800,3065.7800,3680.4300
2011-04-18,6455.9800,6240.4200,3025.2900,2810.0800,2739.9600,3020.8600,3626.6500
2011-04-19,6468.1500,6252.2400,3031.8800,2818.9400,2753.9300,3027.8100,3642.1900
2011-04-20,6585.5300,6357.7300,3071.7600,2861.0500,2785.9200,3073.1900,3682.3400
2011-04-21,6610.1800,6380.5200,3072.3700,2868.7600,2789.3000,3081.5700,3697.4400
2011-04-25,6604.2800,6376.3500,3066.2000,2869.1500,2792.4200,3080.4700,3699.6700
2011-04-26,6597.3800,6371.6000,3074.5700,2864.4000,2785.2700,3080.0500,3700.5400
2011-04-27,6568.5500,6348.8100,3066.8600,2857.6200,2783.8700,3071.7600,3686.3900
2011-04-28,6515.8500,6297.9700,3050.3600,2833.3500,2759.4300,3048.4700,3651.8100
2011-04-29,6468.6000,6250.3800,3015.3100,2807.4100,2726.8800,3020.5400,3597.8900
2011-05-02,6409.7800,6194.0500,2974.4500,2784.2500,2706.2700,2991.8900,3572.6700
2011-05-03,6259.1600,6056.3400,2921.3600,2724.0700,2651.5200,2928.9300,3499.7400
2011-05-04,6224.6800,6024.7100,2906.6500,2711.3500,2640.9300,2913.4500,3491.5500
2011-05-05,6143.8000,5948.6200,2877.0400,2679.9500,2614.3100,2880.0200,3468.4200
2011-05-06,6250.4000,6043.2400,2900.9800,2719.8600,2648.1700,2920.8700,3538.2300
2011-05-09,6256.3000,6048.0800,2904.4300,2719.8800,2645.8400,2922.5900,3498.7500
2011-05-10,6245.8500,6040.2400,2909.0600,2718.1900,2647.4500,2921.4600,3494.8900
2011-05-11,6274.3600,6070.7000,2933.6700,2733.2400,2664.7300,2938.5700,3527.9600
2011-05-12,6195.3200,5995.0300,2904.0400,2702.1000,2638.9900,2904.9300,3495.5400
2011-05-13,6261.8700,6057.0100,2931.3900,2730.0000,2665.9300,2933.3700,3518.8300
2011-05-16,6215.0500,6010.5900,2904.4800,2707.9400,2642.2600,2909.4100,3494.6400
2011-05-17,6155.3600,5956.1600,2886.3600,2684.3700,2621.4200,2885.1400,3443.6700
2011-05-18,6126.5800,5928.2000,2866.7200,2670.4700,2605.8900,2870.0200,3398.6800
2011-05-19,6129.3800,5923.8200,2851.3700,2663.0600,2590.0100,2862.8100,3366.1100
2011-05-20,6191.8500,5979.2300,2870.6900,2686.5700,2609.8500,2887.1200,3395.5700
2011-05-23,6087.3200,5879.4200,2829.8000,2642.0400,2567.6400,2840.8400,3351.5700
2011-05-24,6103.8200,5891.5900,2830.1100,2647.5300,2572.4600,2844.7200,3360.8800
2011-05-25,6060.2400,5851.8900,2816.9200,2630.6900,2558.2100,2828.0900,3326.9200
2011-05-26,6126.3700,5903.8600,2821.9500,2647.9700,2564.0600,2845.1200,3336.7600
2011-05-27,6198.6600,5978.2000,2856.6800,2686.7700,2609.0900,2883.3800,3416.2500
2011-05-30,6204.4100,5994.3100,2877.7500,2700.0900,2631.8400,2897.6200,3442.1000
2011-05-31,6305.3400,6090.8800,2917.7600,2743.5800,2673.5000,2942.0400,3505.9600
2011-06-01,6340.1900,6124.6800,2934.1300,2760.0600,2691.4300,2959.8700,3535.5200
2011-06-02,6296.3000,6080.8100,2921.2600,2741.1900,2674.1000,2940.7200,3509.5900
2011-06-03,6257.7600,6047.4300,2913.2500,2729.8300,2668.8200,2928.3100,3497.9400
2011-06-06,6271.4500,6057.7700,2917.3500,2732.3500,2668.3200,2932.5400,3489.8100
2011-06-07,6301.9200,6090.9500,2935.6500,2749.7500,2689.0400,2950.5900,3512.6100
2011-06-08,6275.2400,6069.7000,2939.0800,2743.1400,2687.7700,2945.1200,3515.9800
2011-06-09,6267.3100,6063.1700,2936.1100,2739.1900,2682.5300,2941.6200,3492.2800
2011-06-10,6234.7500,6032.9600,2926.5000,2726.6600,2671.5500,2930.3200,3467.2400
2011-06-13,6233.3200,6035.2700,2931.1100,2731.2100,2681.5800,2934.6500,3505.5500
2011-06-14,6254.2100,6057.5100,2945.3500,2743.0800,2696.1400,2947.4600,3516.9000
2011-06-15,6194.7200,6006.9400,2928.4400,2722.2300,2679.3000,2926.4000,3495.4300
2011-06-16,6138.8000,5956.4600,2905.3100,2702.0300,2663.0400,2904.0600,3483.1000
2011-06-17,6103.1300,5920.2100,2879.3500,2684.2000,2642.8300,2884.4100,3477.1800
2011-06-20,5982.2200,5791.8200,2788.7800,2618.4500,2564.5200,2811.5300,3363.7200
2011-06-21,5996.4100,5798.7600,2779.0500,2617.5100,2557.0100,2809.7200,3338.7100
2011-06-22,5994.7300,5787.5700,2755.5700,2607.5500,2538.0800,2797.7600,3315.2300
2011-06-23,6036.6200,5818.9100,2756.0700,2616.1100,2537.4400,2807.5500,3337.5600
2011-06-24,6200.8200,5969.9200,2810.2800,2682.8700,2599.3100,2876.1400,3436.6400
2011-06-27,6272.0700,6034.0300,2833.3000,2713.1800,2629.6800,2905.4900,3492.7300
2011-06-28,6287.9000,6054.4400,2849.3100,2726.9200,2649.6600,2918.4600,3491.8400
2011-06-29,6344.4900,6108.3700,2880.6700,2749.9400,2670.6400,2945.3400,3502.6800
2011-06-30,6393.0500,6150.7100,2894.7700,2763.7100,2676.4500,2963.5500,3531.7100
2011-07-01,6379.3600,6149.5100,2907.7500,2771.1600,2695.9600,2970.6100,3550.7000
2011-07-04,6415.9500,6188.1900,2938.6400,2792.0000,2721.6900,2995.0400,3581.3400
2011-07-05,6396.6900,6171.9100,2946.3700,2785.0600,2716.7900,2991.5300,3575.2200
2011-07-06,6392.5900,6169.7700,2953.7500,2785.0200,2718.8800,2992.7000,3556.2500
2011-07-07,6502.8900,6269.4300,2985.8000,2825.9700,2751.5500,3035.5000,3589.5700
2011-07-08,6421.7000,6198.1600,2962.9000,2799.3400,2734.0700,3006.4700,3569.4200
2011-07-11,6372.6000,6155.2700,2952.5000,2784.5200,2726.5200,2990.2100,3547.2500
2011-07-12,6276.3300,6068.5500,2919.9300,2747.0700,2693.0100,2950.9600,3506.3000
2011-07-13,6344.0000,6135.4800,2956.4400,2777.6600,2724.3100,2985.3200,3550.3400
2011-07-14,6370.1200,6160.6000,2964.5600,2790.1500,2737.6400,2998.1100,3556.6300
2011-07-15,6352.8700,6146.1300,2968.4900,2784.1300,2733.1300,2993.7400,3560.2000
2011-07-18,6342.0800,6139.6600,2969.5000,2784.8500,2739.6900,2994.2000,3566.6800
2011-07-19,6388.1300,6180.7000,2989.4400,2801.4000,2752.4700,3012.6300,3577.7200
2011-07-20,6328.8700,6125.5200,2974.6700,2773.5700,2722.4200,2988.1400,3547.9000
2011-07-21,6294.1200,6095.4600,2964.0200,2760.7500,2711.3300,2974.7400,3518.2700
2011-07-22,6394.6900,6189.1200,2994.2400,2802.2800,2749.6400,3017.4400,3567.1200
2011-07-25,6444.2200,6235.0400,3005.2500,2823.3800,2769.7000,3037.2800,3617.3400
2011-07-26,6334.1100,6135.8500,2982.0700,2782.3300,2737.0600,2996.6700,3564.9600
2011-07-27,6308.2200,6117.6400,2988.5400,2778.3400,2740.7600,2993.5600,3554.0000
2011-07-28,6242.8000,6055.3100,2965.0900,2750.9500,2715.3500,2965.0700,3509.6000
2011-07-29,6217.7600,6026.9200,2950.1900,2736.9500,2699.8100,2950.2400,3480.4700
2011-08-01,6248.1200,6049.8400,2943.4700,2743.5100,2698.5700,2953.8800,3470.6400
2011-08-02,6183.4700,5985.0300,2900.2700,2709.7100,2658.5900,2919.1700,3422.6900
2011-08-03,6129.5500,5939.4300,2891.8700,2693.4300,2649.7800,2902.2200,3408.0300
2011-08-04,6056.7900,5874.6200,2873.6600,2666.2500,2627.1900,2873.6000,3417.2100
2011-08-05,5927.8600,5750.6400,2796.2700,2615.2800,2583.0600,2811.2700,3337.8200
2011-08-08,5828.3900,5655.4300,2733.9700,2575.9600,2548.5300,2762.7200,3299.3200
2011-08-09,5772.6200,5597.3300,2686.7300,2546.0900,2512.5400,2728.4300,3261.5300
2011-08-10,5876.5600,5699.7700,2752.7500,2595.8300,2567.7300,2785.1100,3308.1200
2011-08-11,5850.1300,5675.9400,2744.5100,2587.9100,2564.3300,2775.3600,3298.7900
2011-08-12,5779.6800,5616.8900,2737.1200,2563.7900,2546.5400,2753.2300,3281.6200
2011-08-16,5734.0300,5562.3700,2697.1400,2532.2300,2504.1200,2719.5500,3200.0000
2011-08-17,5750.0000,5564.4700,2669.7900,2521.3600,2474.2100,2710.3800,3180.6700
2011-08-18,5623.0500,5445.8200,2608.5700,2468.9000,2424.7000,2652.4800,3104.8800
2011-08-19,5522.5300,5352.6200,2567.3600,2429.1600,2390.1600,2609.3500,3070.0100
2011-08-22,5582.3500,5413.7300,2606.6900,2457.0100,2419.0400,2642.1300,3135.3500
2011-08-23,5636.2100,5468.7400,2637.1700,2482.5300,2445.3400,2671.0200,3160.1800
2011-08-24,5571.1200,5413.6300,2626.0300,2459.3900,2427.5400,2650.0100,3144.6400
2011-08-25,5513.7700,5359.1000,2607.6900,2430.9200,2394.8000,2623.6000,3096.3900
2011-08-26,5406.2200,5252.8700,2549.4700,2380.8800,2342.4800,2569.5100,3028.5700
2011-08-29,5594.9100,5424.5800,2610.3300,2453.1300,2403.9100,2645.9300,3120.0900
2011-08-30,5683.6500,5508.3100,2649.4300,2493.1300,2444.5800,2685.4300,3171.0600
2011-09-02,5733.0600,5553.4200,2667.9900,2513.5500,2463.5500,2704.8200,3210.0000
2011-09-05,5715.3700,5543.3300,2674.6500,2514.9900,2474.4400,2706.1100,3233.3500
2011-09-06,5761.2100,5584.9700,2699.7100,2529.5800,2483.4000,2727.1700,3247.0900
2011-09-07,5835.5400,5657.5500,2731.3900,2564.2900,2519.9700,2762.7300,3292.4300
2011-09-08,5863.9600,5682.1700,2745.0700,2573.1000,2525.1700,2774.8000,3311.2100
2011-09-09,5762.0600,5592.5200,2725.1100,2537.6800,2499.5800,2738.1400,3256.6900
2011-09-12,5631.7600,5473.5200,2677.7800,2479.0600,2436.7600,2681.9000,3200.1000
2011-09-13,5624.7700,5468.6600,2681.3900,2477.2200,2435.6900,2680.9300,3202.9000
2011-09-14,5699.1300,5529.7800,2696.0800,2496.8500,2442.1000,2703.9200,3222.4200
2011-09-15,5774.0200,5593.1200,2709.4300,2522.6900,2461.4000,2729.0900,3254.7000
2011-09-16,5784.0000,5604.2100,2712.9600,2528.4300,2467.7400,2735.0000,3230.4100
2011-09-19,5729.4000,5559.3400,2708.8000,2515.1300,2465.9200,2719.6200,3223.3300
2011-09-20,5841.8500,5656.0200,2742.6800,2549.8400,2485.8700,2759.0000,3252.1300
2011-09-21,5844.2800,5666.7300,2774.3000,2557.6000,2499.9400,2772.1300,3273.5800
2011-09-22,5612.9000,5453.2900,2690.3600,2466.1100,2419.4700,2675.1600,3173.1500
2011-09-23,5553.1900,5395.9300,2668.4800,2440.9600,2396.5900,2648.2700,3138.0800
2011-09-26,5508.5600,5344.9700,2631.6000,2414.3100,2363.9800,2618.7900,3097.6600
2011-09-27,5655.0900,5475.0300,2679.4400,2464.7200,2399.8200,2674.0000,3148.5600
2011-09-28,5626.2700,5444.2200,2653.8300,2450.4500,2384.5600,2656.4300,3104.1100
2011-09-29,5695.1800,5495.1400,2648.6100,2465.5300,2385.7400,2671.5300,3117.7300
2011-09-30,5617.8200,5431.7900,2637.9500,2443.8200,2375.9500,2648.8700,3088.4100
2011-10-03,5509.1600,5329.2100,2596.0700,2395.0300,2325.7800,2600.1700,3052.0300
2011-10-04,5418.9200,5247.9500,2567.4700,2359.1900,2293.1800,2564.7100,3019.1900
2011-10-05,5393.1500,5218.1800,2538.4600,2341.1000,2267.7900,2544.6500,2998.9300
2011-10-07,5536.7100,5343.9500,2577.9200,2388.5900,2299.6300,2597.3700,3038.8900
2011-10-10,5634.2900,5431.2700,2602.8500,2428.3200,2337.1700,2636.0700,3078.4900
2011-10-11,5635.9600,5436.6900,2611.5700,2434.1800,2347.8700,2641.5200,3088.3800
2011-10-12,5770.4100,5555.1100,2646.3000,2482.6600,2386.3100,2691.5000,3135.9800
2011-10-13,5752.1700,5541.0700,2646.6700,2481.1600,2391.8900,2688.0300,3118.8800
2011-10-14,5804.1000,5585.2700,2660.8400,2496.3600,2399.5200,2706.1600,3133.6500
2011-10-17,5791.5400,5575.8500,2667.7600,2496.2300,2405.4500,2704.9300,3112.0600
2011-10-18,5703.2800,5493.0700,2639.0500,2459.1700,2370.5100,2666.8100,3083.5400
2011-10-19,5808.2900,5589.1300,2668.1700,2499.6700,2404.7100,2708.7700,3126.1000
2011-10-20,5757.1400,5541.1100,2653.9500,2477.7700,2383.1700,2686.6000,3090.8300
2011-10-21,5708.3200,5496.7000,2642.7100,2458.2200,2365.4500,2666.6500,3083.1300
2011-10-24,5752.3500,5526.7700,2631.4200,2464.4600,2359.5600,2672.4800,3056.8900
2011-10-25,5845.2400,5602.0100,2633.3300,2491.6200,2374.2600,2699.3800,3070.7400
2011-10-26,5861.4500,5626.1000,2666.4700,2507.3600,2397.7300,2717.7600,3104.7200
2011-10-28,6034.0400,5777.3100,2703.2900,2569.0800,2446.0000,2780.2800,3169.1800
2011-10-31,6006.5500,5758.6700,2713.5700,2567.6000,2455.2800,2778.6400,3184.3400
2011-11-01,5936.2500,5697.0600,2700.3700,2544.5000,2440.2000,2754.1200,3146.0500
2011-11-02,5937.7800,5698.0000,2696.2800,2546.5100,2443.9100,2754.2800,3162.5400
2011-11-03,5951.5400,5709.4600,2691.1600,2551.7900,2448.3900,2758.0200,3163.8100
2011-11-04,5979.6500,5739.5300,2708.9900,2569.1000,2470.2200,2775.0300,3184.6300
2011-11-08,5980.7400,5742.5500,2712.6700,2571.4100,2473.4400,2776.6300,3181.4800
2011-11-09,5902.4700,5666.2600,2681.5900,2536.6200,2439.3200,2740.4400,3108.4800
2011-11-11,5841.5800,5603.1400,2639.8900,2508.5400,2411.4100,2707.5300,3068.7200
2011-11-14,5815.1900,5567.1400,2593.5600,2484.1700,2374.1800,2679.8200,3003.6400
2011-11-15,5711.4300,5461.1400,2520.3800,2430.5900,2312.6700,2621.4300,2910.2000
2011-11-16,5670.8200,5418.1400,2493.4500,2410.0600,2290.7600,2598.4000,2884.3800
2011-11-17,5566.2800,5321.5900,2462.7000,2371.4200,2260.8500,2556.6300,2841.4900
2011-11-18,5534.4900,5286.5100,2435.2800,2352.3600,2237.4700,2535.7200,2834.0400
2011-11-21,5396.3800,5162.9600,2391.0300,2303.8300,2201.0100,2482.1600,2778.9200
2011-11-22,5430.5500,5193.0900,2389.8700,2317.0800,2212.4000,2493.7300,2805.8800
2011-11-23,5312.7100,5083.1600,2341.8300,2270.3800,2171.3100,2442.9600,2744.1200
2011-11-24,5372.7300,5141.4900,2365.3200,2300.9400,2206.5200,2472.1700,2772.2100
2011-11-25,5330.9200,5113.3000,2379.6200,2293.4700,2208.7700,2467.6900,2770.3800
2011-11-28,5482.2300,5246.2800,2416.3400,2345.9700,2247.3500,2522.8400,2840.9900
2011-11-29,5426.8400,5197.7300,2403.0400,2328.3100,2236.5100,2503.4600,2813.4600
2011-11-30,5447.7500,5207.6200,2374.7100,2328.6700,2228.2600,2498.6200,2809.3500
2011-12-01,5555.3400,5299.7200,2393.7600,2364.0400,2252.4900,2534.8000,2835.4800
2011-12-02,5685.4300,5413.8200,2418.9400,2411.8500,2291.7700,2581.6900,2894.6800
2011-12-05,5676.5700,5407.8600,2422.2900,2410.4600,2292.5100,2580.5500,2894.5400
2011-12-07,5697.4800,5425.3700,2428.4400,2415.2600,2292.9800,2587.5100,2905.8000
2011-12-08,5569.2300,5306.7400,2381.7900,2366.1400,2252.0500,2533.9600,2839.6300
2011-12-09,5486.2000,5234.4100,2363.8900,2338.2600,2232.5700,2504.8300,2831.8600
2011-12-12,5370.9500,5125.4100,2319.8100,2290.2300,2187.9700,2454.7000,2773.8600
2011-12-13,5403.6900,5147.3500,2304.7200,2292.4800,2178.0700,2455.3700,2781.2000
2011-12-14,5361.2600,5105.6500,2281.7400,2273.8300,2159.8300,2434.5600,2745.5700
2011-12-15,5343.9200,5083.2600,2249.2000,2260.2300,2140.8400,2417.2800,2723.7000
2011-12-16,5238.0000,4984.5500,2203.1800,2219.4200,2105.9900,2370.8600,2646.4200
2011-12-19,5184.3100,4924.2500,2153.9700,2185.0200,2061.7300,2333.3200,2588.1800
2011-12-20,5099.8800,4842.6400,2115.1400,2144.8700,2018.4000,2293.1200,2517.5300
2011-12-21,5255.7600,4975.0200,2138.9800,2192.0800,2045.2200,2342.7400,2565.2400
2011-12-22,5303.4600,5020.9400,2148.9500,2215.0900,2069.4500,2363.4000,2596.1500
2011-12-23,5277.5600,5001.8600,2154.6700,2208.2100,2066.0000,2358.7600,2568.0900
2011-12-26,5344.5500,5061.0200,2175.4200,2231.8000,2084.2800,2384.0600,2582.0400
2011-12-27,5310.5700,5028.8000,2162.5000,2215.8200,2067.2800,2368.5800,2561.8600
2011-12-28,5260.3300,4979.4400,2135.5200,2193.4600,2045.2200,2343.5200,2521.0900
2011-12-29,5200.6500,4929.5500,2127.0200,2175.2200,2034.0700,2324.3900,2482.3300
2011-12-30,5179.6400,4916.0800,2131.3300,2173.3600,2038.2800,2322.3500,2479.2700
2012-01-02,5189.5400,4922.6000,2135.8100,2171.8000,2031.4500,2324.3600,2498.9600
2012-01-03,5335.4200,5057.0300,2186.6800,2232.9700,2090.2600,2386.4400,2583.2100
2012-01-04,5322.8200,5049.1800,2184.4000,2233.1800,2095.1200,2385.1700,2582.7900
2012-01-05,5324.8400,5050.7100,2183.7700,2235.0900,2098.3900,2385.8000,2584.3200
2012-01-06,5326.6900,5050.4000,2183.3900,2232.7500,2093.1800,2385.5700,2607.8200
2012-01-07,5322.9200,5054.3300,2204.9400,2238.3900,2105.1500,2394.4800,2625.5100
2012-01-09,5322.1200,5059.2200,2224.7700,2245.4700,2119.4100,2402.8200,2653.5600
2012-01-10,5444.4000,5174.1500,2278.0400,2297.3800,2170.0000,2458.8600,2734.4300
2012-01-11,5464.5400,5201.6800,2307.8800,2314.8000,2194.7400,2477.7400,2772.0600
2012-01-12,5443.9900,5190.5900,2309.4000,2318.7800,2210.6500,2476.6200,2797.1300
2012-01-13,5483.6800,5231.3300,2347.8200,2335.2900,2225.8800,2501.5600,2841.1400
2012-01-16,5494.7600,5239.6000,2349.7100,2337.6500,2226.0400,2503.9400,2829.6500
2012-01-17,5595.3000,5330.9600,2380.2100,2375.0100,2255.9500,2542.4300,2872.0600
2012-01-18,5577.8500,5306.1000,2359.2800,2356.1100,2226.8400,2524.6500,2840.5600
2012-01-19,5651.4800,5374.6600,2389.6100,2386.3700,2255.0000,2556.7700,2880.0800
2012-01-20,5687.0700,5403.1100,2389.5500,2399.3800,2266.6000,2566.7700,2920.0600
2012-01-23,5684.2000,5403.0600,2385.9500,2401.4800,2270.9200,2566.9200,2929.1700
2012-01-24,5780.6500,5491.0300,2411.7600,2441.7200,2309.5700,2606.8800,3001.7700
2012-01-25,5824.1500,5539.3600,2444.8600,2469.8500,2345.6500,2635.3900,3067.9500
2012-01-27,5873.9800,5585.2600,2466.3800,2485.3400,2353.7700,2656.1800,3075.9200
2012-01-30,5742.0700,5463.1200,2417.9100,2431.3200,2303.4500,2599.6800,2996.2900
2012-01-31,5870.6100,5583.0200,2462.2300,2485.9100,2355.5900,2654.4700,3077.9300
2012-02-01,5915.5100,5630.7300,2499.1900,2511.0800,2385.8800,2682.7300,3110.5600
2012-02-02,5955.2700,5670.5200,2524.1300,2529.3600,2404.6800,2703.4300,3133.6100
2012-02-03,6012.3600,5727.8500,2553.2500,2557.6200,2435.2300,2732.9500,3178.6800
2012-02-06,6065.1900,5780.6700,2583.3600,2583.8700,2464.3900,2761.1800,3207.7600
2012-02-07,6026.6400,5742.3800,2577.8700,2561.5600,2438.1600,2743.9100,3193.6300
2012-02-08,6070.5000,5788.7800,2616.8900,2585.3700,2466.0500,2770.7700,3229.0200
2012-02-09,6123.0000,5843.2100,2654.3000,2612.1100,2496.3100,2801.9900,3283.9600
2012-02-10,6096.1600,5824.0900,2662.4100,2608.5200,2500.8500,2798.8400,3285.2100
2012-02-13,6106.8400,5833.3200,2668.5000,2614.9400,2510.0400,2804.1200,3296.5200
2012-02-14,6138.1800,5867.1300,2701.5500,2632.6400,2531.9700,2825.8700,3360.6100
2012-02-15,6271.6000,5993.3000,2738.2100,2693.2900,2593.6100,2882.9000,3429.8300
2012-02-16,6271.0400,5999.3800,2763.4000,2701.8700,2611.7500,2895.6200,3449.1800
2012-02-17,6315.3500,6037.8800,2759.5900,2715.9500,2619.1800,2907.1100,3467.7100
2012-02-21,6361.5200,6083.7400,2786.6500,2737.6900,2641.9200,2930.5000,3503.6200
2012-02-22,6221.8600,5937.9600,2689.1100,2659.3900,2546.6000,2847.2200,3362.4600
2012-02-23,6199.4600,5913.4700,2669.4400,2647.5900,2533.7000,2832.9100,3346.6100
2012-02-24,6140.5700,5861.0300,2651.8900,2623.2200,2510.3400,2811.1100,3299.8200
2012-02-27,5971.7100,5697.5400,2569.4000,2547.0700,2432.9200,2729.0300,3174.2800
2012-02-28,6095.0100,5825.4000,2640.0500,2619.0200,2522.2100,2799.7000,3294.3400
2012-02-29,6108.4000,5848.6700,2661.2800,2640.6300,2559.1000,2818.7600,3353.2700
2012-03-01,6058.3700,5805.2300,2649.7800,2620.9800,2540.7300,2799.6400,3324.3900
2012-03-02,6077.8900,5819.9200,2649.2700,2623.3000,2536.6900,2802.9000,3337.3300
2012-03-03,6078.3000,5821.9500,2655.3800,2624.6700,2539.1000,2805.8300,3347.4000
2012-03-05,5989.3300,5739.1600,2629.5500,2585.1900,2499.1900,2768.3300,3307.9700
2012-03-06,5927.7900,5679.2400,2596.1300,2558.9700,2474.5700,2738.5700,3250.4200
2012-03-07,5920.5000,5673.2200,2591.9400,2557.3500,2474.5000,2735.9900,3250.3600
2012-03-09,6052.9500,5799.0800,2641.3000,2618.3900,2538.9100,2797.0700,3349.8600
2012-03-12,6087.9700,5835.4800,2658.5600,2640.2500,2567.7100,2817.5200,3387.4800
2012-03-13,6163.2600,5907.2200,2689.8000,2671.9700,2596.8700,2850.1500,3421.5000
2012-03-14,6205.8400,5941.9400,2686.8300,2687.1000,2609.0300,2862.4900,3438.5600
2012-03-15,6108.3700,5850.9300,2655.1700,2644.2900,2565.4300,2819.6600,3333.9700
2012-03-16,6036.2800,5783.0400,2631.7100,2615.9700,2541.9700,2789.9300,3285.5700
2012-03-19,5964.8000,5716.3400,2610.8100,2585.2700,2512.2200,2760.1200,3231.3400
2012-03-20,5990.1400,5743.8300,2624.0000,2601.7800,2534.1100,2775.1700,3262.5500
2012-03-21,6096.6600,5844.9900,2662.2400,2652.1400,2588.5500,2824.2000,3333.4100
2012-03-22,5939.6900,5700.6200,2614.6500,2586.8300,2527.4100,2759.1600,3238.7800
2012-03-23,5996.7200,5751.1500,2624.4900,2608.7500,2546.4000,2780.7600,3264.5300
2012-03-26,5892.8300,5654.0200,2589.2100,2563.2700,2501.4100,2735.9800,3193.8500
2012-03-27,5955.4100,5705.1100,2588.1700,2578.0100,2502.5200,2751.8100,3201.9100
2012-03-28,5898.7100,5651.2000,2568.1800,2553.1800,2477.7300,2726.3000,3156.6000
2012-03-29,5890.0600,5645.2800,2575.1900,2553.5700,2482.9600,2726.3500,3153.7100
2012-03-30,6027.9000,5778.5800,2635.2400,2616.2200,2546.9900,2791.5300,3256.2100
2012-04-02,6057.0400,5813.0000,2668.7800,2635.1300,2571.5400,2814.2700,3276.4400
2012-04-03,6108.5300,5862.6800,2699.7000,2658.2700,2595.0800,2839.3700,3308.1500
2012-04-04,6072.7100,5834.0800,2696.7000,2651.8300,2598.6700,2830.5600,3301.8000
2012-04-09,5972.3100,5740.5900,2663.9700,2609.9500,2559.8300,2788.8200,3238.6500
2012-04-10,5982.2800,5744.4500,2664.9900,2607.7800,2552.0300,2788.3400,3249.7000
2012-04-11,5959.6800,5720.7700,2655.8600,2594.5600,2535.8600,2776.3800,3230.3000
2012-04-12,6013.3500,5771.7100,2681.1200,2617.4900,2558.2300,2801.8500,3288.2600
2012-04-13,5940.8800,5707.3800,2660.4900,2589.6200,2533.7700,2774.0600,3241.3300
2012-04-16,5964.1800,5730.8900,2680.1000,2603.6700,2552.8400,2788.5100,3252.1800
2012-04-17,6033.1400,5792.9800,2699.8600,2627.9400,2570.5400,2815.0100,3283.2700
2012-04-18,6041.4600,5806.5700,2704.2700,2637.4100,2584.3500,2822.7000,3285.7900
2012-04-19,6069.6500,5831.0800,2707.3000,2646.3600,2589.6600,2832.6800,3277.9900
2012-04-20,6024.4000,5785.1100,2685.1700,2623.0900,2563.6000,2809.1000,3249.7300
2012-04-23,5922.8900,5687.3700,2640.6200,2578.2800,2519.0000,2761.2800,3171.0400
2012-04-24,5939.5800,5699.9100,2633.0100,2581.2100,2516.9900,2763.1900,3173.8800
2012-04-25,5917.0200,5675.6700,2617.4800,2568.3000,2501.4700,2749.9700,3140.9800
2012-04-26,5898.6200,5657.7200,2607.2200,2559.3700,2491.4400,2740.0400,3098.0000
2012-04-27,5896.0000,5654.9400,2602.7400,2557.1500,2487.5600,2736.8100,3086.7400
2012-04-28,5917.4300,5676.8100,2609.9700,2568.5100,2500.4200,2747.7000,3112.8700
2012-04-30,5962.3700,5719.5600,2632.9900,2586.8700,2517.0800,2767.9500,3138.6300
2012-05-02,5952.7600,5709.9600,2634.1100,2581.1100,2510.2000,2764.3600,3127.9500
2012-05-03,5891.9400,5651.6200,2607.0500,2553.9400,2482.4300,2734.9400,3085.0400
2012-05-04,5782.3100,5545.1200,2558.5300,2504.3400,2432.5300,2682.6800,3024.8100
2012-05-07,5818.6900,5578.0700,2569.2500,2516.9300,2441.7100,2697.8000,3060.4500
2012-05-08,5692.9400,5465.3300,2533.2500,2471.2900,2405.8800,2648.8800,2996.1500
2012-05-09,5655.5400,5425.8300,2498.7800,2451.8900,2383.7000,2625.4200,2948.0700
2012-05-10,5648.4600,5420.2900,2499.6400,2451.3800,2386.1200,2624.2700,2935.7300
2012-05-11,5605.0800,5377.4500,2477.3000,2432.4000,2367.6600,2602.5200,2907.6100
2012-05-14,5581.1500,5348.2600,2440.0800,2418.7900,2351.4500,2582.0500,2871.9000
2012-05-15,5618.1100,5383.8500,2455.0700,2433.4800,2363.6900,2598.2800,2895.1800
2012-05-16,5522.1000,5299.7300,2428.1700,2401.3400,2341.2000,2562.4600,2862.4800
2012-05-17,5533.7100,5310.3000,2432.7800,2403.2200,2338.8600,2565.9200,2861.1100
2012-05-18,5552.4600,5323.9600,2432.3000,2404.5100,2333.0000,2569.0000,2861.2400
2012-05-21,5573.4300,5344.9800,2452.7000,2415.1600,2346.0900,2583.0200,2890.0300
2012-05-22,5521.4300,5297.5800,2437.6800,2395.4500,2329.6400,2562.4100,2852.0400
2012-05-23,5490.7900,5268.8100,2423.4600,2384.2400,2320.6400,2548.3200,2833.2400
2012-05-24,5586.5000,5350.1300,2438.3800,2415.4800,2341.0000,2581.3600,2859.7800
2012-05-25,5590.6100,5358.2800,2447.3000,2423.0200,2354.0100,2588.3400,2864.1700
2012-05-28,5665.1000,5427.4100,2467.1300,2455.5900,2386.3500,2619.4500,2908.8300
2012-05-29,5667.8500,5427.5000,2466.3900,2453.2800,2381.0300,2618.8800,2891.9000
2012-05-30,5618.8900,5376.4400,2442.0300,2425.9400,2348.4900,2591.9800,2837.3900
2012-05-31,5607.0900,5367.5200,2436.8600,2429.4000,2360.1300,2589.8700,2857.1800
2012-06-01,5516.3600,5283.6600,2403.6200,2391.9500,2324.9300,2550.9400,2816.6500
2012-06-04,5518.1700,5282.2900,2399.6100,2389.4000,2319.3800,2549.2900,2835.2400
2012-06-05,5534.3900,5298.4200,2407.6700,2396.8400,2326.8600,2557.8300,2833.1100
2012-06-06,5681.2300,5430.7600,2452.6400,2450.8100,2369.9300,2614.9300,2897.2700
2012-06-07,5742.1300,5483.8700,2470.4700,2472.2700,2386.4200,2638.3500,2910.1900
2012-06-08,5764.0700,5503.8700,2477.9200,2481.2500,2394.8600,2647.5600,2934.4000
2012-06-11,5751.0400,5490.5100,2474.9700,2475.3300,2388.3600,2642.2500,2933.7200
2012-06-12,5818.6000,5549.3800,2485.7500,2499.4700,2407.0700,2665.5400,2974.3000
2012-06-13,5825.7000,5553.2800,2489.0500,2498.1100,2401.5900,2665.8700,2971.3700
2012-06-14,5751.9500,5484.8000,2466.8200,2465.5700,2368.1500,2634.5700,2944.0200
2012-06-15,5841.2600,5560.9700,2481.4400,2493.9200,2385.7100,2663.4600,2974.3900
2012-06-18,5755.9100,5483.8800,2454.3600,2462.0000,2359.4800,2629.8100,2925.5700
2012-06-19,5796.7000,5518.3700,2461.4800,2472.9200,2362.9900,2642.4200,2953.3400
2012-06-20,5821.1900,5547.8600,2484.1000,2490.4000,2386.0500,2660.7200,2992.3900
2012-06-21,5874.4900,5599.0100,2509.3500,2513.8100,2409.1500,2686.0900,3044.7700
2012-06-22,5858.8000,5587.5900,2512.3200,2511.4400,2410.4600,2683.6800,3037.8600
2012-06-25,5825.8100,5561.8700,2514.7800,2504.7200,2411.1600,2676.3400,3032.1100
2012-06-26,5838.6700,5573.5000,2512.1300,2514.2300,2425.1600,2681.6600,3035.1900
2012-06-27,5862.9000,5596.6900,2520.5700,2524.5600,2434.4200,2692.2600,3041.4900
2012-06-28,5875.8100,5606.4800,2525.9100,2527.1800,2434.1600,2696.7900,3034.7200
2012-06-29,6020.7500,5738.0400,2570.4800,2581.4800,2478.6400,2754.2500,3096.3600
2012-07-02,6026.0500,5752.1500,2590.7100,2593.9000,2500.1900,2768.2400,3121.8600
2012-07-03,6046.1400,5773.8500,2604.8700,2605.5700,2514.1500,2780.2800,3150.5700
2012-07-04,6065.8600,5797.1600,2629.4700,2619.3200,2532.7800,2796.1500,3167.5000
2012-07-05,6097.6600,5832.3100,2671.5800,2636.4900,2553.0700,2821.3700,3204.5100
2012-07-06,6082.5800,5815.0600,2659.3800,2625.4600,2537.7800,2811.0600,3191.4900
2012-07-09,6031.7000,5760.2700,2626.6900,2597.6000,2505.3900,2780.0700,3138.2300
2012-07-10,6108.8400,5831.3200,2653.5400,2628.7600,2533.8200,2812.7700,3187.3700
2012-07-11,6067.6600,5796.9000,2647.7700,2618.2100,2530.9600,2800.5300,3183.0100
2012-07-12,5995.7200,5735.1700,2630.8700,2596.0100,2517.3100,2774.3000,3166.7800
2012-07-13,5985.1500,5725.2000,2635.7400,2589.2500,2508.1800,2770.8700,3156.8300
2012-07-16,5955.9100,5696.4500,2617.3900,2576.7100,2496.0300,2756.8300,3130.1200
2012-07-17,5947.0000,5680.5400,2595.8200,2566.0500,2479.4100,2743.3900,3090.6700
2012-07-18,5971.4500,5705.0300,2607.7500,2577.3800,2490.4500,2755.4600,3092.8200
2012-07-19,5999.0500,5729.7800,2618.9400,2586.0400,2495.2000,2766.5400,3106.7600
2012-07-20,5962.7400,5699.0800,2612.0000,2576.3200,2491.8900,2755.3900,3082.4800
2012-07-23,5865.6200,5608.8800,2578.6000,2535.6000,2453.1200,2714.4400,3026.1600
2012-07-24,5881.1900,5623.5100,2580.2700,2544.2500,2463.4900,2720.6500,3030.7200
2012-07-25,5857.6500,5600.2000,2565.2400,2532.1300,2449.3400,2707.6600,2991.1500
2012-07-26,5778.9300,5519.6700,2511.4300,2493.2600,2406.8600,2663.3600,2910.0900
2012-07-27,5831.4900,5553.7300,2482.9200,2498.2400,2394.2900,2664.9100,2877.6300
2012-07-30,5946.3700,5658.8100,2518.3300,2543.8600,2434.6700,2711.8200,2951.4100
2012-07-31,5979.2800,5689.6000,2534.1600,2557.8400,2448.0200,2726.0200,2955.8800
2012-08-01,5995.6600,5711.3100,2562.1200,2571.9800,2468.7800,2742.8400,2963.9300
2012-08-02,5988.3800,5707.5300,2572.7000,2572.7200,2473.4100,2744.9100,2961.4700
2012-08-03,5972.9200,5694.0300,2566.6100,2568.4800,2472.0300,2740.3100,2954.5200
2012-08-06,6043.1500,5753.9600,2584.2600,2589.8900,2484.4500,2765.2700,2963.4700
2012-08-07,6100.6900,5801.2400,2593.3200,2608.2300,2496.6700,2783.5600,2966.1900
2012-08-08,6097.4200,5795.3100,2585.3100,2603.0200,2487.1800,2777.8000,2951.8700
2012-08-09,6079.6600,5779.9300,2581.3800,2597.0600,2482.9700,2771.7900,2915.8000
2012-08-10,6074.8500,5775.5600,2576.5300,2595.7800,2482.4800,2770.3000,2920.4100
2012-08-13,6112.8700,5811.9100,2588.0400,2613.5000,2500.6900,2785.9200,2929.8300
2012-08-14,6150.3500,5843.2800,2602.4800,2623.7800,2504.8300,2799.4100,2937.3300
2012-08-16,6131.9200,5827.7900,2609.8000,2619.8100,2505.7900,2796.8700,2922.5200
2012-08-17,6133.8900,5829.3700,2608.6500,2619.9600,2504.9000,2796.7900,2908.6100
2012-08-21,6189.5200,5876.6600,2615.4300,2635.1100,2510.4300,2813.7800,2908.7800
2012-08-22,6177.0600,5865.2600,2607.6400,2628.0100,2501.0500,2807.5100,2904.3200
2012-08-23,6176.8500,5863.4800,2611.0800,2626.5100,2498.7600,2807.0900,2892.1800
2012-08-24,6146.5000,5833.1600,2597.4600,2611.3200,2482.0300,2791.5400,2869.8600
2012-08-27,6102.0400,5790.5600,2569.2500,2590.9000,2460.2400,2767.9900,2818.4700
2012-08-28,6079.4400,5764.9100,2539.5900,2575.1900,2438.5500,2748.7400,2789.5200
2012-08-29,6030.4700,5719.6800,2517.3200,2558.1300,2426.2200,2728.1500,2757.5400
2012-08-30,6059.2900,5746.7600,2522.3000,2570.8400,2438.3100,2739.8200,2759.7100
2012-08-31,6004.3900,5701.8400,2521.6800,2556.6200,2433.6000,2725.1500,2733.3400
2012-09-03,5998.2300,5699.3800,2529.1900,2557.1700,2436.9800,2726.7300,2727.4600
2012-09-04,6027.2800,5727.4800,2541.8500,2570.4800,2450.8200,2740.8600,2761.8100
2012-09-05,5975.3800,5682.6600,2535.6900,2554.0700,2440.8500,2724.5100,2744.4800
2012-09-06,5992.9400,5698.2600,2548.2100,2560.7800,2446.6700,2732.5500,2739.6100
2012-09-07,6102.6200,5794.7700,2575.4800,2601.2000,2479.6100,2773.2200,2778.6200
2012-09-08,6123.2700,5815.7100,2589.5900,2610.4900,2489.0100,2785.2400,2792.4300
2012-09-10,6132.0200,5825.4100,2600.9400,2615.0900,2493.9100,2791.3200,2793.1700
2012-09-11,6158.6100,5848.5500,2613.8900,2621.1300,2494.2600,2801.1300,2802.7700
2012-09-12,6199.1700,5884.1200,2627.7800,2634.8400,2504.3600,2816.5800,2805.9800
2012-09-13,6198.9000,5884.1700,2620.7800,2635.4400,2504.9100,2814.0800,2787.3300
2012-09-14,6346.7400,6007.4600,2638.5100,2679.9100,2529.6600,2858.3200,2825.8200
2012-09-17,6392.0000,6055.0200,2664.8800,2709.1500,2568.3500,2885.6300,2886.9200
2012-09-18,6394.9800,6065.9500,2686.5200,2719.1700,2586.0800,2898.1600,2955.4200
2012-09-20,6349.1500,6021.9800,2667.3800,2699.2100,2567.1300,2877.9700,2954.4000
2012-09-21,6498.9600,6156.3700,2706.0000,2757.6200,2618.3400,2936.0400,3014.6500
2012-09-24,6483.9000,6149.2500,2723.9600,2760.1500,2630.0400,2939.8600,3026.8200
2012-09-25,6493.1900,6162.3000,2740.3500,2769.6100,2644.3700,2948.5400,3032.5200
2012-09-26,6483.3800,6159.0100,2748.5600,2772.5000,2653.3000,2950.0400,3028.7700
2012-09-27,6477.4300,6159.2200,2756.0600,2779.5400,2669.4800,2954.2800,3023.1400
2012-09-28,6543.7500,6223.0600,2786.7300,2808.1600,2696.6300,2985.1300,3051.2100
2012-10-01,6565.3800,6248.9300,2825.4200,2822.7600,2717.0300,3005.9100,3091.0100
2012-10-03,6584.0200,6271.9300,2852.0900,2835.0000,2732.7500,3023.3400,3105.1700
2012-10-04,6647.1800,6326.9900,2868.4200,2854.3900,2743.8400,3045.4800,3151.7600
2012-10-05,6602.2400,6283.4900,2843.6900,2835.0400,2725.3900,3023.5700,3119.6600
2012-10-08,6525.3600,6217.1500,2827.1600,2808.1900,2704.7300,2997.2700,3099.3700
2012-10-09,6559.2200,6249.4700,2842.3900,2823.7200,2720.9100,3014.1100,3113.8400
2012-10-10,6497.2100,6186.0400,2794.4700,2794.8800,2691.1900,2978.2400,3034.0700
2012-10-11,6562.9800,6250.0300,2825.2400,2827.6600,2727.6800,3010.1000,3085.1300
2012-10-12,6531.6900,6225.8700,2824.7500,2821.6900,2729.0600,3003.5800,3077.9600
2012-10-15,6538.5200,6233.7400,2833.1900,2822.7500,2727.1700,3007.6400,3082.0700
2012-10-16,6491.3700,6190.3800,2815.5800,2804.5100,2712.2300,2988.7300,3024.0900
2012-10-17,6504.4700,6201.4700,2818.1700,2808.0200,2713.4000,2992.9200,3029.2600
2012-10-18,6572.4800,6267.2900,2852.0900,2836.5200,2739.7100,3026.2300,3086.6600
2012-10-19,6533.4500,6231.9800,2833.9100,2822.3600,2728.5200,3009.9100,3064.4000
2012-10-22,6567.0800,6258.2400,2829.0300,2831.9300,2733.4800,3017.5100,3046.6600
2012-10-23,6537.8700,6232.8600,2824.1700,2820.7000,2723.6700,3007.0000,3031.1300
2012-10-25,6551.2800,6244.5000,2825.4100,2822.4300,2720.4900,3010.8400,3020.3800
2012-10-26,6498.8900,6191.8200,2790.8100,2798.0000,2694.9400,2981.9000,2975.8000
2012-10-29,6494.4600,6184.5600,2784.6000,2787.6300,2674.8800,2972.8300,2961.0300
2012-10-30,6420.4800,6114.2400,2753.2000,2758.3100,2649.7000,2939.5600,2887.5500
2012-10-31,6452.7800,6148.8600,2773.7100,2780.1700,2678.8900,2959.5100,2915.8300
2012-11-01,6489.5400,6186.0500,2792.5200,2799.1200,2700.0000,2979.5600,2959.5400
2012-11-02,6548.3900,6236.3500,2801.3700,2818.1800,2711.4700,2998.0600,2988.4500
2012-11-05,6554.0200,6238.2100,2794.6300,2818.2200,2709.3300,2996.5500,2972.7100
2012-11-06,6576.5300,6261.7300,2818.2000,2828.5400,2720.1400,3011.0300,3000.1000
2012-11-07,6623.1200,6304.3700,2836.4700,2851.9600,2747.8300,3033.1500,3030.0200
2012-11-08,6603.0300,6290.4700,2836.2300,2851.4800,2755.2100,3029.5200,3056.4300
2012-11-09,6544.5200,6234.9100,2810.8700,2826.4100,2731.7900,3002.5500,3001.6500
2012-11-12,6557.7100,6249.3800,2823.9600,2849.5200,2776.8900,3018.0800,3025.5700
2012-11-13,6541.7000,6247.7800,2849.7600,2855.1400,2793.2400,3026.6500,3034.2800
2012-11-15,6507.9900,6218.8600,2860.0800,2846.5500,2792.9400,3020.0500,3044.5600
2012-11-16,6441.3800,6155.3900,2829.4300,2817.8500,2765.3600,2989.3800,2986.5900
2012-11-19,6428.9100,6136.2500,2805.8300,2800.9000,2736.3600,2973.1800,2961.0400
2012-11-20,6424.5900,6124.0600,2779.7600,2791.8300,2721.0100,2960.1400,2909.1400
2012-11-21,6471.6200,6165.6500,2786.0500,2808.2200,2732.6600,2976.5700,2943.5300
2012-11-22,6490.9800,6184.5000,2794.7500,2820.6700,2749.4600,2986.9300,2953.1500
2012-11-23,6494.0400,6187.7300,2804.1200,2823.6400,2755.0600,2990.9200,2948.9200
2012-11-26,6516.8500,6214.6300,2827.2300,2849.3000,2798.9000,3010.5300,2960.3300
2012-11-27,6622.5500,6309.8300,2857.3400,2890.9400,2835.7700,3053.0600,3004.4700
2012-11-29,6728.3900,6405.9600,2883.4200,2927.9800,2861.4000,3093.2400,3054.0100
2012-11-30,6788.9000,6465.8600,2920.8800,2951.9500,2880.8600,3123.5900,3111.3100
2012-12-03,6788.3600,6479.4500,2958.4500,2969.1200,2915.3000,3142.8000,3142.7800
2012-12-04,6811.3100,6502.1700,2959.5500,2979.1400,2924.3700,3151.6600,3166.6600
2012-12-05,6824.2900,6516.8900,2971.8000,2989.7500,2939.6800,3162.3300,3210.3900
2012-12-06,6862.2800,6555.7100,2994.3300,3006.6100,2955.2300,3182.0100,3241.2000
2012-12-07,6833.8700,6533.6700,2995.0200,3000.0200,2955.1500,3175.6100,3240.5800
2012-12-10,6839.4000,6544.2500,3013.8900,3010.4400,2974.1100,3185.9400,3283.7200
2012-12-11,6824.4700,6522.5900,2979.8800,2996.0700,2951.7000,3167.3200,3231.8500
2012-12-12,6814.7600,6513.7700,2985.4600,2992.6600,2949.9800,3165.0000,3233.7600
2012-12-13,6769.3900,6464.2900,2942.9600,2966.6300,2917.9800,3133.0800,3168.7800
2012-12-14,6804.7500,6498.5500,2953.6900,2985.4700,2939.6200,3149.3600,3202.5000
2012-12-17,6789.0700,6491.8600,2975.2200,2986.0500,2946.6200,3154.4700,3209.9000
2012-12-18,6841.5700,6538.7200,2999.3300,3005.9200,2963.9800,3176.6500,3246.5600
2012-12-19,6881.3300,6576.7000,3014.0500,3024.5900,2983.8300,3195.4700,3266.0500
2012-12-20,6869.5600,6564.4000,3003.4300,3019.5500,2978.9200,3188.4800,3268.3600
2012-12-21,6788.0000,6482.1100,2953.8200,2979.8200,2936.2300,3143.6800,3200.7900
2012-12-24,6799.6600,6494.8700,2967.3600,2987.1300,2945.4400,3150.5900,3210.1000
2012-12-26,6854.2600,6545.5100,2985.4300,3009.7000,2966.5100,3174.0800,3245.4100
2012-12-27,6815.6700,6510.5500,2968.0100,2995.1800,2954.2800,3156.9000,3220.6800
2012-12-28,6861.2400,6554.7500,2977.7900,3017.7200,2978.4900,3177.3800,3250.9700
2012-12-31,6863.3700,6561.8700,2992.0900,3023.9200,2989.9100,3184.8700,3275.4600
2013-01-01,6921.3400,6621.0300,3031.0000,3054.3200,3025.5200,3217.9600,3337.4400
2013-01-02,6969.8500,6666.2700,3055.6500,3072.6000,3040.1000,3240.6100,3352.4800
2013-01-03,6991.3500,6689.5100,3078.3700,3086.3400,3058.9100,3256.4000,3381.6800
2013-01-04,6996.9100,6701.0000,3093.2700,3094.2200,3071.2300,3264.6100,3431.9700
2013-01-07,6971.0800,6683.6100,3103.2300,3088.6800,3071.2500,3262.3300,3452.7200
2013-01-08,6983.5400,6692.6200,3095.5000,3092.5400,3073.6700,3263.1300,3453.3300
2013-01-09,6951.7900,6661.9200,3085.6300,3078.6800,3061.0800,3249.5200,3438.9100
2013-01-10,6947.0800,6652.8300,3075.8100,3070.5100,3046.7300,3241.1900,3400.5500
2013-01-11,6916.4300,6609.8800,3032.9400,3041.0100,3001.0700,3210.0900,3326.5100
2013-01-14,7003.5000,6690.9000,3061.0100,3076.3300,3032.8500,3247.0900,3415.0200
2013-01-15,7038.6500,6721.6100,3066.5600,3086.2800,3036.8000,3258.3900,3439.7500
2013-01-16,6970.2100,6650.6600,3022.7100,3052.5000,3000.1400,3220.0700,3364.1900
2013-01-17,7008.3800,6683.8100,3023.0300,3063.1900,3003.5000,3231.2200,3404.1600
2013-01-18,7028.7400,6701.3600,3019.4100,3066.0500,2998.9700,3234.7200,3451.1900
2013-01-21,7048.9800,6718.0100,3020.9700,3069.6400,2996.4800,3239.5700,3471.2300
2013-01-22,7004.8300,6671.4400,2990.9700,3045.9500,2968.9300,3212.8900,3396.0200
2013-01-23,7006.5400,6661.5900,2957.7600,3034.7400,2946.4800,3198.2000,3322.6900
2013-01-24,6954.0800,6591.1300,2883.8700,2988.8200,2879.3800,3146.0600,3178.7700
2013-01-25,7024.9000,6663.8800,2921.6700,3030.7100,2931.6700,3185.7500,3264.1400
2013-01-28,7026.5300,6666.4800,2926.1400,3032.6800,2934.5900,3188.1700,3254.4700
2013-01-29,6994.0400,6633.9700,2903.5700,3017.2300,2918.1400,3170.2800,3197.1600
2013-01-30,6998.4200,6637.2800,2902.8600,3017.0200,2915.4600,3171.4200,3185.8600
2013-01-31,6986.0600,6634.7800,2907.9200,3024.1900,2933.5800,3173.8400,3220.0800
2013-02-01,6953.7700,6608.1500,2902.7400,3019.4700,2939.6800,3165.5500,3214.6500
2013-02-04,6938.1300,6585.5500,2872.3000,3004.8400,2918.0000,3147.9700,3150.8800
2013-02-05,6903.8300,6550.4900,2854.3500,2987.1700,2898.5800,3129.9500,3133.4700
2013-02-06,6910.5900,6556.7300,2858.2800,2990.0200,2901.1400,3132.9300,3139.8900
2013-02-07,6882.5200,6522.4100,2823.7700,2973.4200,2882.5200,3111.2500,3079.5700
2013-02-08,6841.2500,6480.2700,2795.9900,2955.0400,2865.1400,3088.2700,3035.3800
2013-02-11,6835.3700,6474.0300,2793.3700,2953.3900,2864.2400,3085.3200,3038.1300
2013-02-12,6862.4500,6491.2700,2781.0300,2956.8400,2860.0000,3086.6900,3033.6600
2013-02-13,6865.3500,6488.7100,2771.2400,2950.1700,2846.1500,3080.9300,2985.8500
2013-02-14,6815.4900,6436.0600,2728.6000,2921.6100,2810.7900,3048.2600,2937.6700
2013-02-15,6809.3600,6432.3600,2717.2200,2925.0100,2819.5500,3046.5500,2948.2600
2013-02-18,6825.3300,6450.1300,2731.1200,2934.9400,2831.6000,3057.2900,2982.4900
2013-02-19,6875.7400,6502.0700,2761.8700,2963.1400,2865.3200,3085.5200,3019.2400
2013-02-20,6877.4500,6503.8300,2768.3000,2963.0100,2864.4300,3087.0100,3014.4100
2013-02-21,6766.5700,6397.8100,2724.1700,2916.4200,2821.6500,3036.0300,2942.5300
2013-02-22,6768.2700,6397.8600,2726.1000,2916.5900,2822.3400,3035.8200,2949.5500
2013-02-25,6767.1000,6383.8400,2696.3400,2903.8800,2799.2400,3020.0700,2890.9700
2013-02-26,6662.5600,6280.6500,2639.9500,2857.4100,2753.7800,2966.8200,2808.5600
2013-02-27,6709.0800,6323.6600,2655.9200,2874.9100,2767.7100,2986.2600,2852.3000
2013-02-28,6583.5200,6198.2400,2599.2600,2815.9600,2707.2700,2923.2000,2715.9400
2013-03-01,6619.9700,6229.9200,2597.4200,2832.2900,2724.7400,2935.1500,2738.0300
2013-03-04,6590.4600,6188.9400,2551.9200,2805.8900,2687.4000,2905.4600,2688.2200
2013-03-05,6689.1300,6284.2400,2591.9200,2851.3300,2733.4700,2951.4300,2760.2100
2013-03-06,6728.0800,6327.7900,2629.2000,2873.8400,2759.5900,2978.0900,2822.9800
2013-03-07,6775.7400,6370.8600,2642.2000,2892.2000,2774.9100,2997.0900,2837.1500
2013-03-08,6867.7000,6452.7400,2666.0100,2924.0100,2797.7000,3031.5700,2884.7100
2013-03-11,6865.9300,6453.5800,2677.1600,2928.2600,2807.7400,3036.2100,2895.5500
2013-03-12,6828.8400,6419.8900,2665.0500,2911.9700,2790.9000,3020.1400,2877.3300
2013-03-13,6751.1500,6348.1000,2632.5900,2882.1000,2765.5900,2986.8000,2831.1800
2013-03-14,6817.5100,6404.4900,2633.5400,2904.5500,2781.1500,3006.5500,2870.4200
2013-03-15,6777.0300,6366.3500,2609.8100,2887.9700,2765.8800,2987.5900,2845.0100
2013-03-18,6741.4400,6332.1100,2599.5700,2876.4900,2760.6400,2973.0800,2818.4300
2013-03-19,6633.4200,6232.8200,2558.4900,2832.8800,2721.7300,2926.9200,2736.6900
2013-03-20,6563.3700,6156.9600,2506.5200,2790.4500,2668.4900,2881.6000,2643.1400
2013-03-21,6521.8500,6112.4500,2474.3500,2769.7800,2646.5900,2856.9400,2602.0900
2013-03-22,6516.1000,6101.2300,2460.9600,2762.8400,2636.5100,2848.4200,2588.9400
2013-03-25,6492.9700,6081.5700,2454.0200,2755.2600,2631.1200,2840.0500,2563.7000
2013-03-26,6502.1900,6087.6600,2461.1900,2753.2200,2623.1600,2841.2200,2540.3900
2013-03-28,6558.2100,6148.2600,2496.7300,2785.4800,2660.9600,2874.7800,2618.9400
2013-04-01,6588.7900,6186.0300,2543.1500,2806.4200,2688.2800,2902.9300,2675.9100
2013-04-02,6645.6600,6245.8500,2592.4800,2836.6000,2723.6200,2941.2400,2743.8200
2013-04-03,6560.2200,6174.4300,2576.9200,2808.0000,2702.1500,2912.5700,2706.9100
2013-04-04,6448.4900,6066.0400,2520.9200,2757.4400,2650.6400,2857.6800,2662.7400
2013-04-05,6426.9200,6049.4900,2515.2600,2753.2300,2651.0800,2851.9200,2672.6900
2013-04-08,6419.9800,6041.8700,2516.9000,2748.2600,2644.7600,2848.5800,2665.5600
2013-04-09,6365.1400,5989.5400,2492.5500,2723.4400,2619.3200,2823.1800,2629.4300
2013-04-10,6436.9100,6049.1600,2503.5400,2744.5300,2630.9800,2846.2000,2667.3200
2013-04-11,6474.2500,6079.1300,2514.8100,2752.8100,2631.7000,2857.0800,2662.8900
2013-04-12,6415.9600,6030.2500,2508.4700,2738.3900,2628.8900,2840.9000,2688.4700
2013-04-15,6452.6800,6062.5800,2521.7900,2746.3900,2628.4600,2854.6200,2732.9100
2013-04-16,6585.1600,6175.4800,2541.5500,2788.0100,2654.3200,2897.2000,2782.7000
2013-04-17,6588.1400,6181.3400,2547.2000,2789.3900,2654.3100,2901.0700,2771.2200
2013-04-18,6693.7300,6271.4900,2565.9400,2823.6800,2677.1500,2935.2000,2813.7900
2013-04-22,6759.7100,6337.5300,2591.3400,2859.6700,2718.9400,2968.3000,2894.4200
2013-04-23,6757.6200,6334.7500,2594.6900,2854.4300,2709.2000,2966.6200,2881.1600
2013-04-25,6843.1200,6406.7100,2595.8100,2880.5200,2723.6300,2989.9300,2896.6400
2013-04-26,6794.8300,6361.4700,2573.9400,2863.2500,2710.7700,2968.7300,2853.7100
2013-04-29,6838.2300,6401.9500,2587.9300,2881.9800,2728.7100,2986.1500,2883.8700
2013-04-30,6873.3100,6430.9000,2593.2700,2892.6700,2735.2400,2996.6600,2863.6300
2013-05-02,6956.9300,6504.7800,2607.6700,2923.5000,2760.3100,3026.2400,2900.1600
2013-05-03,6899.8800,6455.0000,2598.3000,2904.4000,2747.2500,3007.9000,2876.6200
2013-05-06,6933.5700,6491.7600,2631.7900,2925.8200,2775.4900,3032.9800,2916.8000
2013-05-07,7015.5700,6563.8300,2650.7000,2957.3300,2803.5200,3063.9600,2925.7300
2013-05-08,7038.6100,6587.2600,2671.8100,2968.1100,2814.6900,3077.9400,2937.6800
2013-05-09,7016.5300,6564.1500,2660.0200,2955.6600,2799.8900,3065.2800,2919.5700
2013-05-10,7072.7900,6610.4800,2659.8500,2976.2900,2817.1500,3082.1100,2936.2400
2013-05-11,7087.8000,6625.0800,2666.0500,2982.9000,2823.3900,3088.8400,2945.9700
2013-05-13,6947.8000,6500.3400,2625.8600,2931.1500,2780.7000,3034.7200,2875.7300
2013-05-14,6965.9500,6518.0100,2620.4900,2941.3000,2792.3800,3041.3300,2888.9800
2013-05-15,7134.7100,6668.3800,2661.1500,3002.5400,2840.9100,3104.1800,2974.8000
2013-05-16,7165.0600,6695.1000,2666.8900,3014.8500,2852.6000,3115.6100,2987.5300
2013-05-17,7190.3400,6718.5400,2675.6600,3024.5700,2860.8200,3126.6700,2989.3200
2013-05-20,7148.4100,6683.6400,2667.7300,3010.0500,2849.0000,3112.3800,2974.4400
2013-05-21,7098.5700,6636.8700,2646.3200,2991.4200,2833.6400,3089.5100,2940.6400
2013-05-22,7073.6400,6607.3000,2619.3300,2973.4300,2809.5100,3070.1200,2884.3200
2013-05-23,6930.4800,6471.0700,2562.3600,2914.3800,2755.9700,3005.7700,2797.7600
2013-05-24,6954.9700,6495.2100,2574.5600,2922.6400,2760.8000,3017.4500,2818.3100
2013-05-27,7065.9200,6593.3000,2602.6900,2962.3500,2791.9500,3057.8300,2854.2100
2013-05-28,7097.7900,6623.8000,2613.1600,2979.6300,2812.1000,3072.3600,2875.1800
2013-05-29,7085.0800,6609.4100,2599.3700,2971.9200,2802.5100,3063.0300,2831.7400
2013-05-30,7112.9500,6625.9400,2593.6300,2975.6200,2798.6100,3065.1100,2816.1700
2013-05-31,6975.4600,6502.4700,2545.8700,2931.8300,2770.6300,3013.1300,2709.8000
2013-06-03,6934.4600,6471.6900,2547.6700,2924.8400,2773.9800,3005.5100,2723.4700
2013-06-04,6921.6300,6462.3400,2554.7000,2923.3400,2776.8300,3005.3900,2724.2300
2013-06-05,6927.6200,6467.8600,2559.1100,2926.0300,2779.7900,3008.5900,2749.6000
2013-06-06,6923.3400,6465.3800,2568.2300,2924.7200,2778.8000,3010.3700,2759.9200
2013-06-07,6870.9300,6420.5700,2558.7800,2907.2800,2766.5200,2993.0600,2723.9100
2013-06-10,6854.2200,6397.4400,2534.4200,2889.2100,2738.1800,2975.0000,2657.8300
2013-06-11,6746.4300,6293.9300,2484.7900,2842.2700,2692.9200,2924.3700,2584.1200
2013-06-12,6703.4000,6255.6500,2468.1400,2827.4400,2682.0300,2907.7700,2585.4100
2013-06-13,6631.7900,6182.9000,2429.0300,2792.6400,2644.9500,2870.5700,2540.9300
2013-06-14,6754.6500,6292.3600,2456.3700,2837.6100,2680.5500,2915.1300,2595.7600
2013-06-17,6808.2300,6336.5200,2461.6000,2853.4500,2689.1400,2929.8900,2608.6300
2013-06-18,6776.7000,6313.1600,2464.7800,2849.9900,2695.5100,2925.0400,2633.3000
2013-06-19,6792.4500,6329.9500,2479.7100,2859.8400,2708.4500,2936.8200,2652.7600
2013-06-20,6602.1400,6160.3400,2430.7400,2792.0500,2656.2200,2865.3100,2564.8200
2013-06-21,6601.8000,6147.3900,2402.1500,2773.2000,2619.1100,2846.6800,2499.4800
2013-06-24,6501.8800,6043.8000,2349.1000,2715.4600,2549.9400,2790.9600,2406.1800
2013-06-25,6519.0000,6050.0900,2337.0100,2711.9200,2537.5700,2787.9500,2414.3100
2013-06-26,6497.2900,6030.0100,2318.4700,2703.3300,2529.1500,2775.1700,2389.7200
2013-06-27,6601.6600,6114.8900,2326.9300,2732.0900,2541.8200,2803.3500,2401.4600
2013-06-28,6781.7900,6277.7300,2375.1000,2802.3600,2603.3500,2873.8000,2481.8400
2013-07-01,6867.7600,6362.8100,2420.0500,2843.8400,2647.3400,2919.1200,2589.2000
2013-07-02,6819.6400,6322.2200,2415.6000,2828.8300,2638.0200,2904.5200,2565.9400
2013-07-03,6717.0000,6225.5900,2365.7100,2784.4000,2594.1400,2855.7600,2482.5200
2013-07-04,6790.5000,6289.5400,2377.9200,2811.3000,2615.8100,2881.5900,2506.5700
2013-07-05,6823.5000,6315.8000,2383.9300,2821.5800,2622.7300,2890.7200,2512.7600
2013-07-08,6767.8300,6267.6900,2378.8500,2805.7500,2615.8200,2874.1300,2507.3900
2013-07-09,6829.0000,6322.1500,2399.7200,2828.7600,2635.7000,2899.7200,2531.2100
2013-07-10,6784.8700,6284.1700,2400.1400,2813.8400,2625.3600,2888.5000,2499.4900
2013-07-11,6910.1900,6389.6400,2421.9300,2851.1400,2646.3300,2928.3100,2541.0900
2013-07-12,6989.9500,6452.3100,2422.6900,2868.8000,2648.2100,2946.7900,2530.1700
2013-07-15,7022.2400,6488.2500,2439.5500,2891.2500,2676.8500,2966.5700,2581.3700
2013-07-16,6934.1100,6406.0000,2411.9800,2852.9200,2639.3700,2928.2500,2517.6700
2013-07-17,6945.0500,6407.9900,2402.3100,2845.8200,2622.0400,2922.5700,2469.8300
2013-07-18,7027.8500,6479.4100,2422.1600,2873.3900,2641.3100,2951.4300,2526.7200
2013-07-19,7011.9600,6459.0400,2409.6400,2862.0500,2627.6300,2939.9400,2499.3600
2013-07-22,7012.1100,6456.8700,2402.2200,2865.4100,2635.5400,2938.9500,2485.1900
2013-07-23,7063.4200,6498.2800,2403.9600,2878.7200,2640.6100,2952.4600,2484.6400
2013-07-24,6956.9700,6397.2400,2363.7800,2833.9100,2599.1800,2905.2400,2428.1200
2013-07-25,6867.7800,6319.0200,2343.9000,2800.5000,2570.5600,2872.5400,2397.4700
2013-07-26,6837.9100,6285.3900,2325.3000,2783.7100,2552.3900,2854.5400,2348.4400
2013-07-29,6772.1700,6219.9100,2293.0100,2754.7900,2525.1500,2820.8900,2286.4600
2013-07-30,6677.3400,6124.5100,2241.1100,2708.9600,2477.0100,2770.5400,2195.7300
2013-07-31,6665.9000,6109.8600,2213.3200,2701.0200,2466.3300,2755.7300,2245.8300
2013-08-01,6636.0600,6074.3200,2185.5800,2676.8600,2432.8000,2732.6200,2151.0700
2013-08-02,6573.8100,6019.9300,2162.4400,2659.1000,2423.9200,2709.0100,2080.7600
2013-08-05,6588.4300,6031.7500,2174.8900,2664.6000,2429.5000,2715.6400,2080.3800
2013-08-06,6423.7400,5879.7500,2126.3200,2595.9900,2365.2800,2648.3200,2010.9900
2013-08-07,6414.0400,5879.4600,2158.1000,2599.6500,2375.4000,2658.8900,2072.2500
2013-08-08,6467.0700,5930.3900,2185.4300,2627.5700,2407.5100,2686.9700,2097.8500
2013-08-12,6525.4200,5990.6100,2220.6700,2660.5500,2446.2900,2719.9300,2145.6200
2013-08-13,6633.8100,6086.7600,2248.2600,2702.1700,2482.5900,2760.7800,2178.4800
2013-08-14,6684.6700,6131.2400,2256.1300,2722.0800,2499.5900,2778.9500,2219.8000
2013-08-16,6413.0800,5897.1000,2194.8300,2633.0700,2439.3000,2686.3300,2081.0600
2013-08-19,6297.5500,5796.2100,2170.7000,2587.2800,2397.6800,2644.4700,2071.8500
2013-08-20,6275.0600,5777.3800,2174.3400,2573.5100,2378.3800,2637.5400,2096.2000
2013-08-21,6164.2000,5681.1500,2155.4600,2535.3900,2350.4300,2600.6900,2033.6200
2013-08-22,6278.9500,5774.5900,2168.8200,2567.6900,2366.5200,2633.4700,2106.5900
2013-08-23,6354.7700,5840.9800,2194.9300,2599.6200,2398.7900,2664.8000,2123.8200
2013-08-26,6364.4000,5856.1800,2203.6800,2611.4200,2417.2000,2675.8000,2141.7600
2013-08-27,6147.3600,5669.3400,2159.0200,2535.8000,2359.7200,2601.9900,2063.2300
2013-08-28,6133.7200,5651.3700,2136.4100,2519.4300,2334.5400,2586.5200,2029.8000
2013-08-29,6273.4600,5770.6200,2159.0400,2565.7700,2366.4300,2631.3800,2079.4200
2013-08-30,6345.2200,5831.2500,2162.7900,2584.9700,2373.4700,2650.8800,2087.9300
2013-09-02,6437.1900,5914.2100,2190.1400,2620.0800,2402.9700,2687.2400,2154.6700
2013-09-03,6203.4700,5716.3800,2161.9400,2545.5500,2354.6800,2616.2300,2086.5200
2013-09-04,6322.5500,5816.3700,2177.1600,2583.3200,2378.9800,2652.4500,2132.8900
2013-09-05,6487.8700,5957.0600,2216.4700,2638.4700,2417.1500,2708.8500,2204.8300
2013-09-06,6582.5200,6036.0300,2228.3300,2668.1300,2435.3100,2736.5000,2232.2500
2013-09-10,6822.7800,6237.5500,2253.1600,2738.9300,2473.0300,2805.2700,2262.4400
2013-09-11,6851.0000,6273.7800,2283.9200,2762.5400,2504.9600,2830.7100,2329.4100
2013-09-12,6775.0900,6213.3400,2278.4500,2744.1500,2499.5400,2812.0900,2300.0500
2013-09-13,6779.0100,6219.7200,2291.9400,2750.0900,2508.0400,2819.6600,2340.7000
2013-09-16,6767.7500,6206.4800,2271.9500,2743.6600,2500.2800,2808.9600,2330.8500
2013-09-17,6774.4800,6211.7300,2270.7700,2739.9900,2491.2600,2807.4500,2313.7100
2013-09-18,6828.8000,6259.1200,2274.9800,2758.9300,2505.4100,2824.1400,2326.6000
2013-09-19,7079.4100,6469.1800,2308.5000,2841.1100,2562.0600,2901.4200,2452.6200
2013-09-20,6970.7500,6374.6200,2276.8300,2805.7800,2538.2700,2861.1300,2359.2400
2013-09-23,6836.3000,6265.4600,2267.6200,2764.1800,2511.7100,2823.3100,2314.7700
2013-09-24,6839.6800,6268.4700,2267.5300,2768.9000,2519.5500,2825.3300,2298.5400
2013-09-25,6825.6100,6258.6000,2268.9300,2770.1700,2527.9000,2825.4500,2319.6400
2013-09-26,6834.3900,6265.9600,2275.8400,2773.1200,2530.8800,2830.9600,2312.3600
2013-09-27,6787.7700,6229.0700,2279.1800,2762.0600,2528.1200,2821.0800,2315.7700
2013-09-30,6677.5200,6139.7500,2267.3300,2735.4900,2520.7700,2792.6700,2290.0600
2013-10-01,6729.1100,6182.9100,2278.2000,2752.5500,2533.0900,2809.9800,2304.8700
2013-10-03,6875.0600,6308.3400,2304.7400,2801.4200,2568.0800,2858.5400,2358.4700
2013-10-04,6876.9600,6313.2300,2316.1800,2804.9900,2573.7200,2864.4000,2360.9000
2013-10-07,6881.7100,6322.5400,2328.5400,2812.8400,2586.2500,2874.1600,2372.9600
2013-10-08,6903.1600,6341.6600,2343.9300,2817.8100,2587.2700,2884.5400,2390.2100
2013-10-09,6992.9900,6419.9100,2367.1800,2849.1100,2611.5800,2917.3000,2416.5400
2013-10-10,7013.9700,6440.9300,2389.3100,2859.3800,2623.1800,2932.0200,2417.3600
2013-10-11,7090.0000,6502.9200,2403.2000,2877.6700,2628.1200,2952.9800,2437.1300
2013-10-14,7108.8200,6522.6700,2423.4600,2889.9500,2644.3800,2967.0700,2457.1200
2013-10-15,7075.7300,6485.7600,2391.1600,2867.0900,2614.5300,2941.8800,2405.5500
2013-10-17,7030.0900,6448.9900,2395.4700,2856.5100,2612.5000,2933.7400,2404.2700
2013-10-18,7187.9800,6581.6500,2412.9100,2905.6000,2643.7700,2981.3800,2451.1700
2013-10-21,7220.3000,6615.3300,2441.0200,2925.4900,2668.8400,3004.1100,2485.0900
2013-10-22,7222.5300,6625.7400,2467.8700,2935.7100,2686.4000,3019.6400,2529.8000
2013-10-23,7197.5200,6604.9600,2457.3200,2927.5900,2680.0000,3010.2700,2540.6100
2013-10-24,7181.0800,6590.3600,2460.1500,2924.8400,2682.3300,3007.5300,2527.5600
2013-10-25,7153.9100,6563.9000,2445.2700,2911.6200,2668.0200,2993.2300,2490.2900
2013-10-28,7097.6200,6512.8700,2432.7500,2887.5900,2644.6800,2970.5900,2455.1700
2013-10-29,7234.3300,6630.7800,2456.0900,2936.3100,2683.5100,3016.2700,2496.6800
2013-10-30,7271.1800,6663.2500,2470.3600,2947.9700,2691.0300,3030.4700,2499.3300
2013-10-31,7330.1900,6720.8900,2491.5200,2981.5600,2730.8100,3059.8700,2573.8300
2013-11-01,7345.6200,6746.2800,2520.5900,3004.7000,2767.7200,3083.7200,2648.0100
2013-11-03,7362.4300,6770.2600,2558.4600,3020.6500,2790.6800,3105.7500,2698.1500
2013-11-05,7294.2100,6725.7700,2576.2200,3020.5200,2816.9200,3105.3400,2754.4600
2013-11-06,7251.9100,6693.2000,2588.1000,3006.8100,2806.6400,3097.3900,2723.4100
2013-11-07,7207.4700,6647.9700,2556.1900,2983.0100,2779.1900,3071.0500,2651.3200
2013-11-08,7163.3700,6611.5700,2550.6500,2971.9300,2775.8700,3059.4500,2641.3100
2013-11-11,7093.6800,6547.8300,2519.0600,2945.8500,2754.1600,3029.2600,2587.5700
2013-11-12,7028.4100,6487.6800,2497.7400,2919.2900,2730.0200,3001.4800,2547.3900
2013-11-13,6995.2100,6456.0500,2483.7100,2904.5800,2715.5500,2986.2100,2513.4700
2013-11-14,7081.6400,6533.6500,2518.2900,2936.1800,2741.3200,3023.2600,2565.4500
2013-11-18,7231.0400,6660.3100,2545.1600,2983.2800,2771.8700,3071.7600,2623.5400
2013-11-19,7244.7800,6675.9800,2555.8300,2990.8700,2779.9900,3080.9600,2650.5800
2013-11-20,7153.8400,6603.6000,2562.7800,2966.9300,2770.4600,3061.5000,2639.0000
2013-11-21,7012.4100,6480.3000,2533.2000,2919.4900,2736.9900,3012.5400,2567.6100
2013-11-22,7011.8600,6481.2300,2539.1400,2919.9300,2737.8400,3014.2300,2559.7500
2013-11-25,7147.0000,6598.1400,2567.7200,2964.4400,2768.3600,3061.1100,2616.9400
2013-11-26,7087.5800,6546.5400,2549.8600,2944.9300,2754.8000,3038.4300,2548.0500
2013-11-27,7085.7700,6547.5300,2553.8200,2947.9500,2761.3300,3042.2300,2567.4000
2013-11-28,7126.9200,6588.0400,2579.9300,2969.9000,2787.0800,3065.7000,2596.7800
2013-11-29,7223.9900,6673.8500,2609.0800,3003.2800,2811.6600,3102.3100,2634.3200
2013-12-02,7273.4400,6721.8100,2638.5200,3025.2500,2833.4600,3128.0600,2676.4300
2013-12-03,7253.6300,6709.9300,2644.7800,3026.0200,2842.2700,3128.1300,2668.5700
2013-12-04,7205.3500,6666.0300,2638.5500,3003.9300,2819.2000,3109.9700,2655.9300
2013-12-05,7292.5500,6736.6600,2643.6900,3027.9100,2827.8100,3133.9300,2712.1800
2013-12-06,7313.8600,6758.7500,2651.1700,3041.3600,2844.7600,3145.6300,2736.4100
2013-12-09,7429.1000,6853.1000,2660.1100,3075.3900,2864.2200,3177.7300,2773.9500
2013-12-10,7392.9200,6820.5300,2640.1600,3062.7300,2854.2600,3162.3700,2731.1600
2013-12-11,7360.9700,6795.0700,2643.1200,3053.6000,2849.3800,3154.8500,2712.6600
2013-12-12,7281.8300,6732.0600,2638.2800,3033.0100,2840.9500,3134.4900,2684.9600
2013-12-13,7200.3000,6655.7600,2608.0700,2996.6500,2804.5100,3097.4900,2628.6100
2013-12-16,7197.7600,6655.6600,2617.2700,2998.8600,2809.9400,3100.9800,2604.9700
2013-12-17,7185.2500,6645.2200,2615.5100,2994.3600,2806.0100,3096.2300,2591.2500
2013-12-18,7278.9100,6731.1200,2651.2300,3033.9700,2844.1800,3136.6800,2649.7700
2013-12-19,7229.1200,6690.4600,2648.1700,3018.1900,2815.1800,3123.4300,2615.1700
2013-12-20,7352.2500,6803.8700,2696.0900,3068.8600,2862.5900,3178.9400,2678.6700
2013-12-23,7368.6600,6827.9300,2731.4000,3087.8000,2892.1800,3201.7800,2733.2800
2013-12-24,7354.5200,6824.1100,2753.0700,3094.4400,2910.7400,3212.2100,2767.3200
2013-12-26,7367.6500,6840.5000,2783.2000,3102.0200,2919.7400,3227.2200,2807.1000
2013-12-27,7411.5800,6878.0800,2786.3400,3118.4500,2933.6600,3241.2300,2820.1700
2013-12-30,7387.0500,6857.4800,2784.9400,3110.9400,2929.4700,3234.6200,2793.2300
2013-12-31,7404.5500,6878.2900,2799.3200,3126.3000,2951.7200,3248.5600,2817.3800
2014-01-01,7407.0600,6887.2400,2836.8000,3134.8500,2967.8500,3264.6200,2868.4400
2014-01-02,7303.2000,6786.1000,2773.5800,3083.3000,2910.6800,3207.9600,2769.9600
2014-01-03,7299.1400,6788.4600,2796.3900,3089.0600,2923.4600,3217.6500,2793.9600
2014-01-06,7281.5100,6780.6100,2825.4000,3091.8600,2936.4500,3225.6600,2808.3500
2014-01-07,7240.9800,6745.9400,2826.4300,3076.1000,2922.8800,3214.2400,2802.9800
2014-01-08,7256.4000,6764.5400,2839.1400,3085.4000,2933.4000,3225.1800,2826.8900
2014-01-09,7240.7300,6745.7900,2819.4400,3073.0000,2915.5400,3209.8000,2798.4300
2014-01-10,7240.7800,6737.1100,2799.6600,3059.9200,2890.3800,3197.1300,2759.1800
2014-01-13,7340.0500,6815.5000,2804.0800,3081.6400,2891.5200,3221.2800,2774.1800
2014-01-14,7309.6500,6788.6300,2801.1900,3068.4900,2878.6200,3210.2500,2763.2500
2014-01-15,7392.6400,6857.2200,2805.7800,3092.8300,2891.4600,3232.8500,2800.0200
2014-01-16,7379.8200,6845.5500,2795.5800,3088.8600,2889.0500,3226.3900,2790.8000
2014-01-17,7309.3800,6775.4300,2742.8900,3056.1800,2855.2800,3185.2300,2752.1900
2014-01-20,7363.9900,6827.8900,2767.7200,3082.9900,2884.4300,3212.9500,2777.7700
2014-01-21,7374.9100,6839.9200,2785.1700,3087.9000,2889.1900,3221.5500,2793.7800
2014-01-22,7403.1500,6864.8300,2796.4300,3099.0000,2899.3600,3233.8100,2805.8500
2014-01-23,7407.5000,6864.4900,2785.3700,3093.4900,2886.7300,3228.0100,2793.3500
2014-01-24,7310.7800,6771.1800,2734.2500,3049.2300,2841.5700,3178.9600,2723.3300
2014-01-27,7149.3700,6616.0100,2661.9700,2973.4800,2762.7700,3099.1600,2600.7700
2014-01-28,7138.2500,6609.0800,2672.2900,2969.3900,2758.4800,3098.4500,2605.1000
2014-01-29,7138.3700,6609.0700,2668.7200,2970.1900,2760.0500,3098.1300,2608.0800
2014-01-30,7071.5100,6545.5000,2631.3200,2943.1200,2735.8300,3066.0100,2549.1500
2014-01-31,7112.8800,6594.5800,2672.6500,2978.8600,2786.9000,3100.9900,2615.3700
2014-02-03,7015.0400,6510.1100,2657.2100,2944.5300,2761.0500,3068.3900,2577.3400
2014-02-04,7018.4800,6515.6900,2668.6000,2949.8000,2769.9300,3074.6400,2587.3600
2014-02-05,7045.6800,6542.9100,2688.8800,2962.0500,2781.9500,3090.0600,2595.5400
2014-02-06,7063.6700,6556.2100,2682.6600,2966.2000,2782.5000,3091.4500,2588.5300
2014-02-07,7093.2400,6585.4900,2695.4400,2983.4200,2803.5800,3107.8900,2613.5200
2014-02-10,7078.2600,6572.9900,2692.9200,2979.3600,2801.8600,3103.7100,2607.1400
2014-02-11,7088.1400,6583.1500,2703.2900,2985.5900,2809.5500,3108.7800,2617.1700
2014-02-12,7107.9800,6600.7600,2709.5400,2992.4100,2814.2000,3115.5100,2606.5900
2014-02-13,7010.7600,6514.4200,2681.3000,2957.6500,2787.4800,3078.2900,2553.6900
2014-02-14,7059.4500,6553.3900,2682.3900,2968.3300,2787.6900,3089.5700,2565.0300
2014-02-17,7085.7700,6572.0100,2679.8100,2971.1800,2782.4100,3092.5600,2565.1800
2014-02-18,7149.3500,6629.7800,2712.2400,2993.6000,2799.3100,3121.3200,2601.6300
2014-02-19,7179.1700,6659.7600,2735.0300,3005.9700,2810.1600,3137.8900,2621.2700
2014-02-20,7116.0100,6609.1200,2732.1900,2991.0000,2806.7500,3122.1600,2612.7600
2014-02-21,7187.4700,6674.1500,2755.4600,3017.5100,2827.7900,3151.0400,2634.8400
2014-02-24,7217.3600,6702.7100,2765.4500,3029.8800,2838.8300,3165.2000,2630.0000
2014-02-25,7233.1100,6717.8000,2774.9100,3037.0400,2846.1800,3173.5500,2640.2600
2014-02-26,7270.4700,6749.3100,2779.0300,3047.5900,2850.9000,3185.0300,2656.7800
2014-02-28,7321.2600,6795.7400,2790.9300,3067.1100,2867.0700,3204.7300,2668.7100
2014-03-03,7267.8900,6751.1300,2790.8500,3049.6800,2854.7800,3189.5400,2660.5400
2014-03-04,7355.0400,6831.3400,2829.4100,3084.9700,2887.0800,3229.1800,2704.3900
2014-03-05,7391.8700,6870.1800,2845.1800,3107.6800,2914.6900,3249.5100,2746.2700
2014-03-06,7476.9100,6951.8800,2885.0700,3146.0300,2952.8800,3291.0800,2803.9200
2014-03-07,7613.0400,7056.6600,2876.0500,3173.7200,2950.7800,3317.2500,2868.2400
2014-03-10,7629.6100,7074.3400,2884.8800,3183.9400,2963.4700,3327.9300,2894.8200
2014-03-11,7595.8500,7047.7700,2887.8400,3174.2100,2957.9300,3320.4800,2888.3200
2014-03-12,7601.5800,7050.3000,2887.1500,3174.8500,2957.5500,3320.2600,2869.5100
2014-03-13,7570.5500,7020.1700,2863.4900,3159.1700,2939.4600,3301.0500,2877.7000
2014-03-14,7583.4700,7026.3200,2854.6700,3157.8300,2932.4700,3299.1500,2872.3100
2014-03-18,7613.2300,7059.7400,2888.5400,3178.5700,2960.1000,3323.3500,2930.8200
2014-03-19,7625.8000,7072.1000,2902.0400,3184.1200,2965.8700,3331.3700,2936.7100
2014-03-20,7576.2600,7030.9900,2904.4900,3166.1400,2951.0500,3317.2100,2896.3500
2014-03-21,7592.6400,7053.7400,2934.8000,3183.4400,2977.5500,3338.1000,2907.2900
2014-03-22,7600.0000,7062.8000,2950.0200,3190.1200,2987.7300,3346.4400,2923.3200
2014-03-24,7692.8300,7138.3800,2950.6200,3215.0900,2997.4800,3369.0000,2959.8800
2014-03-25,7704.6800,7154.5600,2964.3700,3228.2300,3017.1700,3380.3200,2980.4000
2014-03-26,7717.9500,7171.5900,2970.9500,3241.2600,3035.8800,3390.8500,2978.9200
2014-03-27,7766.2000,7217.1200,2994.0200,3260.6000,3052.7100,3414.0400,3043.3200
2014-03-28,7843.6500,7295.5700,3038.0800,3304.4200,3104.6700,3457.2600,3137.3600
2014-03-31,7866.0400,7327.4000,3068.3900,3328.2800,3140.1700,3482.2100,3190.9100
2014-04-01,7879.4300,7338.7500,3075.1400,3328.1800,3134.3400,3489.3000,3197.1700
2014-04-02,7924.9900,7394.1700,3127.0400,3364.9600,3185.5800,3530.3200,3285.5500
2014-04-03,7900.1200,7369.2100,3118.1100,3351.6100,3170.4200,3517.5800,3258.9600
2014-04-04,7858.2400,7341.3900,3138.1300,3347.6300,3180.1500,3519.2100,3337.0900
2014-04-07,7859.6200,7341.0000,3141.0800,3339.0900,3162.0900,3517.9200,3345.4400
2014-04-09,7979.7900,7454.6500,3205.9700,3393.7800,3218.8100,3579.6800,3436.7900
2014-04-10,7993.6100,7473.0700,3228.3600,3409.1800,3243.4800,3595.7500,3489.7000
2014-04-11,7967.8400,7458.1100,3248.1700,3408.0000,3251.6400,3600.3400,3514.4100
2014-04-15,7904.5100,7402.6600,3235.1500,3386.7000,3236.9300,3576.2600,3493.4000
2014-04-16,7837.8000,7335.6800,3188.8300,3354.6300,3203.0900,3537.1900,3408.5100
2014-04-17,7958.0400,7448.4900,3238.1000,3407.6900,3256.0700,3593.5500,3485.1800
2014-04-21,8008.6700,7499.7100,3283.6300,3431.1300,3280.4200,3626.1900,3537.7500
2014-04-22,8008.6600,7498.9200,3285.8800,3428.3200,3274.8100,3625.3800,3554.2400
2014-04-23,8034.1200,7521.1600,3294.9300,3435.7000,3277.8700,3632.9800,3573.1800
2014-04-25,7979.7500,7473.7600,3285.4800,3417.2300,3265.2700,3615.3900,3565.8700
2014-04-28,7959.8300,7463.7600,3293.2600,3429.6900,3299.4300,3620.6700,3603.8600
2014-04-29,7902.4500,7414.0500,3287.4000,3409.0700,3283.7600,3602.3100,3575.8900
2014-04-30,7868.7900,7371.3900,3236.7200,3382.1700,3245.6900,3566.7400,3504.6200
2014-05-02,7872.9000,7378.9000,3255.3700,3389.8600,3259.0400,3575.8700,3536.9600
2014-05-05,7876.8700,7378.0400,3246.5100,3388.2400,3254.5000,3569.7400,3539.6300
2014-05-06,7895.8300,7396.4400,3261.6700,3397.0000,3264.1800,3581.2200,3553.2600
2014-05-07,7825.2100,7339.9300,3258.2100,3379.5300,3259.7200,3563.3500,3550.1100
2014-05-08,7830.5900,7345.2300,3277.9500,3376.5500,3250.6400,3566.1900,3535.2400
2014-05-09,8056.6900,7540.6800,3314.8900,3453.4700,3305.0700,3644.2600,3635.1800
2014-05-12,8226.8800,7686.3600,3336.6600,3504.7400,3331.3000,3696.3900,3691.4100
2014-05-13,8347.0300,7802.5600,3403.4600,3557.6900,3382.5500,3755.8200,3794.8700
2014-05-14,8368.1600,7832.1200,3435.2800,3584.5200,3426.7000,3783.6300,3907.9900
2014-05-15,8376.4000,7827.4400,3403.8100,3571.1000,3397.1400,3766.7100,3882.3200
2014-05-16,8489.3200,7936.2800,3455.3200,3627.6400,3459.7700,3825.5000,4056.7600
2014-05-19,8600.0900,8085.9500,3664.6400,3731.5800,3614.9100,3954.6900,4399.0200
2014-05-20,8615.2900,8125.7600,3767.7100,3762.8000,3668.3600,4005.1200,4477.1100
2014-05-21,8592.5800,8127.6600,3829.1000,3780.8900,3713.8800,4033.1300,4505.3600
2014-05-22,8637.0700,8196.4200,3943.3400,3829.9900,3791.7600,4098.1700,4646.6400
2014-05-23,8751.1700,8311.9200,4023.5500,3888.5700,3857.9500,4164.8800,4792.8500
2014-05-26,8720.0100,8256.0000,3923.5300,3842.0400,3777.7600,4103.7300,4648.6100
2014-05-27,8661.5900,8200.4400,3894.7100,3816.2100,3752.5100,4076.7400,4574.7300
2014-05-28,8679.9700,8224.4000,3935.3700,3827.0800,3765.7300,4099.8300,4589.5500
2014-05-29,8576.6900,8138.0300,3918.2100,3799.3400,3755.2000,4066.7400,4566.0300
2014-05-30,8574.8000,8147.0000,3932.4000,3811.3600,3778.0700,4074.8200,4529.0900
2014-06-02,8730.0800,8299.8300,4022.5800,3888.2700,3863.1200,4159.3000,4680.9000
2014-06-03,8803.5800,8368.8500,4074.5300,3915.1300,3882.5400,4197.5000,4742.3500
2014-06-04,8800.7800,8391.3600,4161.1600,3949.3300,3954.5700,4240.8700,4890.6900
2014-06-05,8902.6100,8489.0600,4216.5500,3996.9600,4003.7500,4295.6400,4988.7500
2014-06-06,9042.1900,8620.5900,4278.8200,4062.9600,4074.9600,4365.1300,5119.1100
2014-06-09,9123.6300,8714.4200,4378.8900,4108.0600,4126.7800,4431.2000,5214.4200
2014-06-10,9118.9400,8708.3500,4369.5700,4102.6100,4117.0800,4427.0500,5129.4400
2014-06-11,9071.4700,8653.6100,4335.5100,4069.9000,4073.3400,4392.5800,5002.0700
2014-06-12,9095.7500,8677.9900,4344.4200,4084.5900,4091.4800,4404.1100,4958.1300
2014-06-13,8949.6000,8521.4300,4215.5400,4000.7600,3989.0100,4302.9000,4730.0200
2014-06-16,8944.3400,8520.9400,4232.6900,4004.6200,3999.5300,4308.5600,4754.9900
2014-06-17,9062.6700,8637.1800,4319.7800,4060.5300,4059.5300,4375.8800,4901.7100
2014-06-18,8978.4200,8560.6300,4304.2400,4026.6700,4029.9700,4342.1700,4831.9900
2014-06-19,8950.9800,8532.4200,4291.4200,4009.5300,4007.5400,4325.6400,4780.9300
2014-06-20,8917.4700,8495.7400,4258.0500,3991.4300,3986.5800,4300.2900,4719.8900
2014-06-23,8904.2600,8494.8200,4277.8500,4003.4000,4017.2800,4312.9700,4809.7800
2014-06-24,9009.1900,8601.6200,4352.6600,4059.1500,4083.4600,4379.2100,4941.7000
2014-06-25,8997.5300,8603.6200,4368.1700,4070.2500,4110.2900,4389.9300,4953.2500
2014-06-26,8914.2300,8534.3600,4354.3100,4044.3600,4095.3200,4363.0200,4898.9600
2014-06-27,8935.5800,8557.4000,4367.2000,4058.5500,4114.4700,4377.0900,4913.7500
2014-06-30,9066.5300,8687.0500,4449.8700,4126.4000,4193.0700,4448.8500,5062.3600
2014-07-01,9100.4300,8723.1500,4487.5500,4144.3600,4213.7500,4472.0700,5070.9700
2014-07-02,9219.8700,8831.6200,4542.2700,4188.9200,4248.8500,4523.9900,5091.3100
2014-07-03,9209.2000,8821.3500,4521.9200,4187.5700,4249.7900,4515.8600,5035.2800
2014-07-04,9256.4800,8868.5600,4558.1500,4211.4400,4275.6600,4542.8500,5026.6300
2014-07-07,9293.0700,8903.2400,4566.7400,4225.8900,4286.7600,4558.1500,4986.4200
2014-07-08,9069.3900,8664.4500,4383.2900,4093.7900,4120.7000,4411.7500,4693.6400
2014-07-09,9015.8900,8597.7200,4301.7100,4050.2400,4055.6400,4360.1500,4593.3900
2014-07-10,9007.1400,8600.0300,4341.6100,4058.7600,4077.5200,4373.3100,4681.1800
2014-07-11,8858.6600,8440.8600,4210.8700,3969.6100,3963.6000,4271.7300,4488.1300
2014-07-14,8863.4100,8440.7200,4190.0200,3969.4000,3961.7200,4268.0000,4487.2800
2014-07-15,8966.2800,8549.6800,4280.4500,4033.9400,4047.0700,4337.5300,4633.8500
2014-07-16,9079.3600,8663.3800,4364.2300,4086.5900,4101.1700,4402.9500,4723.2300
2014-07-17,9112.8600,8709.7300,4430.8500,4121.7300,4157.6500,4441.5000,4760.4000
2014-07-18,9130.5500,8717.1300,4432.5900,4114.9100,4135.9300,4440.1700,4712.4900
2014-07-21,9151.8500,8740.0000,4465.2800,4125.5600,4147.6700,4456.7500,4709.2600
2014-07-22,9243.3000,8812.0400,4461.1400,4146.7200,4147.6200,4477.7300,4676.2300
2014-07-23,9266.5800,8826.3500,4435.2400,4155.0000,4154.5300,4476.8800,4681.8600
2014-07-24,9305.3200,8852.7700,4435.8200,4160.2800,4149.0600,4485.3100,4687.4500
2014-07-25,9245.9800,8784.9300,4356.6300,4121.2200,4096.0800,4434.6600,4567.1500
2014-07-28,9208.9900,8746.3300,4329.3500,4104.3700,4078.4100,4412.2800,4546.4900
2014-07-30,9263.9200,8792.8800,4330.5200,4126.3200,4098.1000,4429.7100,4585.4200
2014-07-31,9191.2600,8739.5500,4340.0800,4114.2000,4106.3400,4416.1900,4598.4400
2014-08-01,9061.6300,8622.9800,4295.4000,4069.3700,4076.3800,4364.8500,4538.1400
2014-08-04,9160.6500,8713.6700,4341.6400,4111.0000,4116.2200,4411.2900,4622.6100
2014-08-05,9231.4700,8786.0000,4391.2400,4143.8100,4148.7200,4452.5400,4681.4800
2014-08-06,9149.1100,8711.5800,4375.2000,4109.6000,4117.1300,4419.0400,4594.0600
2014-08-07,9123.6800,8683.6800,4353.4500,4091.9800,4092.9600,4401.7200,4591.0500
2014-08-08,9018.8200,8570.6000,4253.6500,4027.2300,4008.5700,4328.5700,4440.2200
2014-08-11,9089.8900,8634.1700,4278.9100,4056.0600,4035.3900,4358.2800,4472.0500
2014-08-12,9203.7400,8731.3000,4302.9800,4095.8800,4065.0700,4399.6800,4531.5900
2014-08-13,9209.3800,8707.6400,4204.8800,4069.9700,4011.0500,4357.6400,4357.6800
2014-08-14,9276.9400,8776.4800,4258.1700,4105.6400,4052.3900,4399.3900,4442.3100
2014-08-18,9382.5700,8887.2500,4359.9700,4164.4500,4123.9600,4471.4700,4574.4900
2014-08-19,9421.6200,8936.5300,4418.4700,4194.6300,4165.9300,4506.5200,4658.5400
2014-08-20,9402.4000,8926.7000,4429.5400,4193.9800,4172.0000,4508.7000,4632.6400
2014-08-21,9429.6200,8952.7300,4436.8000,4210.5600,4193.8400,4521.7300,4650.7100
2014-08-22,9454.3600,8971.1900,4438.9400,4219.3300,4202.0400,4529.1400,4642.3800
2014-08-25,9431.3800,8943.0800,4411.2300,4199.3600,4172.1700,4508.5600,4576.2200
2014-08-26,9428.9700,8937.4300,4383.9400,4198.3300,4170.9100,4498.6000,4540.1000
2014-08-27,9464.5200,8976.0900,4417.0800,4220.5900,4199.8000,4524.2600,4561.6400
2014-08-28,9479.0800,8984.1600,4414.1300,4218.1000,4187.7900,4522.7000,4538.1300
2014-09-01,9584.5100,9093.9200,4478.1200,4279.6900,4263.7900,4585.5800,4648.1000
2014-09-02,9651.0600,9158.9400,4527.5800,4309.1700,4293.4800,4622.5800,4689.1000
2014-09-03,9693.7700,9206.1400,4558.2600,4341.2600,4339.9100,4651.0500,4727.5600
2014-09-04,9673.4200,9184.5400,4539.2100,4338.6800,4346.6100,4638.5800,4653.7400
2014-09-05,9666.0200,9185.8500,4566.4800,4346.4700,4366.4500,4647.1200,4659.7400
2014-09-08,9773.0300,9293.4400,4638.9400,4399.7000,4424.9900,4708.4700,4741.3500
2014-09-09,9758.6100,9292.2500,4664.2100,4407.8700,4446.6600,4714.7800,4749.5200
2014-09-10,9684.1900,9240.2400,4686.1100,4393.2300,4450.1400,4705.9800,4730.4200
2014-09-11,9683.0600,9261.2700,4752.7400,4418.3000,4501.9300,4738.3400,4841.5600
2014-09-12,9706.1700,9286.7700,4776.9300,4429.2500,4512.6500,4752.6900,4862.4200
2014-09-15,9636.8400,9240.7600,4789.4900,4422.8500,4531.7200,4745.4200,4919.5400
2014-09-16,9481.5100,9058.7200,4605.2700,4309.6800,4370.3700,4616.3000,4689.2900
2014-09-17,9534.1300,9103.0200,4610.4000,4330.7600,4389.9600,4635.2100,4671.7700
2014-09-18,9705.7200,9270.0600,4727.6400,4406.7400,4465.2400,4729.9500,4822.0000
2014-09-19,9702.4500,9272.5900,4770.3700,4408.1400,4469.8400,4739.2700,4803.6700
2014-09-22,9728.6500,9294.4500,4791.1300,4411.8300,4465.4100,4752.0000,4807.6900
2014-09-23,9567.1500,9136.6100,4677.3600,4338.9500,4391.0100,4663.6700,4660.9800
2014-09-24,9545.7500,9098.0000,4595.1900,4311.1300,4344.4900,4626.1900,4559.8300
2014-09-25,9430.1100,8965.3600,4439.8500,4240.7900,4255.6300,4533.1300,4324.7300
2014-09-26,9510.0000,9040.8400,4463.6500,4277.5500,4294.0300,4570.9700,4400.2800
2014-09-29,9508.2600,9057.5200,4547.8200,4294.3900,4329.7900,4600.0100,4474.2400
2014-09-30,9514.4000,9067.9500,4560.3600,4300.8300,4338.6300,4606.0900,4471.0200
2014-10-01,9488.6300,9043.0000,4537.9300,4291.7900,4332.8500,4591.6300,4447.9500
2014-10-07,9374.3400,8939.5400,4491.9300,4246.0000,4291.7200,4542.5400,4419.9000
2014-10-08,9363.7700,8927.9800,4482.2400,4240.3500,4285.3300,4536.1200,4472.8400
2014-10-09,9510.5300,9068.9700,4561.9200,4310.8600,4362.6800,4612.9800,4564.1300
2014-10-10,9382.5800,8947.3100,4504.6700,4250.1000,4297.2600,4550.4600,4503.8600
2014-10-13,9414.1700,8978.5000,4532.6700,4268.3900,4320.3600,4569.7500,4564.1900
2014-10-14,9398.0000,8960.8000,4534.7200,4260.0200,4312.3300,4562.7400,4534.5900
2014-10-16,9244.5200,8801.2500,4397.4500,4175.9200,4206.0800,4463.3100,4406.6800
2014-10-17,9294.3500,8843.4100,4403.2600,4192.7900,4217.8600,4480.0200,4448.8900
2014-10-20,9417.6700,8956.0600,4437.6900,4244.7000,4264.4600,4530.3500,4528.5200
2014-10-21,9478.7000,9017.6000,4462.4800,4276.3900,4299.0900,4561.3400,4519.7100
2014-10-22,9563.4000,9100.3200,4517.2200,4317.8600,4344.7200,4606.5000,4534.2500
2014-10-23,9589.6700,9138.0100,4566.7700,4345.5300,4388.6600,4637.0700,4585.0500
2014-10-27,9558.8500,9103.6000,4538.8400,4324.1500,4358.1600,4613.3300,4574.8100
2014-10-28,9599.7300,9140.7400,4553.9000,4339.3000,4369.8800,4629.9000,4606.5500
2014-10-29,9672.1800,9209.8500,4591.6800,4367.5900,4391.6100,4663.3100,4638.5600
2014-10-30,9762.9400,9290.0500,4621.1800,4401.6400,4419.2500,4700.0100,4669.2800
2014-10-31,9943.2400,9454.0200,4682.5100,4470.6400,4475.3200,4776.3800,4800.5700
2014-11-03,9954.5800,9480.5800,4742.6400,4491.7200,4513.5000,4806.5800,4863.5200
2014-11-05,9965.0000,9493.9800,4750.3200,4503.3200,4534.1400,4816.6600,4882.0300
2014-11-07,9973.7400,9504.1300,4747.5100,4510.8800,4545.6300,4822.1300,4875.8400
2014-11-10,9983.5900,9513.7900,4747.1900,4517.2100,4555.1300,4827.9800,4905.2100
2014-11-11,10011.3500,9549.6600,4782.3900,4539.9600,4586.2300,4851.1400,4975.1900
2014-11-12,10048.7800,9584.3100,4792.0600,4562.3300,4615.6400,4868.7000,4951.8000
2014-11-13,10018.1200,9550.9300,4778.9000,4541.9000,4588.8200,4849.5600,4881.6800
2014-11-14,10058.8200,9596.4800,4804.6500,4568.1400,4620.8200,4875.0400,4945.9400
2014-11-17,10111.6600,9653.2000,4867.0800,4599.3500,4659.8600,4912.4800,5004.8900
2014-11-18,10123.2900,9669.6200,4890.6100,4609.3200,4674.0600,4927.0500,5028.2400
2014-11-19,10066.4400,9613.5900,4850.8000,4578.5900,4636.1600,4893.4100,4947.2700
2014-11-20,10091.8000,9625.7800,4834.3600,4579.3300,4629.3200,4892.2000,4911.8300
2014-11-21,10168.5500,9683.7300,4813.4700,4597.1500,4629.8200,4905.3700,4920.2800
2014-11-24,10227.3400,9731.1700,4804.8100,4616.0300,4641.8000,4921.4700,4931.2200
2014-11-25,10135.7100,9631.7600,4705.4200,4565.2000,4581.2800,4856.7700,4791.8300
2014-11-26,10147.9600,9652.9300,4740.8100,4581.6100,4609.0700,4877.4700,4851.2500
2014-11-27,10174.7500,9680.9900,4753.2600,4604.7700,4645.3700,4894.7600,4902.3700
2014-11-28,10286.1200,9783.8900,4770.1200,4660.5700,4708.0700,4940.4600,5053.6100
2014-12-01,10252.8800,9755.6000,4730.5300,4655.5300,4712.2000,4922.0100,5034.3300
2014-12-02,10229.8200,9752.2700,4765.7000,4672.6200,4757.5100,4937.6900,5072.4700
2014-12-03,10264.6100,9808.6800,4838.9700,4718.4700,4834.4300,4983.9500,5128.9600
2014-12-04,10295.6200,9844.3200,4865.9700,4735.1800,4852.5100,5004.8600,5183.4700
2014-12-05,10257.8700,9811.4800,4865.4700,4717.7100,4833.6000,4991.0600,5208.0900
2014-12-08,10138.2800,9697.8100,4817.4300,4665.0300,4782.2200,4933.2200,5143.1500
2014-12-09,10012.9200,9571.1200,4740.8600,4597.9500,4703.6100,4862.7800,5038.6800
2014-12-10,10045.1100,9611.6800,4798.5400,4625.1400,4745.2500,4896.3900,5125.6400
2014-12-11,9967.9600,9539.1300,4765.8600,4590.4300,4710.5300,4859.9100,5090.5400
2014-12-12,9879.1000,9448.0600,4691.2900,4546.3200,4661.2100,4805.6900,4989.0800
2014-12-15,9868.6000,9429.7600,4675.5900,4528.9000,4630.9200,4791.2900,4913.9600
2014-12-16,9674.7500,9229.8800,4512.7600,4424.9000,4508.3000,4671.8700,4743.0100
2014-12-17,9632.3600,9184.1700,4470.3200,4404.4200,4487.1600,4642.5900,4706.0300
2014-12-18,9812.9900,9371.8900,4607.0900,4504.6200,4607.7500,4754.1600,4899.9500
2014-12-19,9883.0400,9434.9100,4634.6300,4529.4400,4625.3300,4782.9600,4921.2900
2014-12-22,9997.4200,9539.5500,4674.0700,4578.5500,4673.3200,4833.3800,4968.2400
2014-12-23,9926.8800,9481.3500,4658.4200,4556.2900,4659.9100,4809.0300,4920.6200
2014-12-24,9829.6900,9407.2600,4668.7300,4533.6400,4659.3500,4788.2200,4916.2900
2014-12-26,9864.3700,9441.5200,4675.6400,4551.8200,4679.9000,4804.1200,4948.5200
2014-12-29,9923.6000,9503.4500,4701.6800,4590.0500,4730.1000,4837.0300,4961.5500
2014-12-30,9939.8400,9524.9100,4732.3800,4605.0900,4753.4600,4853.7400,4988.6100
2014-12-31,9987.2400,9581.3500,4805.3600,4639.0200,4801.4400,4895.3000,5039.9400
2015-01-01,9993.3500,9598.9100,4862.5200,4649.9400,4820.2600,4917.2500,5089.8800
2015-01-02,10119.0600,9712.5700,4894.8000,4699.0400,4861.1800,4968.7600,5105.0500
2015-01-05,10099.1700,9699.8800,4916.9300,4695.8100,4864.1100,4968.3500,5102.4000
2015-01-06,9798.6300,9416.0300,4761.1000,4565.1900,4736.6700,4822.2300,4918.4100
2015-01-07,9772.6700,9399.2900,4768.0100,4566.5300,4753.1600,4820.8700,4920.2800
2015-01-08,9937.0500,9555.5600,4858.6500,4644.7400,4839.6600,4905.5600,5043.4600
2015-01-09,9985.4000,9594.5400,4854.7100,4658.6900,4845.3200,4919.3500,5011.3800
2015-01-12,10031.3000,9639.8800,4896.0900,4681.4800,4870.2700,4947.0400,5048.7800
2015-01-13,10005.1200,9620.5700,4902.7700,4676.6900,4872.9400,4941.5000,5003.1500
2015-01-14,9982.5700,9600.4700,4884.3500,4668.9200,4866.1300,4927.7100,4940.5000
2015-01-15,10223.1700,9813.1700,4952.8400,4751.5500,4919.0600,5019.3900,5061.1400
2015-01-16,10254.2500,9847.0500,4968.6900,4771.7100,4943.4000,5036.5000,5048.6900
2015-01-19,10297.9700,9890.4600,5000.8800,4789.8700,4957.5900,5060.1800,5096.6100
2015-01-20,10448.3600,10015.6300,5030.6700,4832.6200,4973.3400,5108.9600,5108.3800
2015-01-21,10486.7400,10042.4400,5010.5100,4842.1200,4975.1400,5112.5700,5093.8900
2015-01-22,10523.2200,10074.4900,5030.6600,4853.3400,4978.4600,5126.8500,5097.2900
2015-01-23,10616.0600,10142.9800,5002.8500,4878.0200,4986.0200,5143.4100,5109.4400
2015-01-27,10700.2600,10226.5700,5026.7600,4921.7900,5034.2600,5182.1100,5121.7100
2015-01-28,10715.1100,10244.2900,5018.8900,4938.3400,5060.5700,5188.6300,5117.4200
2015-01-29,10752.4600,10267.0600,5025.6100,4935.3100,5036.8700,5193.1900,5134.7700
2015-01-30,10596.6100,10138.9800,5019.4600,4888.1800,5013.6700,5147.2400,5147.1900
2015-02-02,10600.5200,10147.7800,5075.5900,4899.5100,5040.4600,5164.5800,5152.1900
2015-02-03,10544.0100,10097.6200,5071.2700,4880.9400,5029.6900,5145.5400,5053.2800
2015-02-04,10499.8900,10057.7100,5049.2500,4863.6300,5014.1500,5125.7500,5065.6800
2015-02-05,10469.2000,10012.3500,4996.0700,4825.8100,4949.6600,5088.4300,4960.9400
2015-02-06,10408.1100,9945.6900,4919.3000,4790.8700,4906.4000,5043.1300,4906.9800
2015-02-09,10242.6500,9794.2000,4855.5200,4720.7000,4838.9500,4969.7100,4791.3800
2015-02-10,10299.6400,9847.3300,4860.2300,4747.1500,4866.5700,4993.4600,4755.6800
2015-02-11,10391.4700,9949.2500,4935.7300,4810.1600,4954.0200,5059.3400,4882.3100
2015-02-12,10501.0600,10057.4400,5010.4800,4864.2500,5014.0000,5120.9300,4926.8800
2015-02-13,10604.0000,10153.7100,5031.9600,4911.7000,5061.5200,5162.4700,4962.6100
2015-02-16,10599.5300,10152.1800,5036.6000,4906.4200,5050.5600,5161.4400,4957.3200
2015-02-18,10671.3500,10229.3000,5083.5700,4949.0900,5103.1600,5207.6400,5026.7800
2015-02-19,10696.1000,10249.5400,5095.9100,4956.4900,5106.8800,5215.9000,5040.3200
2015-02-20,10637.6700,10202.2000,5100.0000,4943.8200,5111.3300,5203.6000,5044.1200
2015-02-23,10544.6400,10114.6700,5054.0100,4902.4700,5070.3400,5160.2400,4988.4500
2015-02-24,10550.8700,10113.3900,5033.6300,4899.5900,5061.9600,5152.3400,4989.7700
2015-02-25,10553.0200,10110.0200,5021.0000,4892.2100,5044.4900,5146.5500,4963.9000
2015-02-26,10450.5400,10015.7100,4993.6500,4845.8700,4995.8500,5101.6500,4904.3800
2015-02-27,10649.8500,10203.6300,5078.3100,4937.7900,5091.8800,5194.7600,5047.6000
2015-02-28,10707.8700,10244.8700,5052.1200,4949.6100,5088.8000,5202.6900,5032.4300
2015-03-02,10785.9900,10330.8300,5127.1600,4999.5600,5155.1700,5258.6100,5135.8600
2015-03-03,10844.3200,10400.1700,5204.4500,5042.6600,5214.6800,5308.5200,5195.2500
2015-03-04,10750.4600,10307.6100,5139.1900,4995.4400,5157.5400,5252.4100,5057.6200
2015-03-05,10775.3500,10340.9200,5170.7800,5022.2200,5201.7400,5278.1200,5125.4300
2015-03-09,10570.2900,10154.4800,5102.8500,4940.4800,5132.7900,5191.8200,5043.7500
2015-03-10,10527.2000,10112.3100,5098.1000,4921.0400,5114.4300,5171.9500,5040.9400
2015-03-11,10510.7000,10091.0200,5088.4300,4906.3200,5092.9000,5158.6800,5025.3200
2015-03-12,10618.4900,10198.9200,5158.8400,4962.5900,5159.0100,5219.3300,5118.0300
2015-03-13,10463.0200,10053.5500,5097.4600,4891.8000,5085.0700,5144.7000,5050.6300
2015-03-16,10435.5100,10023.8900,5060.6400,4876.9700,5066.6500,5122.7900,5063.5100
2015-03-17,10552.5200,10130.2200,5081.9100,4926.5600,5111.6700,5169.0200,5102.8500
2015-03-18,10518.3200,10106.2500,5102.0800,4922.4500,5119.6000,5166.4100,5141.3200
2015-03-19,10459.8600,10049.1800,5057.1500,4896.8000,5093.9200,5133.7100,5067.8800
2015-03-20,10375.7300,9956.3500,4950.8300,4846.5400,5028.3300,5067.8800,4935.8400
2015-03-23,10340.9000,9912.9900,4895.3800,4821.7800,4994.9000,5035.1900,4859.3200
2015-03-24,10329.1900,9896.2700,4880.7900,4810.3600,4976.3000,5022.4100,4866.6800
2015-03-25,10318.2300,9879.3800,4846.2100,4799.6800,4959.4900,5005.8700,4825.8500
2015-03-26,10106.4900,9700.5300,4794.6700,4733.2900,4923.5900,4932.5400,4780.0300
2015-03-27,10105.5100,9701.0800,4801.1600,4734.8400,4927.1100,4934.4800,4767.3000
2015-03-30,10284.4800,9875.8900,4944.0800,4813.1700,5004.2800,5035.9700,4858.2500
2015-03-31,10285.9100,9887.5000,4994.2300,4819.9200,5015.6800,5050.6800,4887.6300
2015-04-01,10399.2000,10003.7600,5105.0600,4875.6800,5076.1400,5122.7100,4973.2800
2015-04-06,10489.8100,10098.1100,5185.2300,4917.7000,5117.6300,5178.1700,5021.0500
2015-04-07,10507.1000,10123.1200,5239.4300,4934.8300,5146.1800,5201.3100,5065.9300
2015-04-08,10575.1600,10192.9200,5314.9900,4964.4500,5173.9400,5244.4100,5110.4000
2015-04-09,10642.8100,10250.2100,5329.7100,4988.8000,5192.6700,5269.6300,5143.2800
2015-04-10,10655.9500,10267.3000,5349.9500,5004.9300,5221.1600,5284.2700,5190.6500
2015-04-13,10724.0100,10324.1700,5371.4300,5025.1900,5232.1400,5310.3800,5229.6200
2015-04-15,10624.4800,10236.2900,5345.2900,4985.7400,5197.4100,5271.9900,5210.0100
2015-04-16,10569.0100,10178.4900,5282.2900,4955.5700,5160.3900,5234.0100,5159.6900
2015-04-17,10441.0700,10051.6600,5223.8600,4887.5200,5081.8900,5168.3900,5153.1500
2015-04-20,10246.7600,9859.1900,5105.9100,4788.7300,4970.6400,5062.0400,5044.0800
2015-04-21,10164.3000,9788.3200,5098.6100,4762.6400,4958.3700,5036.6900,5044.6300
2015-04-22,10218.5200,9830.8300,5095.2300,4775.6000,4959.8900,5051.4200,5078.7300
2015-04-23,10191.3800,9808.7800,5090.8400,4765.1600,4950.7000,5042.1600,5082.7200
2015-04-24,10073.3300,9673.3000,4941.6600,4686.4200,4844.3300,4949.2500,4949.7100
2015-04-27,9950.6400,9527.8200,4785.4500,4599.2400,4724.6800,4848.7400,4813.9400
2015-04-28,10049.8200,9628.1200,4877.1700,4654.0900,4792.7800,4911.1300,4883.9000
2015-04-29,10006.3200,9609.7700,4914.0400,4666.5100,4840.4400,4922.1300,4889.2700
2015-04-30,9948.5400,9564.3600,4906.5400,4654.1200,4842.2700,4906.0100,4905.0300
2015-05-04,10130.0700,9739.6900,5005.9500,4738.1100,4928.3300,4996.3000,5023.4700
2015-05-05,10134.5600,9747.1900,5018.9500,4737.3600,4922.0700,4999.6700,5045.3900
2015-05-06,9849.2000,9467.6300,4852.1700,4599.7000,4773.9900,4850.7600,4822.3800
2015-05-07,9767.8100,9376.9100,4757.9300,4548.8800,4706.4700,4789.5000,4720.6900
2015-05-08,9941.7700,9538.3900,4844.0200,4628.3700,4790.9100,4873.7800,4773.9000
2015-05-11,10113.3000,9694.5000,4902.9100,4698.7600,4855.1100,4946.2100,4866.9300
2015-05-12,9880.3000,9482.5200,4794.7900,4607.1600,4775.0000,4841.5900,4698.0500
2015-05-13,10024.4600,9611.5100,4843.8200,4660.9400,4818.5800,4899.5200,4754.2500
2015-05-14,10032.5200,9634.7000,4880.3800,4690.9900,4878.4800,4924.7200,4827.3300
2015-05-15,10077.2800,9677.6100,4896.7100,4715.0600,4906.6800,4944.4400,4816.6500
2015-05-18,10210.5300,9796.4600,4947.2600,4763.6400,4944.4400,4999.3800,4844.6900
2015-05-19,10201.6900,9794.7700,4969.7000,4766.0200,4953.2200,5006.1700,4847.7000
2015-05-20,10262.9100,9844.0000,4966.1100,4787.0600,4968.2600,5022.0300,4837.4900
2015-05-21,10255.8700,9836.4800,4952.0500,4788.0700,4974.7100,5016.3900,4832.7400
2015-05-22,10296.6500,9872.9600,4963.8600,4801.8400,4982.9200,5029.9300,4821.6200
2015-05-25,10205.3800,9797.4200,4948.7600,4779.2900,4980.6200,4999.8900,4798.5400
2015-05-26,10171.5700,9768.3200,4929.0800,4772.2200,4983.0500,4986.3300,4784.5600
2015-05-27,10155.7400,9760.5200,4918.7900,4776.3000,4997.1600,4983.5500,4826.5400
2015-05-28,10130.9500,9737.9900,4916.9200,4765.7300,4984.5800,4974.7100,4836.0000
2015-05-29,10271.6200,9868.5900,4994.2200,4824.4700,5038.5300,5038.3000,4885.4900
2015-06-01,10267.3700,9865.8300,4988.3100,4827.8200,5048.1900,5036.3400,4887.8900
2015-06-02,10032.0900,9641.7500,4889.7500,4715.9100,4929.5500,4925.3900,4761.5600
2015-06-03,9915.9900,9511.2200,4750.8600,4653.5900,4857.8600,4839.6100,4626.0800
2015-06-04,9921.3800,9517.8800,4749.7000,4659.7400,4867.0700,4845.1200,4591.0100
2015-06-05,9911.8500,9514.1300,4771.2400,4656.2900,4863.0300,4849.6700,4602.3900
2015-06-08,9818.3800,9415.6300,4704.2900,4597.7800,4785.8000,4791.6800,4510.2700
2015-06-09,9792.5100,9389.5000,4672.2000,4588.2200,4778.5200,4774.6500,4510.3900
2015-06-10,9912.9800,9500.8100,4720.1200,4638.6800,4825.0500,4828.5200,4539.6200
2015-06-11,9725.5500,9326.6700,4646.7800,4560.9100,4754.5800,4745.3900,4443.6100
2015-06-12,9746.8400,9339.3900,4636.8700,4562.2300,4747.0600,4745.0600,4433.2800
2015-06-15,9788.2500,9377.2800,4662.7000,4573.6300,4750.4800,4763.6100,4434.6900
2015-06-16,9832.9400,9415.2400,4677.6300,4591.6000,4768.1700,4782.0400,4455.5400
2015-06-17,9902.8200,9491.8600,4730.9200,4640.3800,4835.6200,4829.2600,4466.8200
2015-06-18,9995.9300,9586.3300,4792.7800,4689.5500,4892.1200,4881.4300,4516.4600
2015-06-19,10058.1700,9641.7500,4797.7900,4711.6500,4906.6300,4903.1900,4545.1900
2015-06-22,10214.7800,9790.8500,4875.6400,4784.3000,4982.8500,4981.5800,4668.2000
2015-06-23,10246.2700,9823.2800,4895.7100,4802.9300,5007.1400,5001.8600,4708.1000
2015-06-24,10216.6500,9788.6000,4866.7200,4778.3700,4969.3900,4978.1700,4634.7700
2015-06-25,10263.8800,9831.1700,4873.6000,4803.0400,4999.9700,4999.6500,4666.4700
2015-06-26,10244.1200,9818.8300,4891.1900,4799.3500,5001.6200,5000.2600,4639.1900
2015-06-29,10161.4400,9726.7800,4810.8700,4744.8000,4927.7000,4938.7100,4568.1700
2015-06-30,10232.1100,9802.5400,4873.8100,4785.2600,4976.9400,4986.4300,4619.2000
2015-07-01,10338.6500,9909.2900,4945.4300,4843.4800,5047.9600,5048.2100,4731.1300
2015-07-02,10351.6900,9927.8400,4978.7500,4862.6700,5084.1600,5068.2000,4777.1000
2015-07-03,10391.3600,9957.1700,4982.1300,4868.7300,5077.2600,5076.3700,4772.4400
2015-07-06,10441.6900,10013.8500,5056.0300,4901.8800,5123.3100,5118.6300,4837.0100
2015-07-07,10437.3500,10024.9500,5093.1600,4918.3500,5159.3600,5137.7600,4862.6900
2015-07-08,10266.6900,9867.1300,5018.3400,4842.1700,5081.4500,5059.0100,4761.7800
2015-07-09,10233.0600,9835.6700,5025.9900,4822.8700,5057.7500,5049.4000,4745.9100
2015-07-10,10266.1200,9865.5300,5055.5900,4834.3000,5066.4900,5068.3800,4775.1100
2015-07-13,10387.7800,9980.7800,5117.9300,4888.0200,5118.9600,5127.0800,4832.1800
2015-07-14,10385.8600,9986.3900,5151.9000,4896.9200,5139.1300,5138.6300,4854.7900
2015-07-15,10463.0800,10054.5100,5177.9500,4922.6200,5153.3300,5169.4000,4838.4100
2015-07-16,10572.4300,10157.0700,5208.5200,4974.7200,5208.6600,5218.2700,4931.4800
2015-07-17,10583.9200,10173.3300,5231.2700,4988.3400,5232.5500,5232.8800,4970.8300
2015-07-20,10580.4500,10175.8000,5258.7900,4996.6000,5252.3700,5242.5400,4958.3700
2015-07-21,10477.3100,10064.4800,5161.1100,4935.7000,5175.7900,5172.0400,4855.4400
2015-07-22,10603.0300,10177.7900,5221.5600,4988.7500,5227.6900,5230.3600,4954.9200
2015-07-23,10561.7000,10151.2400,5261.4300,4984.1100,5238.1200,5231.4900,5008.1500
2015-07-24,10478.7400,10073.9400,5230.0500,4950.6800,5209.6800,5195.0000,4973.9500
2015-07-27,10291.9800,9903.9100,5154.9600,4882.7700,5161.3700,5116.5600,4891.1100
2015-07-28,10262.9600,9876.2500,5151.3100,4865.9800,5140.9300,5106.0600,4862.4400
2015-07-29,10310.0400,9931.2000,5212.9900,4892.9600,5171.7700,5140.3600,4817.5400
2015-07-30,10371.6400,9996.9200,5280.8200,4925.2900,5209.2600,5184.3100,4881.7000
2015-07-31,10506.8900,10120.9100,5322.8900,4986.0200,5270.1600,5241.2100,4948.1100
2015-08-03,10532.2300,10154.0000,5368.2100,5012.8900,5316.3700,5270.7500,5038.7000
2015-08-04,10530.2300,10164.7100,5410.3400,5034.5000,5366.8600,5292.6200,5094.4300
2015-08-05,10598.6600,10235.9700,5449.6500,5071.5900,5409.9800,5333.8200,5135.9100
2015-08-06,10627.9000,10258.9000,5438.6200,5082.0600,5417.4400,5339.3600,5189.7100
2015-08-07,10598.5500,10234.0600,5427.3800,5072.2700,5412.4500,5333.1100,5209.7800
2015-08-10,10558.6000,10196.6800,5408.0800,5057.4600,5401.8200,5316.5100,5173.1100
2015-08-11,10482.9200,10116.5200,5335.8300,5017.3800,5355.4400,5266.5000,5075.5900
2015-08-12,10324.3300,9953.2000,5193.6000,4928.2400,5243.0800,5163.5400,4924.2800
2015-08-13,10325.9100,9939.7600,5119.8200,4921.1000,5228.5900,5137.9100,4854.2900
2015-08-14,10530.3900,10133.8300,5218.5500,5013.6200,5322.4100,5239.5400,4969.6800
2015-08-17,10496.9800,10114.3600,5238.3200,5015.2900,5343.6900,5242.8300,5012.4100
2015-08-18,10494.0600,10125.3300,5298.1400,5028.9300,5375.6200,5267.3000,5056.7300
2015-08-19,10525.2100,10153.0900,5315.2300,5039.2100,5380.8100,5279.2000,4997.7200
2015-08-20,10376.3400,9998.1600,5203.9300,4955.7900,5278.7300,5186.7400,4844.3400
2015-08-21,10288.0100,9918.4500,5164.1200,4918.1200,5242.0000,5148.1100,4804.0200
2015-08-24,9639.9500,9252.8900,4687.2900,4555.2900,4794.4500,4753.3900,4275.5500
2015-08-25,9748.8100,9361.3700,4726.3900,4621.0500,4881.1100,4812.3700,4390.0700
2015-08-26,9645.0300,9281.4400,4759.3400,4594.8200,4878.3500,4793.4200,4351.4700
2015-08-27,9851.3500,9486.7800,4897.0500,4697.3100,4991.0500,4908.1000,4507.3700
2015-08-28,9915.1800,9540.8700,4910.8400,4716.8100,4999.1500,4929.0900,4512.4300
2015-08-31,9873.7900,9505.1600,4914.8200,4700.3900,4984.4900,4914.9500,4540.2900
2015-09-01,9657.3300,9297.7200,4791.5300,4607.3900,4896.6300,4805.2100,4370.4600
2015-09-02,9573.8000,9232.0000,4784.9400,4587.1000,4895.5200,4785.8200,4330.1200
2015-09-03,9702.4000,9353.8500,4862.9100,4641.4500,4945.4800,4850.7600,4401.6200
2015-09-04,9497.1000,9155.9300,4728.3800,4547.8400,4849.0200,4739.6600,4297.4600
2015-09-07,9361.3000,9017.5100,4642.7100,4478.3100,4771.7100,4662.7600,4209.4400
2015-09-08,9501.0800,9136.8400,4678.1000,4523.0100,4796.3500,4713.6600,4258.8400
2015-09-09,9667.3900,9301.5000,4777.2700,4603.3800,4881.3600,4803.2200,4368.2300
2015-09-10,9643.9800,9276.4700,4765.6000,4587.3700,4859.3800,4789.7500,4338.2300
2015-09-11,9645.4600,9286.5600,4798.3300,4597.1800,4879.3600,4804.8100,4343.1600
2015-09-14,9756.2900,9388.2300,4831.8600,4648.3200,4933.3000,4853.0200,4428.4100
2015-09-15,9697.8300,9332.2400,4808.0500,4619.2600,4900.8900,4825.0900,4357.4200
2015-09-16,9758.7700,9373.5100,4790.0100,4620.0200,4869.1300,4829.1700,4310.2900
2015-09-18,9857.3400,9466.8800,4843.7600,4663.7500,4912.2600,4880.2900,4387.9100
2015-09-21,9854.8300,9481.7400,4892.8900,4685.5300,4959.1600,4905.3300,4473.7300
2015-09-22,9661.9500,9312.6700,4831.6600,4616.6700,4909.9400,4830.4000,4409.3900
2015-09-23,9693.6200,9349.0600,4865.7700,4642.1400,4949.1200,4857.1000,4492.1900
2015-09-24,9717.1800,9377.5600,4896.3600,4660.0600,4975.3200,4878.4300,4510.9400
2015-09-28,9629.4400,9306.7800,4892.3500,4635.5800,4967.6800,4854.4000,4486.2200
2015-09-29,9681.0400,9346.8200,4892.2100,4643.2300,4956.2800,4865.4700,4444.8500
2015-09-30,9820.7600,9480.5500,4961.4000,4705.1400,5016.3400,4933.7000,4500.1700
2015-10-01,9834.4000,9492.5200,4962.0300,4709.3400,5018.1600,4937.3900,4489.2400
2015-10-05,10040.8200,9684.5200,5047.8200,4794.9800,5094.8700,5031.1800,4604.8300
2015-10-06,10079.7600,9726.7200,5080.9200,4819.5100,5127.2100,5057.8200,4645.3700
2015-10-07,10105.4200,9751.1400,5096.4400,4833.8600,5145.9000,5072.8400,4720.2000
2015-10-08,10035.6700,9691.2800,5086.5300,4807.3300,5124.0900,5049.2200,4718.9200
2015-10-09,10097.2000,9742.0400,5096.2000,4824.5100,5129.2400,5067.6200,4756.6100
2015-10-12,10049.0600,9703.3900,5105.8900,4814.7600,5134.9400,5058.3500,4796.4600
2015-10-13,10033.5700,9696.6000,5148.8300,4812.3600,5137.7000,5066.0700,4802.3800
2015-10-14,10010.4400,9680.2300,5153.5900,4812.3600,5150.4000,5064.2000,4793.7400
2015-10-15,10088.0300,9748.7200,5167.3900,4843.3100,5177.0000,5094.3300,4851.5900
2015-10-16,10156.7100,9804.4500,5178.7700,4862.3600,5181.8400,5114.7100,4872.1200
2015-10-19,10206.8500,9857.8200,5218.1800,4890.3000,5214.5100,5145.6900,4888.9800
2015-10-20,10193.5600,9857.0100,5229.6300,4898.2200,5235.9400,5151.6700,4845.5900
2015-10-21,10176.1300,9841.3800,5224.1200,4885.5100,5215.4500,5142.6600,4835.1600
2015-10-23,10214.4400,9867.0900,5201.8100,4891.3800,5208.5700,5145.4400,4834.6200
2015-10-26,10171.5000,9823.6800,5157.1200,4871.9900,5189.7500,5119.3300,4799.9000
2015-10-27,10147.5100,9806.2600,5162.0100,4869.2300,5196.5000,5116.2900,4798.0500
2015-10-28,10079.3600,9746.1800,5150.3500,4843.7800,5176.8900,5090.2700,4782.8100
2015-10-29,10008.4900,9684.3500,5120.7500,4822.3400,5167.6300,5063.0100,4744.2200
2015-10-30,9961.0000,9636.6700,5076.4200,4799.9900,5143.7400,5034.4900,4730.3900
2015-11-02,9949.0100,9622.8600,5072.1500,4790.2200,5129.1100,5026.9700,4690.1200
2015-11-03,9968.4000,9643.1600,5099.3600,4796.7500,5132.3300,5040.0800,4720.1700
2015-11-04,9948.3200,9623.2500,5082.5700,4787.5600,5123.6000,5029.7500,4727.0800
2015-11-05,9839.5800,9510.2500,4991.9100,4727.6900,5051.3000,4961.6000,4650.4200
2015-11-06,9832.8300,9493.7200,4950.9800,4712.9600,5023.2000,4942.2300,4596.2800
2015-11-09,9802.2600,9481.4200,4999.0700,4721.0800,5057.0400,4955.0500,4600.4000
2015-11-10,9637.4800,9332.9100,4947.5700,4658.6000,5008.6600,4888.7700,4499.3500
2015-11-11,9696.8700,9402.4100,5025.5600,4699.0100,5064.0800,4938.0200,4556.2900
2015-11-13,9612.1900,9318.8400,4993.1700,4659.1300,5024.9900,4898.2700,4529.2300
2015-11-16,9649.4100,9354.4600,5035.9200,4677.9000,5048.6200,4922.8000,4595.0500
2015-11-17,9690.6300,9396.3700,5061.2200,4700.5700,5076.1500,4947.2000,4631.6600
2015-11-18,9573.5900,9291.7700,5021.3500,4657.8900,5045.4000,4899.3500,4543.1400
2015-11-19,9706.0900,9416.1600,5078.4700,4718.2500,5106.5700,4961.8400,4608.8400
2015-11-20,9731.6200,9446.3000,5105.5100,4739.3400,5139.2900,4982.7200,4620.6300
2015-11-23,9727.5600,9446.0500,5127.7600,4742.3700,5149.0900,4988.8900,4591.3100
2015-11-24,9711.7900,9436.9500,5156.9500,4739.5100,5151.7200,4993.2400,4599.8500
2015-11-26,9767.4300,9488.0700,5179.8700,4763.0600,5173.1700,5016.6300,4622.6800
2015-11-27,9832.8200,9548.0200,5192.0500,4794.7400,5208.4500,5044.9800,4668.0200
2015-11-30,9819.7600,9546.8500,5228.1300,4800.2200,5226.9300,5057.3800,4696.0400
2015-12-01,9856.7100,9584.5500,5248.4400,4817.5200,5243.8500,5078.2500,4758.8700
2015-12-02,9834.2300,9566.4300,5252.7800,4810.9100,5241.0900,5071.6900,4747.0800
2015-12-03,9752.8700,9494.6100,5233.3800,4778.5100,5213.1600,5039.6000,4709.5500
2015-12-04,9654.7900,9402.3500,5174.6700,4739.6700,5181.5200,4992.5400,4668.2600
2015-12-07,9638.7400,9390.8700,5183.6600,4735.8700,5181.3200,4990.2700,4659.5300
2015-12-08,9557.5200,9302.7900,5105.3400,4686.9300,5118.0200,4933.3600,4544.1700
2015-12-09,9435.9600,9174.5900,4983.3800,4619.5900,5035.6200,4852.0500,4449.3400
2015-12-10,9521.7000,9258.7500,5045.4000,4657.9200,5073.0900,4898.7500,4489.3100
2015-12-11,9433.4800,9174.7700,5017.6800,4614.6400,5025.2900,4856.3300,4449.8200
2015-12-14,9482.2300,9220.6500,5047.5700,4628.7900,5028.1300,4878.4700,4460.5000
2015-12-15,9545.4100,9283.7000,5090.2900,4659.2500,5060.0600,4912.7700,4471.9600
2015-12-16,9603.3600,9331.8700,5099.5400,4677.1400,5068.4500,4931.1500,4499.2900
2015-12-17,9723.5000,9455.0400,5189.4100,4744.7200,5152.4700,5004.0600,4601.3100
2015-12-18,9638.6800,9382.3400,5179.4500,4718.5200,5141.6200,4976.2200,4582.9600
2015-12-21,9724.4600,9464.0600,5231.9200,4753.9200,5172.3400,5019.0700,4642.3900
2015-12-22,9669.8100,9418.0800,5232.4800,4732.8600,5154.5200,5000.9500,4603.5000
2015-12-23,9761.6200,9499.9100,5266.0700,4765.1100,5175.3800,5038.7100,4653.2800
2015-12-24,9757.8200,9505.6800,5296.0100,4776.5300,5203.2300,5052.3600,4679.9400
2015-12-28,9829.4600,9568.3900,5309.5700,4805.1500,5228.3900,5079.7600,4674.4300
2015-12-29,9838.5400,9574.9200,5298.6500,4809.7100,5233.5500,5079.0600,4664.8200
2015-12-30,9799.5500,9546.6200,5309.0800,4803.2200,5240.0300,5072.6800,4656.8400
2015-12-31,9861.8500,9602.7800,5346.7500,4830.0000,5267.4000,5102.8400,4678.3800
2016-01-01,9895.0500,9643.9900,5392.7900,4861.8000,5320.7200,5134.9900,4745.6600
2016-01-04,9699.7600,9468.5800,5324.7800,4789.2300,5268.2100,5056.1800,4672.0700
2016-01-05,9702.1000,9481.0300,5362.6200,4804.5600,5301.5800,5073.9200,4755.3100
2016-01-06,9652.0100,9435.5200,5340.6900,4785.2000,5285.7400,5051.1300,4720.6200
2016-01-07,9423.9800,9205.9000,5173.4900,4668.4900,5152.7100,4918.5600,4505.8300
2016-01-08,9473.8400,9268.7200,5243.8200,4707.8400,5211.3400,4964.3200,4567.8200
2016-01-11,9417.0800,9213.0900,5207.4600,4680.4900,5182.4200,4934.7500,4546.9000
2016-01-12,9352.1100,9146.7700,5153.1900,4641.8700,5130.8700,4894.0500,4478.1900
2016-01-13,9400.5800,9161.7900,5038.0900,4631.1400,5079.4600,4865.7800,4419.8900
2016-01-14,9360.4300,9107.8600,4967.3200,4590.0300,5009.8900,4822.4600,4360.4200
2016-01-15,9217.3200,8942.5100,4785.4300,4488.8400,4864.6000,4706.2200,4188.1900
2016-01-18,9087.7400,8780.8100,4573.0900,4386.2300,4710.1600,4581.4200,4054.5200
2016-01-19,9193.8800,8889.6500,4652.2500,4445.9600,4783.4800,4645.2200,4098.5500
2016-01-20,9035.5600,8733.3900,4549.9000,4364.7100,4689.5100,4556.4900,3976.2700
2016-01-21,8984.5200,8700.1700,4574.9000,4359.7200,4704.6700,4553.8900,3965.6500
2016-01-22,9167.4000,8878.1500,4688.9000,4448.3300,4801.1800,4651.5500,4098.0400
2016-01-25,9183.7600,8904.0600,4741.9400,4464.8600,4827.1500,4675.1100,4109.7800
2016-01-27,9187.1700,8915.9500,4760.3700,4475.8900,4847.6400,4687.0500,4133.4400
2016-01-28,9167.4200,8898.2500,4761.8500,4466.2800,4836.9600,4680.2200,4120.0100
2016-01-29,9338.9900,9054.5600,4821.8900,4534.9700,4894.9900,4752.8600,4172.5700
2016-02-01,9337.2500,9058.0700,4843.4700,4537.8700,4901.0900,4759.2000,4148.0800
2016-02-02,9203.9400,8931.0500,4769.7100,4481.9500,4850.4100,4692.1400,4035.6300
2016-02-03,9087.7000,8808.5400,4649.6400,4408.8800,4749.9400,4610.0500,3933.2000
2016-02-04,9131.2700,8837.2400,4605.9400,4410.2200,4727.4300,4606.7800,3938.4900
2016-02-05,9254.2700,8958.5500,4670.3800,4474.5800,4802.3300,4673.1400,4069.8100
2016-02-08,9144.6700,8871.8100,4668.3500,4446.1800,4796.9800,4643.7800,4049.6000
2016-02-09,9020.2000,8751.5800,4608.8600,4386.0400,4732.1000,4580.5000,3979.6900
2016-02-10,8915.0700,8646.6000,4528.7500,4335.2400,4677.6400,4520.0900,3887.9100
2016-02-11,8622.1200,8349.0700,4301.1900,4177.1100,4487.2200,4343.4900,3710.2500
2016-02-12,8627.1900,8335.1200,4239.0100,4159.1700,4446.7200,4317.5300,3648.6500
2016-02-15,8862.8500,8571.9000,4392.7300,4286.1300,4598.2800,4452.5900,3874.0900
2016-02-16,8708.1600,8415.3400,4297.4500,4201.1200,4495.5600,4364.2600,3754.6400
2016-02-17,8777.2000,8475.0600,4295.3300,4228.1800,4517.6500,4387.3000,3809.9800
2016-02-18,8871.4300,8559.1000,4313.4200,4263.4500,4543.6000,4422.7500,3835.9800
2016-02-19,8892.0000,8575.6900,4317.3200,4270.0200,4548.2000,4430.9100,3835.4100
2016-02-22,8927.2700,8609.8900,4338.0700,4285.6000,4563.2600,4449.4200,3851.8000
2016-02-23,8781.9300,8477.0300,4280.5200,4228.0800,4515.4500,4387.1000,3783.2800
2016-02-24,8669.5200,8375.3800,4233.0600,4184.9500,4480.7600,4338.7900,3754.2600
2016-02-25,8612.8200,8313.5600,4203.4600,4145.0900,4425.1000,4303.9300,3726.0600
2016-02-26,8684.1200,8365.5600,4182.3200,4158.4400,4418.1900,4316.2500,3750.3300
2016-02-29,8643.4700,8332.7400,4179.7300,4149.6200,4420.6700,4305.1600,3757.1400
2016-03-01,8932.4100,8604.5000,4335.2000,4275.8200,4542.8700,4444.4200,3882.2700
2016-03-02,9103.3000,8771.8400,4431.3500,4359.2400,4632.9600,4533.8800,4015.5800
2016-03-03,9224.7400,8888.1300,4497.0100,4414.3600,4688.6600,4595.3500,4121.4200
2016-03-04,9247.1700,8918.0600,4527.3900,4436.4400,4723.3700,4616.9000,4187.3000
2016-03-08,9249.3500,8924.3300,4550.2100,4439.4400,4727.9400,4625.4200,4269.7700
2016-03-09,9301.2300,8969.2300,4570.2400,4457.5300,4740.7700,4645.8500,4269.9200
2016-03-10,9247.7500,8923.3200,4564.8700,4439.9900,4731.4200,4628.5000,4250.5500
2016-03-11,9277.1000,8945.4500,4560.7600,4445.7000,4728.6400,4633.5900,4249.5000
2016-03-14,9319.3800,8985.7500,4585.0200,4467.0300,4751.3000,4654.7300,4274.6600
2016-03-15,9223.9500,8899.9300,4559.2700,4428.8400,4718.9900,4617.5000,4288.7200
2016-03-16,9259.9500,8924.5200,4554.0900,4431.8000,4706.4100,4622.0800,4261.6400
2016-03-17,9290.9300,8954.2000,4571.0600,4452.0300,4734.1700,4639.9500,4297.5300
2016-03-18,9395.4200,9050.8100,4589.0500,4498.7700,4778.8600,4682.2600,4351.9700
2016-03-21,9522.0900,9172.3000,4644.7300,4561.4700,4847.8800,4744.4900,4401.8100
2016-03-22,9540.1500,9190.1000,4663.9400,4572.6400,4863.3900,4756.8600,4433.3800
2016-03-23,9544.0700,9197.9200,4671.3200,4577.1500,4870.3400,4763.5600,4459.7700
2016-03-28,9416.4500,9070.6800,4597.3700,4513.7600,4801.8000,4695.3300,4314.4300
2016-03-29,9397.0700,9053.9800,4591.4200,4509.3900,4802.6600,4688.4700,4315.8300
2016-03-30,9565.7700,9217.7800,4681.9800,4589.1400,4885.6400,4775.1500,4451.2200
2016-03-31,9577.1300,9239.9200,4697.0900,4613.8500,4931.6900,4792.7200,4450.9600
2016-04-01,9550.8700,9230.3400,4742.5900,4619.3500,4956.9600,4803.9000,4490.0900
2016-04-04,9602.7000,9279.2300,4782.2100,4638.8300,4971.8600,4830.5900,4504.6200
2016-04-05,9417.6000,9105.5600,4698.4700,4557.8800,4894.1900,4744.0400,4386.7800
2016-04-06,9438.1900,9133.8100,4755.7200,4573.7400,4917.5600,4769.4700,4447.5600
2016-04-07,9360.7000,9064.7900,4740.1000,4542.7200,4891.2100,4739.7000,4422.4000
2016-04-08,9377.0100,9088.9200,4777.9800,4560.4600,4920.9100,4760.6600,4451.9600
2016-04-11,9511.7600,9209.2100,4813.5100,4613.0300,4963.6300,4813.8200,4529.8300
2016-04-12,9561.6300,9265.7500,4864.2700,4647.8400,5012.5000,4851.1300,4530.9900
2016-04-13,9726.9800,9416.6600,4916.9500,4716.8700,5074.7200,4921.0500,4604.3800
2016-04-18,9809.7900,9502.1300,4977.9600,4763.2000,5131.2200,4971.0600,4647.1500
2016-04-20,9811.8400,9513.9900,5008.9600,4777.0100,5159.9200,4986.4500,4708.7800
2016-04-21,9808.5000,9501.0700,4986.5100,4760.9200,5126.8900,4971.8600,4733.0400
2016-04-22,9797.3600,9491.9900,4985.5200,4757.8200,5126.0500,4968.6300,4742.1400
2016-04-25,9741.4100,9442.6000,4962.5600,4738.9700,5114.7100,4946.0100,4688.9500
2016-04-26,9863.5400,9551.5400,4985.9300,4788.4900,5157.4700,4992.9200,4762.2900
2016-04-27,9886.3500,9572.8800,5001.2700,4797.2100,5164.3300,5004.2100,4755.1400
2016-04-28,9729.1700,9428.0100,4947.0200,4729.7300,5101.1400,4935.6900,4662.4000
2016-04-29,9738.2700,9435.7700,4946.6700,4733.2000,5103.8600,4938.5700,4685.8900
2016-05-02,9715.7800,9423.7200,4955.1100,4737.1500,5124.1700,4939.8800,4704.9400
2016-05-03,9638.7500,9356.9700,4952.7000,4707.0000,5099.5600,4913.7900,4658.5800
2016-05-04,9572.5800,9286.5900,4887.4600,4669.6000,5053.5200,4869.5900,4511.2300
2016-05-05,9606.0700,9309.9200,4892.8500,4670.4200,5037.6300,4875.6000,4486.1200
2016-05-06,9611.8200,9316.3800,4897.0500,4674.6900,5043.8100,4879.6000,4520.9300
2016-05-09,9762.7100,9457.7200,4958.0400,4741.9400,5109.7500,4949.0300,4571.0200
2016-05-10,9786.2200,9477.8600,4964.8700,4749.2700,5113.2700,4957.5400,4537.2500
2016-05-11,9746.5800,9443.0800,4960.1500,4733.7300,5100.5200,4943.2300,4502.3000
2016-05-12,9816.1300,9511.6900,5007.8600,4767.1300,5136.0700,4981.3700,4535.8200
2016-05-13,9712.2600,9427.8400,4997.1700,4740.5100,5133.0800,4951.6300,4495.3200
2016-05-16,9759.3100,9465.0200,4991.0800,4753.5000,5136.3300,4962.8300,4492.9300
2016-05-17,9791.7500,9495.7300,5007.9500,4767.7400,5150.0600,4978.5900,4501.5700
2016-05-18,9770.4400,9484.0500,5030.7200,4767.6000,5160.9600,4981.4600,4532.6600
2016-05-19,9661.7400,9376.5500,4979.2000,4709.5800,5092.7600,4924.5400,4459.0800
2016-05-20,9616.7300,9328.7100,4921.8500,4687.1700,5068.0200,4892.7900,4418.3300
2016-05-23,9593.7600,9303.2100,4893.4500,4673.3200,5050.1800,4875.5200,4387.1100
2016-05-24,9608.9100,9307.9900,4856.6100,4671.1600,5037.5200,4867.1400,4368.8800
2016-05-25,9820.3300,9491.6900,4897.7300,4746.8500,5089.9500,4943.7100,4447.3900
2016-05-26,9978.3400,9632.5900,4936.0400,4808.8300,5140.9600,5005.6500,4504.8200
2016-05-27,10091.9000,9735.4400,4965.4900,4856.0400,5183.3800,5052.0000,4595.6200
2016-05-30,10136.1600,9780.4000,4988.9900,4881.4800,5214.9600,5076.9900,4626.0800
2016-05-31,10110.1000,9757.0900,4978.5300,4872.1200,5208.3700,5066.1300,4640.9700
2016-06-01,10131.8700,9773.4700,5000.1100,4870.8000,5194.3200,5073.5700,4607.9200
2016-06-02,10183.0800,9822.0200,5011.9500,4896.8000,5223.5300,5096.5100,4634.8500
2016-06-03,10187.8400,9817.4300,4996.1300,4884.7400,5195.3900,5086.8200,4616.4100
2016-06-06,10163.7900,9803.7200,5010.3700,4886.3300,5211.0200,5088.1000,4622.9400
2016-06-07,10239.4600,9878.1300,5053.9400,4924.1500,5252.8900,5128.4700,4661.2000
2016-06-08,10254.2400,9903.4300,5107.6400,4942.8300,5285.1400,5153.5600,4686.3500
2016-06-09,10185.0400,9846.9800,5112.9200,4921.2400,5274.6600,5134.7600,4717.8600
2016-06-10,10141.5300,9810.1700,5116.0700,4905.0200,5262.4200,5121.4500,4725.7400
2016-06-13,10067.9800,9742.8500,5106.1000,4870.9300,5227.4400,5091.8900,4686.0900
2016-06-14,10069.5100,9755.4400,5136.9000,4887.0600,5261.2400,5108.2500,4749.9400
2016-06-15,10183.2900,9857.6900,5185.4000,4928.5400,5291.1100,5156.4700,4799.1500
2016-06-16,10121.8400,9800.3200,5166.1200,4900.2700,5262.3500,5129.0900,4816.6000
2016-06-17,10152.8400,9832.7600,5203.3000,4915.2600,5278.4500,5150.0600,4832.1700
2016-06-20,10233.1400,9903.0500,5213.0500,4946.3600,5303.4700,5178.8400,4883.6800
2016-06-21,10216.9900,9895.6900,5230.3200,4949.2800,5318.1200,5182.8200,4894.7100
2016-06-22,10202.1200,9875.4600,5199.3900,4935.7400,5296.7400,5166.2700,4865.7400
2016-06-23,10275.1400,9932.8400,5189.8500,4955.1500,5300.4900,5183.3000,4887.7800
2016-06-24,10062.0400,9738.7700,5095.2000,4873.3200,5235.3700,5089.9000,4748.8400
2016-06-27,10083.4100,9779.3200,5200.7500,4901.8000,5285.4200,5133.8900,4836.4000
2016-06-28,10130.3400,9828.2700,5231.0500,4930.0300,5321.7200,5162.1200,4880.3100
2016-06-29,10232.0600,9932.5200,5317.5700,4982.9000,5382.4000,5224.0600,4953.3700
2016-06-30,10342.0100,10038.7300,5375.9900,5035.1200,5437.4100,5279.8300,5041.6100
2016-07-01,10407.9400,10106.3900,5416.9700,5072.9700,5484.4900,5318.1500,5126.6200
2016-07-04,10465.9400,10170.0900,5479.8700,5108.4800,5530.7000,5359.6300,5223.0300
2016-07-05,10427.6900,10140.1500,5491.7400,5096.9400,5525.9200,5351.6200,5246.7900
2016-07-07,10430.2200,10140.7500,5498.1900,5093.3500,5516.7900,5351.6300,5280.7100
2016-07-08,10418.9900,10126.0000,5471.5300,5084.9500,5504.5500,5339.2500,5258.7400
2016-07-11,10598.8100,10287.5700,5518.0900,5157.4100,5566.4000,5411.5900,5378.3900
2016-07-12,10668.2300,10346.5000,5526.6500,5180.6400,5580.1200,5434.7400,5469.4400
2016-07-13,10660.0400,10324.9000,5475.2600,5160.2000,5540.3400,5410.3700,5452.6600
2016-07-14,10715.7700,10380.9200,5521.5500,5187.2300,5569.4200,5443.0200,5530.7800
2016-07-15,10702.0700,10356.1600,5481.0300,5165.2400,5529.3300,5419.8500,5515.2100
2016-07-18,10657.0100,10310.8700,5457.7700,5140.1600,5498.9200,5395.2600,5452.2900
2016-07-19,10683.7900,10334.2100,5457.3400,5151.1600,5508.6200,5404.3400,5509.7300
2016-07-20,10736.4300,10396.6600,5511.1200,5193.5200,5572.0900,5446.3900,5548.0200
2016-07-21,10681.5000,10348.6000,5507.2300,5171.6700,5553.7000,5426.9500,5505.1600
2016-07-22,10736.2000,10407.4400,5530.2900,5210.9800,5609.7100,5460.1700,5585.2700
2016-07-25,10856.1400,10521.1600,5580.5900,5266.7500,5667.1200,5517.0800,5691.1700
2016-07-26,10807.2100,10470.3100,5550.7700,5237.1900,5629.0300,5488.0200,5645.6700
2016-07-27,10844.4500,10510.6400,5575.8300,5262.3900,5663.8100,5512.1200,5670.8700
2016-07-28,10909.2400,10573.4200,5613.1800,5292.8700,5695.5700,5545.5500,5683.1000
2016-07-29,10883.1500,10561.5300,5611.2200,5304.3200,5733.8500,5547.6900,5666.4100
2016-08-01,10886.1200,10568.9500,5603.9500,5316.7500,5759.1400,5552.8000,5669.2600
2016-08-02,10860.3400,10535.2300,5552.8200,5295.4900,5726.7400,5525.8000,5617.9600
2016-08-03,10747.1400,10422.9900,5492.9300,5235.9500,5657.6300,5465.4200,5568.9300
2016-08-04,10764.2400,10445.7600,5506.1300,5255.5400,5690.9800,5481.1200,5629.0200
2016-08-05,10937.7300,10613.1500,5589.5000,5339.5500,5781.2000,5567.7800,5772.0800
2016-08-08,10985.8300,10662.7900,5628.6700,5365.5900,5812.1600,5597.1800,5811.4500
2016-08-09,10940.8300,10620.5600,5608.0700,5345.9600,5793.4400,5576.0600,5750.7300
2016-08-10,10803.5500,10489.5400,5536.8100,5283.5000,5730.7600,5508.3200,5642.5800
2016-08-11,10826.6900,10508.1300,5528.9300,5291.5900,5736.0500,5513.5500,5618.6100
2016-08-12,10928.1600,10592.3900,5526.6800,5325.2900,5755.3200,5543.5700,5666.5900
2016-08-16,10905.4300,10580.5900,5526.9700,5331.8600,5781.5000,5544.1800,5707.4300
2016-08-17,10897.7700,10587.0300,5575.8700,5343.6200,5811.0700,5561.4400,5743.1400
2016-08-18,10961.5000,10657.7600,5647.2600,5383.5000,5863.8200,5608.0800,5789.1100
2016-08-19,10959.1700,10668.8600,5679.0700,5401.2400,5903.7000,5625.0100,5863.2300
2016-08-22,10909.2400,10620.3100,5675.6300,5371.7300,5866.1000,5602.3000,5818.5600
2016-08-23,10902.5400,10614.6600,5682.9900,5367.6900,5860.8800,5601.1600,5777.6000
2016-08-24,10937.0800,10652.6300,5721.6000,5388.6200,5888.0200,5626.0600,5817.2100
2016-08-25,10865.7700,10591.3400,5702.9600,5365.3100,5875.4700,5600.2100,5766.0000
2016-08-26,10850.0200,10578.8100,5688.0900,5364.5000,5882.2200,5594.1400,5724.7800
2016-08-29,10888.5500,10616.6100,5699.4200,5386.0200,5908.5100,5613.1000,5756.3800
2016-08-30,11046.2200,10762.8200,5748.5800,5456.7100,5978.0600,5682.4800,5842.5100
2016-08-31,11096.0200,10806.5800,5760.8300,5475.0400,5991.2600,5701.1600,5851.4600
2016-09-01,11080.3100,10783.2200,5721.7100,5458.4000,5963.3400,5680.7700,5782.8000
2016-09-02,11124.2000,10828.0400,5747.4700,5483.4600,5994.4800,5705.9200,5831.1900
2016-09-06,11294.9500,10987.6000,5805.3900,5561.3500,6072.7500,5782.7300,5914.9600
2016-09-07,11273.9700,10977.3600,5840.8500,5560.6700,6082.5300,5788.2200,5981.7400
2016-09-08,11320.8600,11031.3200,5904.0900,5591.3700,6124.4100,5825.7000,6048.1500
2016-09-09,11213.4100,10934.4400,5873.6700,5547.9100,6087.3400,5781.8300,5987.6300
2016-09-12,11001.7700,10711.0800,5708.8700,5422.0300,5925.9800,5648.1300,5717.0900
2016-09-14,11032.2200,10761.8200,5797.0500,5462.2500,5997.5000,5695.1500,5822.3200
2016-09-15,11042.4100,10774.2900,5817.9700,5468.7400,6006.2200,5704.9700,5796.7600
2016-09-16,11086.4000,10809.8900,5827.7400,5479.2300,6005.3400,5718.2500,5754.1300
2016-09-19,11121.8900,10848.3700,5861.8500,5500.8900,6033.5800,5742.8000,5812.9200
2016-09-20,11087.6700,10814.5800,5858.1100,5479.9800,6006.2800,5726.3700,5808.5200
2016-09-21,11087.8800,10816.6400,5867.3200,5481.6900,6009.9200,5729.5400,5814.7800
2016-09-22,11207.1000,10934.3500,5932.3000,5542.9600,6079.6600,5792.6600,5921.8600
2016-09-23,11171.1100,10908.2100,5919.8800,5541.2300,6095.3900,5784.0400,5925.8200
2016-09-26,11049.7500,10799.6900,5884.7700,5494.0200,6057.7200,5735.0900,5903.8900
2016-09-27,11030.1400,10785.6300,5878.7100,5493.2200,6066.7200,5730.8300,5860.5200
2016-09-28,11083.6000,10850.5900,5946.6500,5535.7600,6131.2700,5776.6700,6000.0300
2016-09-29,10856.7300,10593.4800,5674.8300,5387.7400,5928.8700,5603.0200,5716.3900
2016-09-30,10911.3500,10677.1700,5799.2900,5450.5600,6037.3100,5673.4500,5859.5500
2016-10-03,11094.4000,10875.5500,5968.2300,5562.0600,6183.0400,5796.8100,6040.2100
2016-10-04,11139.5600,10926.7400,6005.6200,5594.6900,6230.4400,5828.8900,6133.7100
2016-10-05,11115.8900,10923.6200,6051.5600,5607.2200,6271.5600,5843.8400,6171.4600
2016-10-06,11077.9400,10882.8200,6013.2600,5585.4700,6244.3400,5818.1600,6178.2800
2016-10-07,11060.7500,10868.2600,6020.8900,5577.3800,6235.9000,5813.6200,6193.5400
2016-10-10,11068.9800,10876.2500,6027.9000,5580.7400,6238.8100,5818.1600,6190.3200
2016-10-13,10896.6500,10711.1100,5924.4100,5503.8500,6164.0100,5730.4700,6080.3800
2016-10-14,10915.1500,10742.1800,5968.7200,5529.5000,6211.0000,5757.2800,6114.2700
2016-10-17,10837.6100,10662.2800,5939.1900,5480.6800,6145.4600,5714.5500,6065.5400
2016-10-18,11036.4400,10846.7600,6012.3800,5568.5700,6229.7900,5803.8200,6148.6000
2016-10-19,11022.0400,10840.5100,6040.0000,5568.0600,6236.7900,5808.5900,6189.6700
2016-10-20,11066.9000,10885.4500,6083.1800,5588.1000,6256.3100,5835.4500,6249.6800
2016-10-21,11069.8400,10894.5900,6099.2800,5597.9300,6276.6600,5845.0100,6271.4900
2016-10-24,11082.6300,10909.6300,6132.2400,5603.1700,6281.1700,5857.5200,6307.7900
2016-10-25,11065.8000,10895.1400,6128.3900,5597.2900,6277.5000,5851.3300,6264.3200
2016-10-26,10966.6700,10801.6000,6085.1300,5552.1000,6232.3700,5804.4200,6195.6800
2016-10-27,10946.6700,10766.8700,6037.8400,5522.1700,6176.5500,5774.3800,6157.2400
2016-10-28,10995.8800,10827.5100,6077.9900,5566.8600,6248.7700,5814.0700,6240.2600
2016-10-30,10989.0900,10838.1600,6126.2600,5583.9200,6290.9100,5834.2100,6258.2900
2016-11-01,10995.6300,10840.6400,6121.6500,5581.7600,6282.3000,5832.7300,6332.2800
2016-11-02,10844.1800,10681.1600,6006.9200,5492.8900,6168.7800,5738.4100,6184.5300
2016-11-03,10791.3600,10615.1100,5940.9900,5448.4000,6098.9100,5691.9900,6090.8400
2016-11-04,10714.5300,10514.1400,5808.1100,5382.8000,5995.4400,5614.9000,5977.2300
2016-11-07,10794.3400,10596.7900,5887.1300,5422.9300,6040.1900,5665.5400,6074.6700
2016-11-08,10850.0000,10647.6800,5892.5500,5449.5000,6068.2600,5687.8800,6085.9700
2016-11-09,10698.3600,10476.3200,5733.9000,5348.4700,5928.0300,5576.5400,5946.6100
2016-11-10,10826.0900,10613.4600,5835.9100,5427.3200,6032.0700,5659.1600,6177.9700
2016-11-11,10523.3000,10301.5100,5629.9400,5256.9700,5822.1000,5480.4100,6023.7900
2016-11-15,10248.5500,9997.9800,5349.4600,5085.0500,5593.3200,5286.7800,5804.5000
2016-11-16,10264.8000,10015.1400,5364.4400,5094.1300,5604.4000,5297.2600,5762.6100
2016-11-17,10231.4100,9979.7000,5331.9500,5075.5800,5581.8500,5275.3400,5793.0500
2016-11-18,10233.0400,9987.0100,5358.1300,5081.4200,5593.8000,5284.9600,5824.8100
2016-11-21,10037.0200,9774.6000,5165.2500,4964.8200,5444.2300,5151.7800,5631.3900
2016-11-22,10140.4300,9881.2900,5211.5800,5028.8600,5528.5900,5209.8400,5725.5400
2016-11-23,10196.4200,9949.7700,5305.8800,5068.0100,5584.1300,5260.4300,5809.0700
2016-11-24,10123.6500,9884.6000,5306.6200,5034.0700,5549.1900,5233.4300,5824.1400
2016-11-25,10308.3200,10062.8100,5406.6000,5121.2100,5640.0800,5326.9800,5939.6200
2016-11-28,10334.2800,10095.5500,5445.3900,5142.3200,5672.3700,5350.6200,5983.0400
2016-11-29,10352.1300,10124.8100,5482.8000,5167.0600,5717.1500,5374.7700,5987.8700
2016-11-30,10459.4600,10234.3600,5555.5700,5225.6100,5787.4500,5436.8600,6083.4000
2016-12-01,10409.4200,10177.8300,5516.8600,5189.1600,5734.4000,5402.0200,5978.2800
2016-12-02,10274.0800,10043.4500,5445.8300,5117.7000,5651.0400,5330.1100,5900.4400
2016-12-05,10334.1500,10096.8100,5448.0300,5144.2700,5676.6700,5352.1400,5946.5900
2016-12-06,10353.8100,10121.9100,5479.4900,5160.3400,5701.3300,5370.5200,5991.5700
2016-12-07,10308.5900,10077.9800,5447.8900,5140.0700,5681.4400,5346.0300,5985.6100
2016-12-08,10492.8200,10248.6800,5514.4800,5221.2600,5759.3700,5428.5000,6102.9500
2016-12-09,10503.0800,10265.8700,5545.5100,5234.0100,5781.8900,5444.2400,6122.6500
2016-12-12,10385.2900,10153.1800,5499.0600,5176.3300,5719.2700,5387.3700,6064.6300
2016-12-13,10431.4200,10185.2000,5507.5300,5178.3600,5698.3500,5396.8000,6054.2700
2016-12-14,10374.0700,10126.3700,5462.0500,5147.9800,5662.8400,5362.3500,5984.7500
2016-12-15,10340.8000,10104.1800,5477.8500,5143.2700,5670.6300,5359.4200,5999.1600
2016-12-16,10322.8900,10085.7300,5463.7900,5133.6400,5659.2500,5348.6600,5943.2200
2016-12-19,10274.4300,10037.8400,5431.5500,5110.0200,5633.6900,5322.2300,5949.0400
2016-12-20,10237.2100,9986.8500,5381.8000,5070.7800,5567.6200,5284.7200,5882.2700
2016-12-21,10213.8900,9969.4100,5391.1500,5064.3400,5566.1500,5280.5500,5914.3200
2016-12-22,10097.8000,9854.2300,5318.0200,5005.9600,5501.0900,5217.3100,5797.5700
2016-12-23,10097.4000,9852.1500,5310.7400,5004.1800,5497.4000,5214.6300,5762.2400
2016-12-26,9985.9500,9721.3900,5195.8600,4920.1800,5373.5000,5128.4300,5602.4100
2016-12-27,10148.3300,9876.8900,5269.9600,4997.6900,5455.4200,5208.2000,5704.4400
2016-12-28,10157.6000,9899.0900,5306.9000,5019.9300,5498.9900,5229.5200,5711.4400
2016-12-29,10250.0600,9997.4700,5362.2800,5079.7100,5579.9000,5285.9000,5799.0400
2016-12-30,10355.8900,10094.8500,5420.8200,5120.3500,5611.6000,5335.2100,5851.2100
2017-01-02,10364.2400,10123.3500,5503.3900,5144.8100,5661.3900,5369.5000,5946.5200
2017-01-03,10391.3800,10161.3100,5569.4200,5167.9900,5697.8500,5401.4000,6013.5500
2017-01-04,10387.3100,10164.1900,5596.0100,5172.9400,5709.6600,5409.7100,6031.6800
2017-01-05,10503.1300,10274.2800,5648.9900,5227.0800,5764.5800,5465.6300,6167.9300
2017-01-06,10467.3600,10239.8700,5625.2800,5211.5700,5749.6000,5447.0200,6155.8300
2017-01-09,10460.0500,10242.8000,5658.4200,5218.7000,5768.9300,5457.8900,6155.3600
2017-01-10,10533.4200,10310.8200,5706.0400,5246.4000,5789.3600,5493.3700,6219.0400
2017-01-11,10653.2100,10429.3100,5762.3000,5310.2100,5864.7300,5555.9700,6342.5800
2017-01-12,10687.6100,10454.9300,5745.1100,5319.8100,5868.1700,5561.4300,6366.4300
2017-01-13,10682.3000,10449.7800,5751.6700,5315.7500,5860.6500,5559.8900,6363.3900
2017-01-16,10706.7000,10478.1900,5792.4700,5330.8500,5878.9900,5580.5700,6424.4000
2017-01-17,10690.2100,10471.9400,5805.9400,5335.3600,5899.8600,5584.5900,6394.4900
2017-01-18,10721.3300,10508.6300,5838.1100,5359.4100,5935.1700,5608.9200,6433.4800
2017-01-19,10746.7400,10536.5900,5847.2700,5379.4300,5964.2800,5624.6400,6485.9600
2017-01-20,10629.3000,10413.7100,5760.4300,5312.9200,5878.4900,5552.6300,6347.2100
2017-01-23,10690.4800,10472.1400,5795.8200,5340.1400,5904.8700,5583.3600,6444.1600
2017-01-24,10799.0400,10577.2700,5827.7700,5398.2700,5973.4900,5635.6200,6509.4500
2017-01-25,10957.8400,10725.4600,5888.7300,5469.4900,6043.2400,5708.2600,6611.8100
2017-01-27,11008.4400,10779.6700,5929.8600,5500.3800,6083.6300,5740.9300,6647.8700
2017-01-30,11009.7700,10775.2900,5921.2800,5492.4200,6065.2500,5734.8700,6625.4100
2017-01-31,10904.9000,10670.2000,5855.6900,5437.6100,6001.9800,5676.7300,6504.7500
2017-02-01,11107.8400,10868.7300,5966.6600,5538.2300,6112.4100,5782.5600,6658.0900
2017-02-02,11140.9000,10915.2000,6031.8800,5570.5300,6165.5200,5819.4400,6713.1700
2017-02-03,11150.0700,10948.1600,6114.1400,5602.6200,6231.4900,5857.2500,6774.6200
2017-02-06,11234.7600,11032.6500,6177.4100,5643.8200,6275.7900,5905.0800,6794.0500
2017-02-07,11195.8700,10997.9900,6171.5000,5627.3800,6260.9400,5889.9900,6745.8900
2017-02-08,11206.0500,11014.7400,6199.8400,5639.9800,6283.3200,5904.7700,6805.7800
2017-02-09,11221.9000,11031.6600,6211.2100,5649.8900,6296.4900,5914.7500,6802.7900
2017-02-10,11233.6600,11042.8400,6210.7600,5656.7100,6305.0900,5919.7500,6775.2700
2017-02-13,11246.5800,11036.9900,6155.7600,5642.6300,6266.4500,5900.6500,6744.5200
2017-02-14,11215.1400,11005.7500,6111.0200,5632.4600,6261.3800,5880.4600,6683.4600
2017-02-15,11121.5300,10900.8900,6005.7300,5573.4600,6182.4600,5811.9200,6556.2200
2017-02-16,11211.3900,10999.9200,6076.9200,5633.9600,6266.7500,5872.4400,6646.4600
2017-02-17,11270.9100,11056.0100,6117.5600,5657.5700,6285.9900,5902.3100,6690.7900
2017-02-20,11344.1200,11133.9500,6177.7600,5701.1600,6342.0200,5949.2900,6800.7500
2017-02-21,11390.9700,11182.3100,6210.1900,5727.5800,6374.6000,5977.0700,6863.1600
2017-02-22,11399.4300,11177.6600,6177.7100,5715.9800,6344.0600,5964.1800,6849.4600
2017-02-23,11406.0400,11189.5700,6182.2200,5729.3300,6370.0200,5973.1200,6866.7700
2017-02-27,11358.4900,11157.3000,6191.3200,5724.2900,6385.3600,5965.9300,6842.2300
2017-02-28,11349.2000,11163.3700,6241.5600,5735.2500,6415.0400,5982.8100,6882.1700
2017-03-01,11425.1700,11231.9700,6282.8300,5762.3900,6432.8300,6016.8900,6931.0700
2017-03-02,11348.3000,11140.7200,6206.2500,5702.3300,6342.0100,5956.9900,6815.7000
2017-03-03,11345.0900,11147.3800,6228.5600,5713.4800,6368.5900,5967.8300,6860.5300
2017-03-06,11425.8200,11218.6700,6258.0000,5742.5900,6388.1500,6000.9900,6898.6700
2017-03-07,11406.4900,11204.1000,6263.7400,5737.3800,6387.3900,5997.5900,6863.0600
2017-03-08,11376.1600,11168.8800,6232.7000,5715.2600,6355.1300,5974.9700,6752.1900
2017-03-09,11377.6900,11168.8800,6229.7400,5714.1200,6351.7200,5973.9000,6724.9700
2017-03-10,11381.9500,11170.2000,6220.9600,5713.4500,6347.8600,5971.8900,6706.0900
2017-03-14,11581.1000,11356.4700,6298.5800,5803.5300,6436.9600,6064.4500,6815.0800
2017-03-15,11591.1400,11384.1000,6354.9900,5830.0100,6490.1100,6093.5000,6855.4600
2017-03-16,11695.1200,11493.8900,6419.8300,5894.8100,6576.1700,6156.5600,7004.1700
2017-03-17,11701.0400,11500.5100,6406.3800,5903.1700,6591.4700,6158.4900,7003.3700
2017-03-20,11666.0900,11479.4800,6415.9200,5903.5900,6612.1200,6156.4400,7018.6000
2017-03-21,11649.5000,11465.9200,6409.8100,5899.6400,6612.6700,6150.7500,6995.0400
2017-03-22,11534.5300,11351.3100,6351.1500,5837.6400,6538.9400,6089.1600,6906.7000
2017-03-23,11613.3300,11432.1000,6408.8500,5880.1900,6589.6000,6135.6000,6992.4200
2017-03-24,11641.1600,11463.9100,6442.9100,5898.1000,6613.9600,6156.7900,7065.0500
2017-03-27,11566.7000,11406.2700,6436.1700,5881.4100,6618.8100,6136.7400,7022.8800
2017-03-28,11640.8300,11474.1300,6461.6400,5913.0800,6647.6900,6169.1200,7035.7500
2017-03-29,11690.2100,11524.0000,6496.0100,5938.7700,6677.2700,6197.2800,7072.6100
2017-03-30,11731.3300,11570.9700,6541.5300,5966.2700,6715.6100,6228.0100,7102.1500
2017-03-31,11741.0700,11598.6500,6602.3700,5991.4700,6766.7600,6256.9300,7190.0900
2017-04-03,11817.3300,11682.9800,6690.0100,6036.4600,6824.4200,6311.3900,7201.2800
2017-04-05,11866.1400,11743.7900,6772.8600,6071.5100,6875.4900,6355.9200,7285.1100
2017-04-06,11868.8900,11739.4800,6749.2400,6065.9400,6861.2600,6347.7300,7277.5500
2017-04-07,11799.7900,11671.6500,6695.3800,6034.9200,6831.0600,6309.5600,7238.9400
2017-04-10,11795.1500,11681.5900,6742.9600,6047.4100,6862.0100,6326.8300,7295.8500
2017-04-11,11870.9800,11765.6900,6825.3300,6093.6600,6922.8500,6380.6700,7417.4000
2017-04-12,11838.0400,11724.7100,6792.8600,6064.7400,6876.3600,6353.4200,7379.5300
2017-04-13,11778.1800,11675.4700,6806.9500,6041.1600,6857.6500,6336.5500,7377.4100
2017-04-17,11761.3800,11672.1300,6845.5600,6045.5900,6877.4800,6345.8800,7389.2100
2017-04-18,11704.1600,11614.8500,6780.8100,6022.5200,6858.4800,6310.8800,7325.1200
2017-04-19,11715.0400,11641.6200,6845.2200,6043.7000,6900.3200,6338.8000,7354.2400
2017-04-20,11757.3800,11702.7400,6948.7100,6081.8900,6962.6100,6389.1300,7437.4700
2017-04-21,11743.4400,11694.8800,6990.7800,6074.0000,6952.7800,6393.1600,7457.4200
2017-04-24,11865.7000,11810.4700,7053.8300,6128.3400,7004.8100,6452.7900,7518.7100
2017-04-25,11990.8400,11925.7400,7096.3600,6183.5100,7057.0600,6508.1900,7591.4700
2017-04-26,12035.5500,11946.2600,7023.7900,6186.0600,7036.5600,6497.9900,7491.8800
2017-04-27,12015.7200,11933.7000,7028.3700,6185.1000,7045.9800,6495.9800,7494.8000
2017-04-28,11977.8900,11922.3400,7073.9900,6197.5100,7096.4300,6508.8400,7554.1400
2017-05-02,11998.3700,11947.1000,7095.8200,6213.7500,7121.5000,6525.3900,7654.7400
2017-05-03,11995.1800,11941.8000,7112.4700,6204.0100,7101.0500,6523.8800,7644.3500
2017-05-04,12053.1200,11997.7300,7136.0700,6233.2900,7133.7800,6552.6500,7683.8300
2017-05-05,11945.0800,11892.4700,7056.4600,6185.1400,7087.5300,6494.1000,7589.0400
2017-05-08,11984.4700,11940.1400,7119.5600,6211.6400,7124.8800,6528.5500,7671.9100
2017-05-09,12003.0300,11964.2800,7162.1400,6224.1700,7142.6100,6547.6700,7721.7300
2017-05-10,12125.8900,12076.7400,7220.5300,6273.3100,7182.2500,6603.5500,7759.5500
2017-05-11,12145.3300,12092.4400,7212.1600,6281.3600,7189.1700,6608.2900,7692.5400
2017-05-12,12112.9500,12046.3300,7161.8100,6246.7300,7129.0900,6573.8600,7680.1900
2017-05-15,12177.5000,12121.9600,7219.4600,6296.2300,7204.0600,6622.1600,7754.4600
2017-05-16,12249.3500,12191.4400,7275.8800,6326.4800,7230.7900,6660.8200,7786.9100
2017-05-17,12254.3700,12188.1700,7264.5400,6317.4500,7207.1900,6653.9500,7807.2600
2017-05-18,12109.8200,12018.6000,7115.1500,6210.9400,7049.1600,6543.2000,7647.5900
2017-05-19,12096.8500,11988.1700,7055.7900,6184.3500,6996.3700,6513.1400,7579.0900
2017-05-22,12091.7700,11954.7800,6962.4300,6151.0300,6923.9100,6472.5700,7464.1100
2017-05-23,12009.9400,11844.6000,6813.0900,6079.6100,6809.9800,6388.7500,7361.6400
2017-05-24,11954.6800,11769.1100,6691.3400,6034.1900,6739.5800,6328.6400,7248.9800
2017-05-25,12134.5700,11954.0400,6848.4200,6126.1600,6843.5900,6437.8100,7337.4100
2017-05-26,12271.0900,12098.0800,6975.8500,6200.9900,6933.7800,6525.1900,7488.6000
2017-05-29,12264.3800,12052.0900,6857.2800,6151.4400,6826.7600,6470.3700,7334.4400
2017-05-30,12299.4900,12094.7900,6886.0900,6182.2500,6875.6000,6497.9400,7393.8500
2017-05-31,12303.8400,12126.7600,6965.3900,6217.9500,6952.5700,6535.8300,7421.7400
2017-06-01,12311.6900,12156.8900,7028.6200,6249.6700,7019.0900,6568.4300,7405.5800
2017-06-02,12363.7700,12214.2700,7073.4800,6283.5800,7065.5600,6603.7100,7411.9100
2017-06-05,12413.4900,12265.9400,7107.6400,6312.2200,7101.5500,6633.4200,7449.0200
2017-06-06,12358.3300,12209.9900,7051.0800,6287.3700,7077.2000,6599.7500,7398.1900
2017-06-07,12398.8600,12259.8600,7089.4100,6322.5700,7133.2300,6632.7100,7429.5200
2017-06-08,12387.4200,12256.9100,7108.3400,6326.1200,7147.8300,6637.5900,7429.3500
2017-06-09,12417.4200,12291.3100,7147.5100,6344.9900,7173.1600,6660.6900,7462.7800
2017-06-12,12358.3400,12227.8100,7106.8800,6307.1400,7121.7000,6623.3300,7444.5800
2017-06-13,12354.2300,12230.1000,7132.9800,6310.0800,7130.7100,6630.4900,7434.1400
2017-06-14,12360.7700,12248.8000,7159.7000,6330.5100,7173.1100,6648.5100,7464.9700
2017-06-15,12315.9400,12219.6500,7190.0100,6322.4300,7180.8200,6645.5500,7438.0200
2017-06-16,12332.2200,12236.1600,7224.1100,6325.7200,7178.8000,6657.4100,7456.2300
2017-06-19,12414.8200,12296.8100,7221.8700,6340.8900,7165.1400,6675.5700,7481.8600
2017-06-20,12417.2400,12301.3800,7229.2200,6344.7200,7172.4100,6679.6700,7498.8700
2017-06-21,12396.3500,12286.8300,7232.6400,6341.6700,7177.5800,6676.1500,7463.2800
2017-06-22,12381.7200,12260.6400,7183.5100,6322.2400,7142.0400,6652.3500,7344.4500
2017-06-23,12297.3500,12160.5600,7078.9600,6261.4700,7053.4300,6584.8400,7227.8700
2017-06-27,12214.5300,12059.4500,6955.1100,6201.4300,6965.6600,6513.4900,7154.2200
2017-06-28,12197.9000,12051.0700,6967.1400,6202.9600,6978.5500,6514.8100,7230.5100
2017-06-29,12219.2800,12087.2100,7036.5900,6228.3700,7023.5300,6547.1000,7273.3400
2017-06-30,12253.1800,12132.6000,7062.0900,6266.3900,7089.7800,6577.5400,7247.5100
2017-07-03,12379.6500,12256.6700,7147.1800,6326.0000,7151.5000,6645.6100,7350.5800
2017-07-04,12374.9100,12248.5000,7141.8300,6317.7300,7135.5200,6639.3900,7307.0700
2017-07-05,12416.9900,12308.3700,7222.4700,6359.8600,7206.4200,6685.9000,7392.7900
2017-07-06,12470.2200,12357.0600,7251.1300,6380.1000,7221.4300,6710.3500,7439.4200
2017-07-07,12461.0700,12353.9200,7273.7900,6379.8400,7226.1300,6714.2700,7450.3000
2017-07-10,12592.9600,12467.1600,7302.5500,6426.2200,7254.7000,6762.9700,7544.1800
2017-07-11,12597.0900,12450.3100,7245.9400,6403.3200,7200.6200,6738.3400,7496.4900
2017-07-12,12647.8800,12510.0400,7306.7500,6439.4600,7252.8600,6778.2500,7596.4800
2017-07-13,12754.1000,12605.0200,7336.8900,6482.1200,7288.0700,6821.9400,7630.5900
2017-07-14,12755.9300,12602.5200,7306.2900,6482.4900,7287.8500,6815.2600,7611.0600
2017-07-17,12791.6400,12630.6200,7313.2300,6490.4300,7285.2800,6825.8500,7659.8400
2017-07-18,12683.1300,12529.8300,7262.2800,6444.6000,7244.2100,6775.3200,7612.2100
2017-07-19,12788.7000,12635.5600,7340.9300,6496.6400,7300.9100,6835.1200,7702.6200
2017-07-20,12754.8600,12608.5100,7350.3900,6484.5100,7292.9800,6826.4000,7708.1900
2017-07-21,12806.2000,12650.0900,7370.9700,6495.6100,7288.5700,6843.9500,7712.3300
2017-07-24,12865.9700,12700.1500,7383.4300,6514.3400,7296.5900,6864.6900,7711.5600
2017-07-25,12869.7700,12711.7500,7386.9100,6530.6800,7331.0300,6874.5000,7747.7800
2017-07-26,12933.0600,12767.9100,7413.9400,6553.1300,7345.3900,6901.0800,7779.4200
2017-07-27,12923.8300,12753.1200,7358.5000,6549.7500,7343.0500,6885.1700,7714.5500
2017-07-28,12930.4300,12768.9700,7382.8500,6565.6800,7375.0200,6900.0200,7750.5900
2017-07-31,13011.1800,12837.0400,7381.4300,6596.1200,7397.3700,6926.5300,7805.6200
2017-08-01,13048.4800,12865.2700,7374.3200,6605.7300,7397.7100,6934.9300,7839.0500
2017-08-02,13003.2700,12829.2700,7359.1900,6596.4000,7402.4400,6920.2700,7816.7400
2017-08-03,12933.8000,12745.7000,7280.4000,6542.4400,7320.8900,6864.3400,7759.5700
2017-08-04,13015.5300,12814.7400,7280.3300,6573.1800,7343.4000,6891.3800,7918.3500
2017-08-07,13033.4400,12859.0700,7355.7000,6616.8100,7430.7900,6934.0900,8045.1800
2017-08-08,12922.2700,12743.2500,7236.5000,6562.2900,7371.7100,6862.8300,7915.5800
2017-08-09,12809.6200,12612.3700,7116.1000,6481.6900,7254.9200,6777.4100,7816.2000
2017-08-10,12659.5200,12409.8100,6844.1200,6347.8900,7040.3800,6624.0300,7552.5500
2017-08-11,12543.6900,12311.4000,6840.1700,6304.3500,7008.2100,6584.5900,7463.9800
2017-08-14,12678.1600,12478.5500,7009.3800,6415.3800,7179.9400,6699.9700,7656.4600
2017-08-16,12810.3000,12616.4400,7103.5900,6491.9100,7276.4300,6779.7500,7739.0100
2017-08-17,12816.6300,12627.5000,7147.6700,6494.5100,7278.6300,6792.1900,7821.0700
2017-08-18,12740.1300,12556.6100,7104.1600,6464.3600,7254.5100,6755.9500,7786.3400
2017-08-21,12617.6500,12432.6600,7015.0000,6401.1100,7182.2800,6685.5900,7642.8200
2017-08-22,12619.4000,12418.0900,6968.7000,6382.7300,7140.0400,6665.4800,7622.8600
2017-08-23,12741.3900,12543.7200,7062.1800,6448.6800,7218.5600,6738.1600,7752.0800
2017-08-24,12766.5200,12576.3400,7102.1900,6469.9800,7252.0100,6761.9700,7780.9600
2017-08-28,12846.9900,12669.7000,7197.1900,6525.2000,7330.0800,6823.8300,7845.1700
2017-08-29,12697.6500,12526.7400,7106.9500,6458.9900,7266.5700,6748.0400,7745.6700
2017-08-30,12824.5800,12660.3200,7210.9900,6531.3200,7356.6500,6827.2400,7921.3400
2017-08-31,12860.7100,12707.4100,7267.7200,6562.4000,7405.9400,6861.6000,7970.7200
2017-09-01,12943.0400,12795.5100,7336.5000,6611.7300,7469.8800,6914.5500,8085.0400
2017-09-04,12864.5900,12715.3100,7276.5000,6570.3900,7421.7400,6868.3700,8007.9200
2017-09-05,12919.3000,12784.4100,7351.1600,6615.9200,7493.0700,6917.1000,8080.4000
2017-09-06,12882.8300,12762.8600,7383.4200,6611.7200,7504.6900,6917.6600,8086.5200
2017-09-07,12914.7800,12801.0500,7431.4500,6633.2400,7534.9200,6944.5200,8120.2000
2017-09-08,12905.0900,12790.5500,7417.9300,6628.4400,7529.6800,6937.5400,8061.6500
2017-09-11,13000.6100,12881.4900,7447.0600,6676.6700,7583.5000,6982.3600,8105.7900
2017-09-12,13114.7600,12998.2700,7514.6600,6741.5600,7664.3300,7047.5700,8205.0400
2017-09-13,13092.6000,12963.9700,7470.0000,6714.8700,7616.6100,7020.1200,8097.2100
2017-09-14,13108.8500,12992.1900,7500.3700,6740.7000,7665.7400,7043.0200,8114.0000
2017-09-15,13102.7700,12996.3700,7507.6100,6753.9000,7699.3200,7050.9600,8115.6900
2017-09-18,13185.7800,13084.0300,7574.7300,6801.9600,7760.1300,7103.0800,8139.0800
2017-09-19,13185.5000,13091.4100,7614.3400,6806.6500,7770.9800,7114.8600,8176.9600
2017-09-20,13172.7600,13072.2300,7602.6000,6789.0700,7738.3400,7101.1900,8157.4700
2017-09-21,13138.4700,13033.0900,7550.0800,6769.6200,7714.1600,7073.9700,8089.6000
2017-09-22,12912.1200,12779.7600,7318.6500,6623.5600,7514.2000,6912.6000,7816.0100
2017-09-25,12785.4100,12633.9800,7164.9100,6540.0500,7398.4500,6815.6700,7686.0800
2017-09-26,12788.9300,12657.7700,7224.7700,6565.9700,7455.0400,6843.7700,7740.7300
2017-09-27,12603.2000,12462.3200,7078.0200,6458.9000,7320.1800,6728.3100,7601.5200
2017-09-28,12645.5700,12515.1600,7129.6300,6494.3800,7376.0000,6764.7100,7639.3200
2017-09-29,12690.6200,12577.9500,7233.4600,6532.4500,7436.1700,6815.1800,7726.8000
2017-10-03,12787.9900,12669.1700,7261.8500,6579.2500,7485.6900,6859.3200,7773.6500
2017-10-04,12853.4100,12734.2300,7317.7700,6608.9700,7515.0100,6896.8000,7826.7500
2017-10-05,12830.2900,12733.6400,7377.2400,6620.8500,7555.5700,6914.0300,7835.2600
2017-10-06,12945.4700,12852.0400,7465.7600,6682.5400,7628.5300,6982.5700,7959.4500
2017-10-09,12958.3700,12867.9400,7508.6800,6686.5400,7630.0500,6996.5300,7933.5800
2017-10-10,13000.9800,12923.7100,7568.1900,6724.9100,7692.5200,7036.3700,7955.2700
2017-10-11,12953.3000,12859.3300,7485.8000,6682.1100,7622.8200,6988.1000,7911.1900
2017-10-12,13097.7000,13002.1300,7568.4300,6755.7800,7705.9500,7065.3800,7983.5000
2017-10-13,13179.3700,13071.1200,7598.1600,6779.9300,7712.9800,7095.8800,8029.3100
2017-10-16,13255.1200,13141.3800,7602.3900,6819.3000,7758.2400,7127.4900,8042.5700
2017-10-17,13268.4600,13166.3900,7660.5200,6835.8200,7788.0000,7151.6800,8122.6800
2017-10-18,13239.1100,13140.5300,7660.8800,6822.6100,7775.1400,7141.0100,8135.5900
2017-10-19,13157.7500,13071.7600,7668.0000,6789.8300,7748.1800,7114.7500,8097.4700
2017-10-23,13208.6100,13123.3300,7692.3900,6819.2200,7785.3300,7142.6900,8102.3600
2017-10-24,13229.5900,13153.9100,7745.6600,6838.1700,7816.2200,7168.0700,8153.2100
2017-10-25,13352.4300,13259.2300,7761.4200,6884.1800,7848.8200,7212.1500,8259.0600
2017-10-26,13413.0500,13320.1600,7803.2900,6915.2300,7884.0300,7246.3100,8388.2000
2017-10-27,13404.9800,13316.8300,7826.5800,6913.0400,7883.7600,7249.5200,8364.3600
2017-10-30,13472.3300,13405.5300,7914.7200,6976.1800,7988.1700,7312.1500,8446.3200
2017-10-31,13446.3200,13394.7500,7950.9200,6978.1800,8008.1500,7318.1000,8424.5600
2017-11-01,13583.2700,13515.9600,7994.4100,7030.3500,8046.3400,7373.9700,8497.5100
2017-11-02,13572.8900,13520.5000,8022.9900,7043.9200,8083.5300,7386.3400,8495.5700
2017-11-03,13609.2200,13556.0600,8072.1700,7055.1500,8087.7000,7408.5200,8511.0600
2017-11-06,13624.1100,13574.5800,8106.6300,7063.5600,8098.1300,7422.9200,8501.1300
2017-11-07,13479.4200,13423.2300,7996.3900,6981.1500,7995.1700,7334.6000,8358.9700
2017-11-08,13410.8000,13347.3100,7926.0700,6938.7100,7938.6600,7286.7600,8292.6500
2017-11-09,13430.9800,13390.8900,7968.2500,6984.9400,8032.5000,7323.5700,8324.5100
2017-11-10,13440.1000,13403.4300,7972.1200,6996.2900,8053.1400,7331.6700,8297.8900
2017-11-13,13318.7400,13297.4700,7915.5500,6957.0600,8035.5500,7281.5600,8200.4600
2017-11-14,13270.0800,13252.2400,7899.7600,6934.6500,8013.1500,7259.5700,8140.7300
2017-11-15,13171.2300,13138.3500,7772.5500,6871.5000,7926.8900,7183.7200,7995.1700
2017-11-16,13300.9500,13272.3700,7854.7600,6946.2600,8021.2900,7259.4900,8069.7300
2017-11-17,13404.8000,13377.9400,7919.0600,7003.3600,8090.5700,7318.3700,8163.0000
2017-11-20,13423.6800,13414.4200,7989.6900,7031.3600,8143.8400,7351.8900,8246.2400
2017-11-21,13458.4000,13448.9200,8019.2300,7047.1100,8159.2600,7371.6800,8245.1300
2017-11-22,13472.6700,13463.9900,8039.7500,7053.2300,8164.7800,7381.5500,8226.0700
2017-11-23,13478.8800,13481.0900,8087.6000,7065.8800,8190.3100,7400.0800,8233.5600
2017-11-24,13532.5100,13537.6700,8111.7100,7101.2600,8239.7300,7431.4800,8233.4400
2017-11-27,13548.8200,13569.1200,8174.4300,7124.8800,8284.5900,7460.5600,8217.0600
2017-11-28,13519.2900,13549.8100,8195.8700,7118.7800,8288.3900,7458.3100,8198.8800
2017-11-29,13509.0300,13535.7700,8188.6900,7106.7500,8266.7400,7448.9500,8189.0900
2017-11-30,13341.6200,13403.7200,8207.2000,7055.3400,8249.3000,7403.5900,8117.0300
2017-12-01,13205.4600,13265.9400,8091.3100,6989.1400,8178.5600,7323.6400,8002.9200
2017-12-04,13213.5900,13264.3800,8030.3600,6991.2900,8178.5800,7311.7900,8023.0700
2017-12-05,13204.4700,13260.3400,8018.2400,6997.3300,8198.0200,7310.9100,7988.5300
2017-12-06,13102.2800,13160.7000,7978.4500,6943.3200,8134.9900,7259.5600,7880.2100
2017-12-07,13271.2800,13328.3800,8085.6500,7028.1400,8228.8100,7351.7000,7982.1700
2017-12-08,13400.9300,13456.5200,8166.7600,7092.4900,8299.3400,7421.7600,8119.1900
2017-12-11,13469.1500,13517.0300,8167.8900,7123.6800,8330.0900,7447.6000,8144.0700
2017-12-12,13357.6100,13406.6200,8094.0100,7068.9400,8270.8500,7386.7300,8033.9000
2017-12-13,13285.0900,13326.5200,8027.7300,7022.5100,8207.4100,7337.2300,7965.8200
2017-12-14,13351.1600,13373.1900,8006.5200,7036.2700,8199.0700,7348.4900,8004.0800
2017-12-15,13457.9600,13494.8500,8115.5600,7108.5200,8301.8600,7426.0500,8099.2100
2017-12-18,13538.5600,13574.2000,8139.4300,7154.3200,8358.8700,7466.4600,8145.7900
2017-12-19,13650.9100,13705.3400,8286.7600,7228.3900,8462.5000,7554.5600,8246.9900
2017-12-20,13631.2800,13709.7800,8354.8800,7242.9400,8508.0800,7575.4300,8313.8400
2017-12-21,13636.8800,13745.3400,8444.4600,7280.0200,8590.3000,7616.3800,8383.4400
2017-12-22,13704.8900,13809.4200,8495.4000,7306.3000,8609.5900,7651.2300,8420.8300
2017-12-26,13756.7500,13866.2700,8557.8600,7335.2800,8644.9800,7687.9400,8517.6300
2017-12-27,13701.3600,13819.2600,8513.2100,7324.1900,8652.6800,7664.2700,8501.9600
2017-12-28,13687.8800,13815.8000,8541.5800,7326.6100,8666.7800,7670.2400,8553.4500
2017-12-29,13760.6200,13896.0200,8590.4200,7376.6300,8739.1600,7717.6000,8602.2000
2018-01-01,13651.1700,13813.8100,8636.3300,7341.7500,8725.9600,7694.3200,8631.0000
2018-01-02,13653.0800,13789.4200,8575.3200,7310.6000,8651.2900,7664.6300,8573.7000
2018-01-03,13666.5600,13820.8800,8649.3300,7334.3800,8698.8500,7695.5500,8614.9000
2018-01-04,13756.8500,13918.1000,8748.4400,7383.7800,8758.3200,7756.2600,8730.9100
2018-01-05,13843.4100,14017.2300,8829.4800,7444.5900,8847.4200,7818.4200,8762.6000
2018-01-08,13930.2700,14113.6000,8910.1700,7500.3900,8924.3500,7877.8800,8832.7600
2018-01-09,13935.7900,14115.8100,8917.7300,7496.6100,8911.7300,7878.3400,8815.5000
2018-01-10,13926.3700,14100.8900,8923.2400,7479.6400,8877.2200,7869.3000,8787.8100
2018-01-11,13945.0700,14129.7800,8970.5500,7499.0800,8911.5400,7892.7600,8810.2100
2018-01-12,13978.5200,14151.6100,8966.5500,7501.6600,8896.5300,7897.9100,8815.8600
2018-01-15,14039.4900,14202.3000,8986.9800,7519.1900,8899.6500,7920.2900,8790.5600
2018-01-16,13958.1300,14074.5300,8770.8300,7433.5100,8747.8100,7815.6100,8552.2100
2018-01-17,14070.8200,14182.8800,8816.1000,7490.1000,8810.1800,7871.3400,8665.5100
2018-01-18,14074.4400,14125.7500,8626.6500,7428.9900,8663.5400,7797.4100,8433.6700
2018-01-19,14176.2400,14237.5400,8709.3000,7494.9800,8755.1200,7864.7700,8523.0600
2018-01-22,14271.7600,14332.3900,8767.3200,7544.1500,8809.9300,7917.0200,8506.3700
2018-01-23,14416.4100,14464.0500,8804.2300,7608.5500,8870.7900,7979.2500,8662.4400
2018-01-24,14404.8900,14429.9800,8727.3900,7578.6700,8807.8900,7944.6000,8641.9600
2018-01-25,14356.9500,14365.8400,8654.1900,7535.5900,8735.5600,7899.0100,8565.6300
2018-01-29,14415.4200,14379.9600,8536.5700,7523.1000,8669.2200,7874.1300,8485.2500
2018-01-30,14315.1900,14268.9400,8415.2800,7465.5100,8596.4000,7802.6000,8517.3400
2018-01-31,14276.5900,14203.0900,8339.2200,7409.6300,8488.5000,7750.9200,8467.1900
2018-02-01,14267.3800,14188.2500,8341.8900,7393.1500,8455.2300,7741.5800,8369.8800
2018-02-02,13924.0800,13782.3700,7922.7700,7151.6700,8101.7000,7472.8800,8021.6600
2018-02-05,13814.5600,13686.6400,7922.2900,7103.9300,8057.2900,7433.1500,8031.0600
2018-02-06,13599.1400,13461.6300,7747.0700,6984.3100,7911.3200,7300.3600,7876.5700
2018-02-07,13592.8400,13486.6100,7896.4500,7001.6400,7955.0600,7343.9700,7973.9100
2018-02-08,13743.4800,13662.6500,8081.8300,7104.2700,8100.8700,7461.7400,8054.9600
2018-02-09,13601.9200,13558.0300,8111.0200,7069.8900,8106.6200,7431.9800,8057.0700
2018-02-12,13726.1600,13700.6600,8246.2700,7153.9000,8225.6900,7524.6700,8163.3000
2018-02-14,13679.7400,13668.9400,8241.8600,7150.5100,8245.8700,7515.8000,8097.8100
2018-02-15,13714.0800,13668.3800,8140.4800,7134.1300,8187.5500,7487.6300,8083.0500
2018-02-16,13588.2100,13540.4600,8032.0800,7072.0800,8120.2100,7412.7500,7986.3500
2018-02-19,13484.0700,13429.5600,7947.4600,7010.3900,8040.8700,7346.5500,7877.7300
2018-02-20,13474.4000,13417.2400,7939.5100,7001.1100,8025.1500,7338.4600,7908.5000
2018-02-21,13507.0800,13442.2700,7920.6000,7013.4500,8033.9900,7344.8200,7882.3900
2018-02-22,13474.9100,13402.0600,7879.8000,6987.1100,7992.7200,7317.0300,7820.6200
2018-02-23,13626.1300,13567.5900,8009.9900,7082.9700,8122.6200,7418.3000,7959.2500
2018-02-26,13746.5200,13686.8000,8095.6900,7140.8100,8183.6000,7484.8800,8043.1000
2018-02-27,13707.5800,13642.2100,8048.0000,7115.9300,8149.7200,7455.3400,7932.5100
2018-02-28,13633.6400,13585.4900,8045.5000,7098.3000,8153.5700,7435.8300,7943.6300
2018-03-01,13581.7100,13531.8300,8014.2100,7067.8700,8114.9400,7405.6000,7887.3300
2018-03-05,13449.3800,13400.9300,7925.3000,7003.2000,8045.5600,7333.1600,7729.2300
2018-03-06,13309.9100,13260.1200,7814.8900,6933.8500,7969.6800,7252.1800,7650.0400
2018-03-07,13182.2600,13109.1100,7636.7500,6848.6400,7849.8700,7148.3100,7506.8800
2018-03-08,13278.4200,13202.8200,7675.6500,6899.1000,7908.2500,7196.7600,7470.3000
2018-03-09,13261.5100,13181.8300,7646.8700,6887.2200,7891.0800,7181.5000,7402.2500
2018-03-12,13491.3200,13380.3500,7680.3300,6976.0300,7957.1200,7266.2600,7480.9200
2018-03-13,13523.8200,13434.8300,7777.3300,7014.6100,8026.2300,7313.7300,7616.8300
2018-03-14,13508.6500,13425.4700,7772.7800,7016.0500,8038.5500,7311.3800,7593.2700
2018-03-15,13453.4900,13399.6100,7849.5300,7014.2400,8067.3600,7321.2600,7607.2000
2018-03-16,13258.9700,13214.4600,7748.9900,6925.2800,7979.3200,7225.0000,7495.6300
2018-03-19,13118.0600,13052.8500,7580.6600,6833.6800,7853.1300,7118.4200,7317.1300
2018-03-20,13172.3400,13100.2300,7579.9700,6857.6300,7875.3900,7137.9500,7324.2700
2018-03-21,13214.5800,13142.3100,7610.0300,6878.3700,7897.8800,7161.5700,7355.3100
2018-03-22,13164.2800,13077.4800,7514.4400,6841.1900,7842.4200,7112.7400,7283.5300
2018-03-23,13022.8900,12926.2500,7392.1700,6758.0100,7735.9200,7021.4200,7123.0400
2018-03-26,13198.8500,13093.1900,7442.2100,6847.1600,7835.3300,7103.3200,7207.2900
2018-03-27,13274.3500,13187.9000,7548.7300,6906.9300,7927.7300,7169.9700,7327.3300
2018-03-28,13175.9900,13090.9800,7451.7700,6866.6700,7894.3700,7112.9300,7239.0000
2018-04-02,13323.8700,13254.7400,7598.1200,6958.5800,8017.1800,7215.4300,7315.7800
2018-04-03,13384.1900,13330.0300,7697.5800,7001.7300,8080.1700,7269.6300,7391.4000
2018-04-04,13232.9200,13184.3400,7621.4500,6928.7200,8002.9300,7193.2400,7274.8800
2018-04-05,13488.1200,13435.1500,7770.7800,7055.8500,8142.2400,7329.1300,7453.7500
2018-04-06,13518.4300,13473.2500,7818.6800,7078.3500,8176.0600,7356.3700,7493.7300
2018-04-09,13571.6100,13521.9200,7833.6400,7102.2000,8199.2100,7379.5000,7551.3400
2018-04-10,13594.0300,13542.4300,7832.3900,7114.1000,8212.9700,7388.3500,7580.0800
2018-04-11,13613.7500,13559.6300,7833.2300,7122.7200,8220.6900,7395.6200,7518.0100
2018-04-12,13656.8000,13583.7000,7811.2900,7123.3500,8196.1900,7396.4800,7477.3800
2018-04-13,13680.6400,13613.6700,7829.2400,7145.7200,8233.1900,7415.5300,7496.2300
2018-04-16,13743.0200,13677.8000,7857.2100,7183.7300,8283.0900,7450.2500,7490.3500
2018-04-17,13769.5600,13705.7400,7873.2200,7200.1700,8304.7300,7466.1600,7495.7000
2018-04-18,13742.4100,13678.2500,7846.5100,7187.7800,8292.3800,7449.6900,7468.8100
2018-04-19,13800.6500,13744.0500,7914.4100,7223.9200,8340.5400,7492.4000,7528.4000
2018-04-20,13790.7100,13731.1700,7920.5900,7211.1100,8316.3200,7485.8100,7513.8600
2018-04-23,13823.9500,13769.1500,7946.0100,7235.7600,8352.4800,7509.0800,7509.2800
2018-04-24,13860.5200,13794.1400,7929.1800,7243.6700,8349.0000,7514.0400,7420.7400
2018-04-25,13807.9000,13735.0000,7839.6400,7218.1500,8321.6700,7472.3200,7357.7800
2018-04-26,13855.9900,13781.2500,7852.4100,7243.8500,8351.9900,7495.0200,7361.6000
2018-04-27,13951.9400,13872.7700,7886.4800,7292.2600,8405.0100,7541.4100,7447.5900
2018-04-30,14015.9200,13950.4200,7967.4600,7339.9300,8475.7800,7594.1800,7485.8600
2018-05-02,13966.5200,13874.7600,7881.0100,7281.1000,8371.1300,7536.0300,7312.0600
2018-05-03,13897.6200,13792.8100,7807.1600,7229.7900,8294.4600,7482.4800,7288.5700
2018-05-04,13816.4100,13721.0000,7787.5700,7196.7100,8267.3400,7449.6400,7216.2200
2018-05-07,13940.3400,13837.1000,7834.3100,7254.5100,8325.8700,7507.4700,7301.5000
2018-05-08,13936.7600,13838.6500,7869.6200,7253.2100,8324.3600,7514.6900,7321.6400
2018-05-09,13953.1200,13837.4800,7851.9100,7237.5800,8278.9400,7504.3800,7292.1800
2018-05-10,13899.7200,13752.4700,7728.8500,7175.2700,8168.5700,7435.3600,7207.7500
2018-05-11,13999.6100,13833.8600,7708.4400,7213.8500,8197.8700,7463.7300,7238.1500
2018-05-14,13989.7300,13795.0500,7622.5700,7176.8200,8118.7700,7422.5700,7182.0600
2018-05-15,13977.1500,13760.1500,7553.1800,7145.3500,8054.7800,7387.6600,7115.2100
2018-05-16,13907.9600,13705.4500,7561.3500,7122.3700,8044.3900,7367.6700,7052.9400
2018-05-17,13843.2200,13670.1400,7617.6400,7117.6200,8072.1800,7370.0500,7069.0500
2018-05-18,13718.8500,13530.2400,7470.2200,7042.0200,7973.2500,7278.8000,6935.6600
2018-05-21,13601.3500,13382.6000,7288.6400,6954.5800,7840.4500,7174.6200,6872.1600
2018-05-22,13649.4200,13436.9400,7372.6000,6977.9600,7865.5400,7213.2300,6931.9000
2018-05-23,13520.7900,13325.6300,7352.1400,6927.7800,7826.5400,7165.3000,6755.2200
2018-05-24,13617.2800,13392.8700,7354.2800,6940.5700,7797.9400,7185.3400,6781.8100
2018-05-25,13763.9300,13549.3700,7451.5400,7032.4200,7921.2700,7275.9700,6913.4100
2018-05-28,13889.2300,13684.6300,7563.0900,7107.6100,8017.8100,7359.2100,7100.5300
2018-05-29,13826.4000,13630.6900,7549.0000,7084.1600,8002.5500,7335.2000,7094.3200
2018-05-30,13799.1100,13607.7500,7533.0200,7077.2400,8003.1500,7324.0800,7058.2500
2018-05-31,13939.8400,13705.6200,7476.6000,7109.0500,7992.2200,7345.8600,7097.6400
2018-06-01,13876.4500,13617.2100,7359.4900,7050.3300,7895.9000,7278.9000,7017.9400
2018-06-04,13784.8900,13501.5300,7177.9900,6989.4700,7811.1200,7191.6700,6941.1900
2018-06-05,13725.4200,13405.2900,6984.4500,6930.6400,7712.0300,7106.9900,6822.7400
2018-06-06,13856.9000,13545.6700,7094.5400,7008.1700,7810.7600,7191.2700,6936.7100
2018-06-07,13976.5200,13684.5000,7246.2700,7086.1600,7917.5500,7284.0000,7064.3700
2018-06-08,13984.4500,13708.4000,7300.7600,7107.1100,7959.7300,7309.3700,7073.5600
2018-06-11,14007.0600,13732.1500,7330.5300,7117.2300,7969.3900,7324.8100,7096.1400
2018-06-12,14083.3000,13811.7300,7376.6400,7163.0800,8028.7200,7369.8700,7107.8400
2018-06-13,14094.9300,13811.7800,7359.5300,7154.7500,8002.4100,7362.8400,7101.4400
2018-06-14,14054.1600,13781.1800,7349.1100,7147.4800,8010.7600,7350.9400,7058.4100
2018-06-15,14049.5600,13762.1200,7303.5900,7129.3900,7973.0300,7329.8400,6968.5900
2018-06-18,14020.3200,13725.3500,7248.3600,7109.6100,7945.2700,7302.3300,6948.2600
2018-06-19,13905.6000,13601.8400,7150.8600,7040.7200,7855.8900,7227.8800,6846.5500
2018-06-20,13973.8000,13663.7500,7164.2600,7071.6200,7886.7500,7256.0100,6856.9600
2018-06-21,13930.8300,13612.8000,7102.3400,7043.1500,7848.0200,7220.4000,6809.4600
2018-06-22,14031.4300,13695.9000,7102.7200,7079.3000,7871.1100,7252.7600,6806.5400
2018-06-25,13937.7600,13604.2400,7046.4700,7033.1800,7822.3600,7202.5100,6701.3000
2018-06-26,13948.6600,13600.4400,6989.1500,7028.1400,7804.2100,7187.4600,6701.9800
2018-06-27,13819.0000,13453.8500,6848.0300,6945.0400,7691.6300,7092.8400,6511.3400
2018-06-28,13703.7800,13318.3700,6739.9500,6858.3600,7561.7700,7006.4100,6425.7100
2018-06-29,13878.6100,13503.2900,6880.9000,6959.5700,7688.8900,7117.1800,6580.3600
2018-07-02,13798.2700,13424.5400,6818.2200,6923.9000,7654.4200,7072.3700,6485.3700
2018-07-03,13854.2700,13484.2500,6850.4400,6960.2800,7703.9900,7106.5400,6480.1800
2018-07-04,13929.7700,13551.8400,6881.3800,6989.1500,7725.7600,7138.9200,6428.8900
2018-07-05,13903.7100,13514.8400,6843.6200,6961.0600,7677.9700,7111.3800,6389.4800
2018-07-06,13940.7800,13556.7700,6879.9600,6985.9000,7712.3400,7138.2500,6456.6200
2018-07-09,14046.2400,13681.0400,6990.8300,7063.6300,7826.0100,7220.3400,6545.4400
2018-07-10,14171.7600,13801.4600,7065.4600,7120.7200,7882.0400,7284.9000,6617.4400
2018-07-11,14158.5900,13780.8300,7038.9700,7105.3100,7854.1900,7268.3000,6481.6200
2018-07-12,14240.4400,13837.4100,7041.0400,7114.0800,7827.8500,7283.6300,6475.1800
2018-07-13,14226.4900,13791.0000,6914.4000,7076.9400,7753.0100,7229.8100,6397.4200
2018-07-16,14091.2600,13618.6700,6731.8500,6963.5400,7576.8900,7106.9900,6208.6900
2018-07-17,14193.0600,13743.7200,6806.6600,7055.9000,7724.4600,7186.7700,6382.0200
2018-07-18,14141.7700,13677.6500,6740.4500,7010.9100,7653.1900,7139.8800,6291.1800
2018-07-19,14117.1700,13638.1800,6683.1600,6981.4100,7601.5400,7106.7300,6261.1000
2018-07-20,14187.2200,13712.1700,6708.5400,7029.1800,7668.7400,7146.7700,6222.4400
2018-07-23,14302.9300,13827.8800,6764.2700,7093.1200,7746.2500,7208.8400,6299.8800
2018-07-24,14407.0200,13955.9300,6918.4900,7168.7600,7855.8900,7301.0400,6479.8400
2018-07-25,14402.3100,13955.5800,6943.4500,7167.5500,7855.5200,7306.3000,6515.8000
2018-07-26,14462.9200,14015.0500,6973.8500,7198.6000,7890.9200,7337.9000,6561.4800
2018-07-27,14604.0700,14150.3200,7044.9700,7265.4300,7960.2700,7408.5700,6687.1900
2018-07-30,14670.6800,14209.4800,7077.3600,7288.4200,7974.8400,7437.3100,6766.1900
2018-07-31,14720.4100,14257.0200,7088.7800,7314.9100,8006.1600,7460.1500,6758.0200
2018-08-01,14715.1200,14258.8900,7097.0600,7322.4200,8025.4600,7465.5000,6769.8200
2018-08-02,14598.3500,14168.7100,7094.5500,7292.7200,8024.8200,7434.9500,6773.9300
2018-08-03,14741.6900,14312.0900,7196.0000,7364.2500,8103.5900,7516.2100,6850.2000
2018-08-06,14774.7700,14347.9700,7222.1900,7385.4200,8131.5000,7538.0400,6930.2700
2018-08-07,14776.3400,14341.2700,7188.4000,7379.7100,8117.9500,7526.4400,6921.9500
2018-08-08,14848.0800,14400.6600,7209.2300,7400.4900,8123.9300,7551.5400,6891.1200
2018-08-09,14880.3900,14438.0000,7245.4900,7422.5500,8154.5800,7576.3700,6990.7900
2018-08-10,14818.5700,14372.0600,7171.0500,7391.6300,8120.6300,7533.2800,6922.0700
2018-08-13,14715.2800,14272.7000,7104.7400,7345.4300,8076.1300,7479.3000,6747.1400
2018-08-14,14823.5600,14382.4800,7127.4000,7415.1200,8170.5400,7534.6800,6741.1600
2018-08-16,14753.0800,14322.6400,7104.3300,7392.7900,8160.0800,7508.2700,6687.6800
2018-08-17,14879.0700,14447.6200,7172.8600,7458.7700,8236.2500,7575.9600,6778.4700
2018-08-20,14995.8700,14551.9500,7189.1900,7510.7600,8286.0000,7621.5100,6893.6500
2018-08-21,15026.4800,14585.8500,7221.4700,7529.5500,8310.2300,7643.3700,6878.5900
2018-08-23,15050.8900,14601.3200,7209.6200,7532.6300,8303.5000,7644.9200,6783.6100
2018-08-24,15021.7300,14571.3900,7193.4200,7515.6400,8282.0500,7628.2600,6801.4200
2018-08-27,15190.3900,14731.1700,7240.1400,7601.3300,8378.0300,7705.7000,6910.7100
2018-08-28,15239.7600,14771.2900,7255.2100,7614.0700,8378.7700,7722.2800,6873.4300
2018-08-29,15202.1500,14753.4400,7274.3600,7619.8900,8412.6700,7725.5800,6931.5800
2018-08-30,15193.0600,14756.0300,7319.5100,7623.7100,8426.6900,7738.2800,6983.0400
2018-08-31,15210.4300,14782.9500,7361.1500,7642.6300,8458.6900,7760.9700,6989.7900
2018-09-03,15085.3200,14678.8500,7351.7700,7598.8800,8431.6600,7720.3900,6992.9100
2018-09-04,14951.7300,14507.8900,7199.1900,7478.9500,8239.9900,7601.9700,6791.9800
2018-09-05,14891.0400,14446.4800,7180.3500,7441.6700,8190.8700,7570.1800,6814.9600
2018-09-06,14975.7000,14524.3100,7221.2900,7476.1900,8220.2000,7609.2600,6870.7700
2018-09-07,15057.4200,14612.8400,7253.7400,7535.2700,8305.8300,7658.4300,6924.9300
2018-09-10,14853.9300,14414.3700,7170.9000,7428.0000,8181.5000,7556.1000,6829.6800
2018-09-11,14648.2400,14218.4900,7074.3300,7331.1700,8081.6200,7455.3200,6701.7400
2018-09-12,14750.5600,14299.5600,7056.7100,7365.8200,8101.0400,7481.3600,6700.2900
2018-09-14,14948.9600,14495.3600,7150.5000,7471.4800,8224.5000,7585.0800,6875.4900
2018-09-17,14778.5500,14353.6200,7160.5800,7406.3700,8175.6200,7532.9000,6913.5300
2018-09-18,14638.6400,14202.8300,7042.8500,7321.0900,8065.4400,7440.7100,6722.3000
2018-09-19,14581.0600,14132.4400,6985.3800,7273.4800,7991.6900,7393.8800,6734.8600
2018-09-21,14438.6500,13954.5500,6763.8200,7167.8900,7836.5200,7263.5800,6607.0200
2018-09-24,14182.5500,13684.5500,6594.1100,7011.6400,7634.3500,7106.5000,6435.1900
2018-09-25,14311.9000,13773.6600,6537.3500,7039.1800,7623.9200,7121.9600,6412.6800
2018-09-26,14301.6600,13772.0600,6533.3200,7048.8700,7651.1300,7124.7200,6456.7600
2018-09-27,14183.9800,13624.1000,6393.8200,6948.5700,7495.7400,7021.8200,6339.4100
2018-09-28,14107.5600,13496.2600,6141.7100,6869.0500,7363.1100,6902.6200,6183.4000
2018-10-01,14197.1300,13569.5800,6146.5700,6899.4100,7380.4000,6930.1800,6271.1000
2018-10-03,14005.3400,13408.5200,6176.1500,6817.2500,7305.1700,6873.2100,6379.3800
2018-10-04,13686.4400,13109.6700,6045.1000,6670.9800,7158.8400,6724.0200,6193.2000
2018-10-05,13326.0500,12769.2800,5917.0500,6496.2500,6971.8900,6555.8800,5818.2600
2018-10-08,13343.5100,12736.2100,5807.8500,6445.2300,6850.7600,6501.8500,5719.7200
2018-10-09,13279.7900,12677.4900,5779.4800,6418.2700,6826.6900,6472.6500,5680.3700
2018-10-10,13513.3600,12952.1800,5990.9300,6595.7300,7088.5400,6649.8400,5883.2400
2018-10-11,13227.1500,12681.3900,5885.9200,6456.8100,6939.9900,6515.3900,5810.2300
2018-10-12,13530.5300,12979.7500,6034.9000,6614.5800,7120.8500,6673.7300,5999.5600
2018-10-15,13582.8800,13046.2300,6109.6700,6656.0600,7183.4800,6721.8900,6048.7500
2018-10-16,13688.7500,13167.2900,6203.8900,6730.8200,7289.4800,6798.8200,6119.3400
2018-10-17,13501.8300,12967.1700,6057.6900,6618.1500,7144.4900,6678.4500,5933.6200
2018-10-19,13318.4300,12792.5300,5991.7200,6526.8300,7044.2300,6591.4500,5934.9300
2018-10-22,13244.6600,12698.2000,5888.2400,6466.6900,6952.3500,6523.2600,5856.7200
2018-10-23,13113.6000,12570.2500,5810.7900,6403.4300,6885.3000,6453.8300,5813.5800
2018-10-24,13207.2400,12667.6500,5852.8300,6462.7600,6964.0600,6507.0200,5931.8800
2018-10-25,13080.9400,12553.8700,5797.1900,6414.0100,6926.2100,6451.6100,5858.9700
2018-10-26,12976.3600,12470.5700,5784.2900,6384.8100,6919.0900,6420.5600,5839.4300
2018-10-29,13265.5200,12756.6600,5912.4400,6542.0200,7105.9300,6571.1000,6049.8100
2018-10-30,13216.1000,12742.5900,5981.3400,6554.4500,7159.8700,6590.4600,6034.2700
2018-10-31,13458.4900,12969.6300,6054.9800,6671.9900,7285.2400,6700.0100,6083.3400
2018-11-01,13464.2500,12999.3700,6129.3400,6699.8500,7343.1100,6735.4500,6144.0100
2018-11-02,13685.9900,13187.4300,6197.3800,6771.8500,7380.3000,6817.7100,6254.5600
2018-11-05,13660.3700,13156.8800,6172.2400,6752.1900,7351.0600,6797.6200,6217.3400
2018-11-06,13657.1300,13145.6400,6168.1000,6736.8300,7319.0200,6788.1600,6218.7600
2018-11-07,13746.4800,13239.3300,6237.2100,6787.2800,7380.9700,6843.7700,6267.4500
2018-11-09,13739.6600,13258.6900,6279.7300,6818.6100,7453.5100,6870.8000,6346.7100
2018-11-12,13602.5300,13129.9500,6225.4300,6754.8900,7388.4600,6806.7200,6212.4500
2018-11-13,13720.0500,13225.7800,6234.7900,6793.1000,7408.0700,6842.9500,6252.9600
2018-11-14,13714.8700,13222.7500,6225.8400,6795.8200,7416.6800,6841.2400,6299.3100
2018-11-15,13768.6300,13273.5300,6227.0500,6826.5600,7454.6000,6863.7300,6352.9600
2018-11-16,13849.3800,13330.6900,6209.5500,6843.4000,7447.3500,6877.1900,6290.2400
2018-11-19,13950.9300,13418.9700,6233.4900,6882.1300,7476.9100,6915.8000,6327.8800
2018-11-20,13807.4500,13282.1600,6159.3500,6815.9100,7410.3200,6844.2500,6213.2000
2018-11-21,13758.3100,13252.7500,6168.7700,6815.6500,7436.5100,6840.9200,6233.9800
2018-11-22,13663.2000,13161.8500,6145.7200,6764.7600,7376.9400,6797.0900,6143.3700
2018-11-26,13784.4400,13256.7800,6125.7700,6804.7700,7398.3200,6826.5500,6121.7000
2018-11-27,13846.6500,13317.4400,6150.5700,6837.8200,7436.5300,6857.7400,6144.9200
2018-11-28,13890.2900,13331.3200,6115.2600,6822.9000,7380.2600,6845.4800,6005.8200
2018-11-29,14049.8500,13462.6300,6119.8500,6878.8300,7416.1400,6894.5800,6023.4900
2018-11-30,14083.2900,13503.0600,6140.5800,6908.6400,7463.2500,6919.5600,5968.1500
2018-12-03,14097.2200,13529.4200,6177.0700,6931.3000,7504.6600,6942.8200,6093.6800
2018-12-04,14075.8400,13513.9500,6187.8500,6924.4100,7501.7700,6939.6700,6137.6100
2018-12-05,13952.4000,13384.9800,6104.4500,6852.6600,7411.2600,6864.9700,5984.0600
2018-12-06,13719.6800,13168.2000,6025.3900,6743.9600,7300.3400,6759.5800,5889.8700
2018-12-07,13831.6900,13253.2900,6027.6100,6770.7100,7298.2800,6787.2800,5880.3400
2018-12-10,13567.8100,12999.7300,5916.8800,6639.2800,7153.8200,6657.7900,5780.0200
2018-12-11,13663.7000,13111.7900,5996.7400,6712.9300,7262.3400,6729.0500,5829.0800
2018-12-12,13915.9400,13373.3600,6156.5200,6859.3500,7445.4700,6878.3900,5954.1000
2018-12-13,13995.4100,13455.9100,6202.8600,6906.6000,7506.0300,6924.8700,5977.4500
2018-12-14,14017.3600,13476.6600,6211.5600,6917.2000,7517.0300,6935.3600,6047.0200
2018-12-17,14125.8500,13569.5600,6234.1000,6956.8300,7544.6900,6974.8100,6098.0600
2018-12-18,14157.7800,13604.2600,6272.9600,6973.5500,7563.7100,6997.9400,6175.6700
2018-12-19,14249.8100,13707.2100,6344.3600,7037.2500,7652.7100,7061.4100,6235.2300
2018-12-20,14221.8400,13688.8800,6354.4700,7032.7800,7658.6800,7058.5600,6267.4500
2018-12-21,13977.6500,13466.8600,6293.1000,6923.1900,7551.5800,6956.3500,6240.6400
2018-12-24,13849.2000,13348.0900,6233.7400,6869.0100,7502.5900,6896.8800,6190.2200
2018-12-26,13930.6600,13406.2400,6226.3200,6884.3100,7491.5200,6912.4300,6202.3700
2018-12-27,13990.3000,13461.2400,6237.9000,6913.3000,7522.6000,6937.6300,6218.4400
2018-12-28,14102.7800,13573.2300,6294.5900,6974.0000,7594.2900,6997.8200,6320.1600
2018-12-31,14113.5800,13599.1300,6344.3500,6995.8900,7636.1400,7023.9700,6350.8700
2019-01-01,14162.6400,13640.4600,6366.8500,7009.3900,7639.0100,7043.0500,6363.5800
2019-01-02,14014.3000,13500.3000,6320.0300,6935.8500,7558.5900,6974.7200,6241.0600
2019-01-03,13865.3700,13368.9100,6283.7600,6875.9900,7508.5900,6916.1700,6153.9600
2019-01-04,13930.6500,13428.4300,6293.4800,6907.2200,7541.5600,6942.6700,6233.4000
2019-01-07,13980.1200,13467.3600,6298.1300,6920.5100,7543.7600,6956.7300,6236.2700
2019-01-08,14013.4000,13493.2900,6306.9800,6927.4100,7540.9200,6966.7800,6272.9000
2019-01-09,14072.7200,13536.0100,6298.9600,6939.5100,7535.5000,6978.0200,6203.2500
2019-01-10,14042.8200,13524.0300,6315.4500,6947.4200,7568.9400,6982.9000,6195.1400
2019-01-11,14006.4800,13492.6200,6302.1300,6935.0800,7561.8500,6968.5500,6188.5200
2019-01-14,13929.2000,13423.3200,6274.0700,6904.2600,7536.5900,6935.7600,6174.0200
2019-01-15,14110.4800,13580.0100,6331.3600,6967.8700,7577.3600,7006.0400,6259.9200
2019-01-16,14115.4400,13582.4400,6344.4300,6963.3100,7564.7200,7007.9900,6275.3100
2019-01-17,14132.1700,13587.5100,6323.6600,6959.0300,7546.0000,7002.0500,6279.0400
2019-01-18,14113.8900,13555.8500,6266.4000,6937.2800,7508.1500,6972.8600,6230.6500
2019-01-21,14169.6000,13578.3700,6218.1700,6926.9400,7456.4500,6961.0300,6145.1600
2019-01-22,14132.8000,13542.5500,6180.4600,6913.7200,7447.0800,6939.3700,6085.3900
2019-01-23,14019.0000,13450.2200,6171.5700,6877.7100,7430.0700,6904.7600,6087.6200
2019-01-24,14041.4100,13458.4800,6148.1600,6873.3300,7408.4200,6898.7100,6070.3200
2019-01-25,13938.7900,13343.0000,6060.8800,6802.9900,7310.4700,6826.2900,6009.7000
2019-01-28,13771.6200,13168.5700,5949.9800,6705.3200,7187.4900,6725.4200,5917.5300
2019-01-29,13763.5200,13167.4600,5958.1800,6710.9400,7202.8000,6729.3300,5928.4000
2019-01-30,13762.9200,13181.1800,5984.9100,6729.1500,7243.6300,6746.2400,5968.1900
2019-01-31,13975.5900,13357.8000,6018.1900,6799.7100,7282.2500,6816.6900,6017.0800
2019-02-01,14064.4000,13435.6500,6022.0400,6838.3500,7320.0700,6848.3500,5938.4500
2019-02-04,14069.1600,13414.6400,5934.7200,6817.2300,7272.0700,6813.7400,5815.0600
2019-02-05,14081.4000,13402.6200,5880.9500,6794.5700,7218.0800,6789.0000,5714.6800
2019-02-06,14245.3800,13531.5600,5895.9100,6837.6700,7225.3600,6835.0600,5790.1200
2019-02-07,14274.6800,13571.9600,5934.7900,6867.2600,7274.7200,6864.7000,5832.3100
2019-02-08,14103.1900,13410.5800,5868.2300,6786.4900,7191.1800,6784.4700,5645.2000
2019-02-11,14024.6400,13309.3900,5775.2100,6716.5300,7080.6800,6713.2500,5591.9000
2019-02-12,13952.4600,13249.1200,5758.6700,6693.4700,7069.1800,6688.2300,5609.3600
2019-02-13,13892.0300,13193.7600,5728.6400,6669.5000,7049.4100,6660.3600,5544.4500
2019-02-14,13848.2800,13167.3600,5726.9000,6672.0200,7077.6700,6655.7600,5549.4900
2019-02-15,13794.3800,13105.5400,5680.4600,6633.1900,7022.0600,6616.5100,5538.5000
2019-02-18,13687.2200,12998.0100,5631.3200,6571.9100,6947.8100,6559.1000,5506.2000
2019-02-19,13648.9000,12980.1000,5651.4100,6577.6200,6981.0200,6563.1100,5570.2400
2019-02-20,13819.3600,13133.4900,5707.1400,6648.0400,7042.1900,6634.8400,5683.9000
2019-02-21,13898.1000,13218.9200,5768.2200,6697.9000,7108.0500,6686.6800,5753.6900
2019-02-22,13913.7200,13245.7400,5814.0400,6716.3600,7141.1100,6711.1300,5854.4100
2019-02-25,14021.1200,13340.9000,5859.7100,6755.1300,7167.8400,6756.5300,5848.4900
2019-02-26,13969.9600,13295.3200,5825.3800,6739.4200,7161.2200,6732.7800,5858.6100
2019-02-27,13945.1200,13285.1900,5836.5700,6746.2400,7189.5800,6736.4700,5844.6600
2019-02-28,13947.2700,13303.2000,5886.5200,6763.6500,7226.0200,6759.5700,5916.6900
2019-03-01,14049.9300,13424.3400,6024.5900,6831.1000,7317.4700,6844.9400,6052.5200
2019-03-05,14224.1600,13626.7200,6245.9800,6943.1500,7467.3900,6985.0800,6302.7500
2019-03-06,14311.9300,13711.1400,6311.6000,6979.3700,7499.5900,7032.4900,6335.7200
2019-03-07,14309.2400,13703.5800,6307.0400,6969.6000,7480.4000,7026.0800,6304.2800
2019-03-08,14285.0000,13682.3800,6301.8500,6959.7900,7472.6300,7016.5800,6242.7600
2019-03-11,14476.7400,13882.2200,6420.3900,7073.8600,7617.6300,7130.8500,6409.4800
2019-03-12,14634.8800,14023.6700,6489.5200,7132.8700,7661.2400,7199.2700,6432.9300
2019-03-13,14670.5200,14038.4100,6466.0100,7124.8400,7625.4700,7193.0300,6398.0300
2019-03-14,14668.9600,14036.9200,6463.1400,7124.4900,7625.8400,7191.8200,6430.0200
2019-03-15,14762.4600,14115.7200,6429.6300,7169.8000,7674.3600,7216.5100,6509.3000
2019-03-18,14806.6000,14141.4400,6418.9500,7169.3800,7649.1600,7218.5200,6563.7800
2019-03-19,14891.7800,14221.0200,6447.3100,7209.4800,7691.0000,7256.9900,6647.6700
2019-03-20,14872.5300,14195.6900,6425.9000,7190.9900,7661.0300,7239.3100,6549.5500
2019-03-22,14790.3800,14120.1500,6392.0000,7155.8900,7629.1400,7202.2600,6475.4200
2019-03-25,14651.8100,13988.7400,6319.5500,7093.6200,7568.1500,7134.2500,6514.9800
2019-03-26,14814.7300,14138.8200,6371.6500,7167.3200,7641.0000,7205.8500,6573.6500
2019-03-27,14768.8100,14123.6900,6436.0100,7175.1200,7683.1500,7222.5600,6555.4700
2019-03-28,14926.3700,14272.7900,6485.4100,7254.3600,7769.6500,7295.1600,6590.4500
2019-03-29,15015.3000,14364.5900,6524.6200,7310.4000,7843.1900,7345.1700,6709.4800
2019-04-01,15070.6400,14421.4900,6586.7200,7334.1400,7865.6400,7381.4300,6753.1000
2019-04-02,15107.2500,14449.4800,6581.1600,7344.4400,7868.8400,7389.5600,6767.5000
2019-04-03,15022.2900,14356.7900,6518.3200,7288.5800,7793.5100,7333.4500,6667.2500
2019-04-04,14969.9200,14309.6300,6488.0700,7270.9000,7782.5200,7309.5600,6637.8300
2019-04-05,15055.0400,14396.4500,6546.7500,7316.5700,7835.9400,7359.4000,6727.8600
2019-04-08,14978.6200,14321.3500,6526.3200,7272.0600,7780.4500,7321.9500,6645.1700
2019-04-09,15062.1100,14385.8000,6518.9400,7295.5200,7787.2600,7341.8900,6729.8300
2019-04-10,14957.9700,14304.2900,6529.6300,7263.8900,7773.2700,7316.1600,6728.4600
2019-04-11,14978.4700,14321.8200,6535.0300,7270.8400,7777.6200,7323.7100,6745.2300
2019-04-12,15039.4000,14381.3600,6574.6500,7299.3100,7806.7000,7356.5600,6762.6500
2019-04-15,15101.3400,14443.6700,6611.2100,7332.5200,7845.8100,7391.1500,6816.7700
2019-04-16,15220.5200,14540.1200,6631.3500,7365.7800,7855.3500,7428.1800,6832.3900
2019-04-18,15173.7900,14476.6300,6552.6800,7323.1800,7789.1800,7379.1500,6770.0800
2019-04-22,14960.5300,14270.2000,6454.6600,7216.2000,7671.1000,7271.7700,6600.5400
2019-04-23,14937.3000,14251.6400,6435.3900,7214.4500,7679.3900,7262.6400,6609.3500
2019-04-24,15118.0400,14400.6400,6474.2400,7267.7500,7699.9700,7322.5900,6692.3500
2019-04-25,15013.3500,14313.5300,6473.7700,7229.1100,7671.6900,7290.1700,6671.6900
2019-04-26,15139.9500,14404.1200,6466.1500,7249.7000,7650.6700,7314.0800,6663.0900
2019-04-30,15124.0400,14366.3300,6392.5600,7217.1600,7589.9600,7275.3200,6653.0400
2019-05-02,15087.5600,14326.5200,6383.1800,7188.3900,7547.1000,7253.7100,6615.4800
2019-05-03,15065.2500,14307.2100,6372.5900,7181.7800,7544.2400,7244.6400,6618.1800
2019-05-06,14913.4300,14170.3900,6322.2100,7119.6100,7490.0000,7180.5600,6565.1000
2019-05-07,14790.3100,14051.0800,6272.5600,7055.6500,7417.1900,7119.3100,6458.1300
2019-05-08,14612.8900,13886.8300,6188.7700,6981.7000,7350.8100,7036.9100,6361.5400
2019-05-09,14542.9400,13826.9600,6169.9100,6958.0400,7336.1800,7011.1600,6324.9200
2019-05-10,14512.4800,13812.9600,6188.3600,6963.4500,7363.0900,7015.3600,6289.3500
2019-05-13,14331.5900,13619.2900,6048.3100,6852.4500,7221.0000,6898.0200,6110.0400
2019-05-14,14418.4100,13697.1700,6079.9000,6886.8000,7248.9500,6934.7700,6170.1200
2019-05-15,14336.7100,13619.4600,6040.8900,6848.7600,7210.1700,6894.6000,6070.6500
2019-05-16,14448.7800,13711.2100,6050.2900,6884.5200,7229.0600,6928.9000,6172.4300
2019-05-17,14632.5900,13871.8900,6069.7400,6961.9400,7299.1400,6995.7000,6176.4200
2019-05-20,15165.2300,14380.7800,6315.9200,7215.9200,7565.8700,7257.8900,6482.4100
2019-05-21,15015.3200,14242.5300,6276.8300,7145.3400,7493.1600,7193.0400,6322.0200
2019-05-22,15060.9100,14281.8700,6302.8800,7157.5900,7495.8800,7212.0800,6378.4100
2019-05-23,14977.0200,14214.3000,6293.9700,7133.0800,7487.4300,7186.7700,6330.2900
2019-05-24,15230.9600,14466.4400,6449.8500,7262.3900,7630.5500,7326.6200,6521.0300
2019-05-27,15331.8100,14589.9000,6559.1000,7345.1000,7754.3200,7411.0800,6639.2100
2019-05-28,15344.5500,14606.2800,6576.1000,7356.0700,7771.2900,7422.8000,6623.8800
2019-05-29,15254.3400,14519.5000,6534.4300,7311.5200,7723.6100,7377.5900,6550.1100
2019-05-30,15351.1000,14606.2900,6544.2000,7356.3600,7769.7600,7414.8100,6558.3100
2019-05-31,15338.4400,14591.0100,6497.8600,7355.0000,7774.4900,7399.5800,6536.1700
2019-06-03,15546.8200,14766.7100,6501.8400,7435.2900,7838.2900,7466.6400,6601.0800
2019-06-04,15465.3300,14702.4100,6497.8800,7413.3300,7832.7800,7444.5600,6568.6000
2019-06-06,15225.3000,14475.1500,6393.1900,7300.7300,7717.2300,7328.8700,6476.4300
2019-06-07,15256.0700,14495.0600,6386.6100,7302.9800,7706.3000,7331.8700,6474.0500
2019-06-10,15319.5900,14539.7500,6344.3000,7322.1900,7715.5300,7337.4900,6394.4800
2019-06-11,15379.2800,14598.2000,6355.1600,7358.1400,7761.0800,7366.0500,6461.2500
2019-06-12,15297.0800,14516.1600,6330.5500,7308.6500,7697.6800,7324.3200,6437.1400
2019-06-13,15316.8100,14521.3800,6296.7400,7303.4900,7677.4900,7314.7400,6418.8000
2019-06-14,15194.4500,14406.4900,6257.6200,7244.3600,7614.1400,7259.1400,6389.3400
2019-06-17,14994.8100,14218.3100,6167.3800,7153.6100,7523.3100,7163.8100,6226.4000
2019-06-18,15018.6000,14229.8500,6137.2200,7155.2100,7514.1000,7159.2300,6245.3400
2019-06-19,15008.0500,14192.7900,6053.6500,7120.5100,7445.7500,7117.0700,6198.6900
2019-06-20,15208.8600,14380.2500,6115.4200,7216.5400,7546.7700,7207.2700,6319.4900
2019-06-21,15082.7300,14284.2100,6114.1600,7187.3100,7549.3200,7176.7300,6320.5100
2019-06-24,15057.7800,14258.1500,6099.7400,7171.9300,7529.5000,7161.8200,6295.1700
2019-06-25,15171.4500,14360.6300,6125.3400,7221.8500,7577.4700,7208.2900,6368.0600
2019-06-26,15244.2700,14435.0800,6156.5600,7266.8300,7635.2800,7249.1300,6438.2600
2019-06-27,15247.4800,14449.5900,6175.1800,7285.2900,7673.2800,7263.9900,6445.5900
2019-06-28,15184.5100,14398.8000,6171.7800,7266.2300,7664.5900,7245.9400,6394.4800
2019-07-01,15280.9000,14481.1100,6201.6800,7297.3400,7681.8100,7281.7600,6366.6700
2019-07-02,15337.2300,14528.7000,6193.2500,7321.8800,7705.1000,7298.2100,6403.5800
2019-07-03,15354.5900,14547.4800,6210.3300,7331.8000,7717.3400,7310.2700,6458.5900
2019-07-04,15395.8000,14579.1800,6229.9200,7336.4900,7706.4900,7323.2800,6463.3500
2019-07-05,15215.9300,14401.4700,6150.1000,7238.4500,7590.6700,7229.5500,6317.8800
2019-07-08,14892.8000,14090.0900,6017.5700,7074.3400,7408.0000,7070.3800,6105.7000
2019-07-09,14899.9900,14102.2200,6025.0100,7086.8100,7430.6000,7079.6300,6090.0300
2019-07-10,14820.9500,14019.8400,5982.9500,7037.4200,7366.3500,7033.2200,6027.7900
2019-07-11,14932.4000,14122.2500,6005.2500,7090.9900,7422.9400,7079.7300,6082.1200
2019-07-12,14902.3500,14109.7200,6029.0400,7097.3300,7451.3500,7086.2800,6086.8300
2019-07-15,14951.9400,14128.3000,5982.3600,7084.9600,7400.4200,7072.2500,6047.9600
2019-07-16,15057.4800,14220.9700,5982.7600,7133.0200,7448.7600,7108.8900,6110.2000
2019-07-17,15089.8200,14242.0200,5983.2800,7133.4000,7433.4900,7113.1100,6115.9900
2019-07-18,14969.1700,14115.0500,5921.9700,7054.8400,7328.8100,7041.5300,5989.8300
2019-07-19,14745.0600,13896.0600,5822.3600,6937.4700,7194.4000,6927.0600,5924.1400
2019-07-22,14666.5600,13813.0500,5741.5800,6896.9100,7148.8900,6873.8800,5973.1000
2019-07-23,14642.5600,13793.1600,5772.5300,6879.4500,7124.3900,6871.3800,5960.1000
2019-07-24,14551.3600,13689.1500,5701.5500,6811.4400,7027.2500,6805.6900,5850.9000
2019-07-25,14544.0400,13690.0600,5687.2500,6826.2900,7062.0700,6808.0300,5825.4800
2019-07-26,14598.3200,13740.2600,5690.0200,6855.4400,7095.6800,6829.8300,5834.7800
2019-07-29,14466.5300,13616.2800,5633.4700,6795.1800,7034.9800,6767.5300,5662.8800
2019-07-30,14323.8800,13459.9000,5502.2800,6706.3100,6920.4700,6667.5200,5488.3300
2019-07-31,14377.7600,13522.1000,5520.4000,6754.9000,6995.0100,6703.5700,5578.8200
2019-08-01,14201.5000,13362.0800,5452.2800,6683.2800,6932.8600,6626.8600,5469.5700
2019-08-02,14232.6900,13379.1900,5420.2800,6686.4900,6924.3500,6622.8300,5388.6500
2019-08-05,14065.5200,13211.9600,5311.3000,6601.2100,6828.8000,6528.4500,5269.9400
2019-08-06,14179.4300,13341.7200,5400.1500,6685.8900,6949.4400,6610.2900,5374.0100
2019-08-07,14066.4200,13246.2800,5391.5200,6644.0000,6917.9700,6573.3800,5235.6000
2019-08-08,14292.0300,13436.1800,5435.1700,6719.0200,6962.7000,6650.5600,5307.4600
2019-08-09,14392.1500,13536.4000,5483.1500,6775.1700,7030.3200,6704.5200,5325.5700
2019-08-13,14145.4000,13304.7700,5404.1300,6655.1000,6902.7500,6592.2200,5247.2700
2019-08-14,14286.3500,13429.6400,5423.0500,6716.4200,6960.8900,6645.2200,5291.9600
2019-08-16,14313.0400,13456.7100,5431.4400,6733.4900,6983.0000,6659.3700,5298.8100
2019-08-19,14322.8400,13473.7800,5461.2000,6745.9700,7004.2300,6675.5200,5292.3700
2019-08-20,14268.0700,13414.2300,5421.8600,6709.8000,6955.7500,6639.2900,5238.0100
2019-08-21,14137.5400,13277.0200,5324.3500,6633.7900,6861.6300,6557.1400,5079.5800
2019-08-22,13915.3100,13061.9100,5211.0900,6525.1900,6745.2200,6443.2000,4913.3200
2019-08-23,14029.6300,13168.8400,5244.0800,6580.7400,6804.8700,6494.2000,5045.5600
2019-08-26,14320.7800,13429.7400,5352.5700,6693.6800,6896.1000,6617.1100,5125.9500
2019-08-27,14399.2100,13516.0100,5433.2200,6740.6800,6955.1900,6673.6200,5195.5500
2019-08-28,14323.2200,13439.1400,5404.6700,6694.2700,6895.9200,6633.0200,5096.1700
2019-08-29,14213.7900,13342.2000,5359.6400,6655.2100,6868.6800,6587.2000,5089.5800
2019-08-30,14323.9400,13449.3000,5408.0800,6712.1100,6932.8800,6643.0200,5141.6000
2019-09-03,14028.7300,13186.8400,5332.3000,6592.1200,6828.6700,6525.6100,5009.2500
2019-09-04,14078.9400,13232.9300,5344.8300,6615.4600,6852.5300,6546.8500,5054.1100
2019-09-05,14092.6500,13252.7900,5381.1300,6626.8000,6869.1700,6564.7100,5155.4400
2019-09-06,14212.2800,13363.9800,5441.0200,6676.6300,6913.7500,6621.3800,5236.4200
2019-09-09,14282.6700,13442.0100,5481.3600,6728.8500,6988.1600,6667.5900,5262.1000
2019-09-11,14332.7700,13506.7200,5567.8400,6767.2200,7044.2800,6718.1500,5330.6200
2019-09-12,14271.4000,13457.6400,5581.7100,6744.8100,7027.4000,6703.7400,5327.7000
2019-09-13,14389.0200,13561.5100,5615.4600,6790.1600,7063.9800,6750.3000,5395.6500
2019-09-16,14305.2200,13499.1300,5637.4800,6767.2900,7057.9700,6735.3000,5362.6400
2019-09-17,14063.4700,13266.5900,5525.2900,6649.0600,6930.8000,6614.5200,5218.2700
2019-09-18,14101.0000,13302.3800,5533.8000,6669.3200,6954.5200,6631.6200,5233.9100
2019-09-19,13931.5500,13136.2300,5457.6600,6579.7800,6851.0900,6544.3500,5143.0000
2019-09-20,14680.4200,13831.6700,5647.2300,6942.1100,7237.3800,6870.0900,5367.5700
2019-09-23,15083.9300,14215.4100,5829.7800,7132.2900,7434.6200,7066.6100,5459.5400
2019-09-24,15072.6300,14197.7400,5831.1800,7111.7200,7397.1300,7055.4900,5420.0300
2019-09-25,14872.5200,14002.0300,5736.8000,7007.7700,7279.6300,6952.0900,5312.5700
2019-09-26,15043.6200,14151.3200,5765.4300,7075.8200,7337.6100,7014.6200,5414.2900
2019-09-27,14977.7000,14079.0800,5722.2100,7029.9900,7274.5300,6971.0200,5296.9300
2019-09-30,14913.2100,13997.1600,5657.6200,6969.4600,7180.3400,6913.8400,5164.0700
2019-10-01,14764.5000,13840.5500,5561.6900,6878.0700,7063.0000,6821.9500,5101.6200
2019-10-03,14696.8200,13783.5800,5536.0400,6859.1600,7057.0500,6796.9400,5091.4100
2019-10-04,14515.2800,13623.6200,5486.5000,6789.0300,7000.5900,6726.0500,5038.5700
2019-10-07,14432.6200,13547.2400,5429.0100,6760.2300,6981.2200,6684.6700,4950.4700
2019-10-09,14669.6600,13752.9400,5462.2500,6854.4400,7060.6600,6769.0500,5012.8300
2019-10-10,14568.6800,13655.2300,5434.0800,6798.4400,6994.0800,6721.0500,4937.3700
2019-10-11,14655.9300,13728.1700,5451.3300,6826.3100,7009.0200,6750.2300,4963.3100
2019-10-14,14710.8600,13774.9600,5452.2200,6848.1600,7027.9200,6767.8100,5010.9300
2019-10-15,14824.8100,13866.6900,5448.8500,6884.9300,7048.4100,6798.2700,5042.3800
2019-10-16,14881.5700,13908.6400,5459.7700,6892.3000,7035.9600,6811.8600,5040.7800
2019-10-17,15061.0600,14082.1300,5512.8600,6990.2100,7151.8000,6897.5100,5115.2400
2019-10-18,15173.9400,14214.3700,5616.2500,7077.0000,7277.2500,6985.2500,5246.5400
2019-10-22,15101.5800,14167.9600,5663.0500,7063.9200,7285.7900,6984.6100,5270.8200
2019-10-23,15127.9100,14191.3300,5669.7100,7074.6200,7294.9300,6994.9700,5272.1300
2019-10-24,15096.7800,14159.9800,5642.3200,7060.2000,7280.5500,6975.9600,5202.2500
2019-10-25,15091.7300,14150.1600,5619.4300,7053.9000,7269.9700,6965.3000,5181.5600
2019-10-27,15153.7000,14221.0300,5682.7700,7096.3400,7327.7900,7012.8300,5240.6400
2019-10-29,15358.8900,14401.1400,5717.8500,7179.9600,7401.2300,7088.8300,5399.6100
2019-10-30,15437.6100,14475.4200,5754.9300,7215.4300,7436.4800,7126.8600,5435.8700
2019-10-31,15482.2300,14539.0900,5794.7800,7272.3600,7533.0600,7172.5000,5484.1000
2019-11-01,15495.8500,14560.6400,5828.4500,7287.8100,7558.3500,7191.9200,5529.8100
2019-11-04,15549.3800,14603.7800,5855.0200,7297.2600,7551.4400,7210.8600,5569.1900
2019-11-05,15507.3900,14546.5400,5801.1000,7253.7300,7481.1700,7167.9200,5524.0600
2019-11-06,15569.1800,14587.6600,5775.1100,7263.8900,7471.6100,7172.1400,5531.0600
2019-11-07,15633.2300,14653.3300,5805.6100,7302.9500,7521.3900,7208.2900,5555.6200
2019-11-08,15494.2200,14531.7500,5778.7700,7248.0600,7475.2800,7156.7000,5478.5000
2019-11-11,15505.0700,14550.5900,5783.7500,7269.8700,7515.2500,7170.2600,5502.6300
2019-11-13,15411.8200,14457.9200,5736.9300,7219.0700,7456.1900,7120.0200,5410.3600
2019-11-14,15438.3400,14482.8400,5736.7200,7234.6100,7475.1300,7130.7800,5356.2300
2019-11-15,15466.2800,14508.2700,5729.6900,7251.1700,7495.8300,7140.0700,5341.0100
2019-11-18,15451.5700,14510.9200,5740.1400,7271.9200,7546.4300,7151.8800,5408.5100
2019-11-19,15508.0600,14561.5500,5756.1700,7295.4300,7567.1000,7175.1100,5404.1400
2019-11-20,15587.1600,14625.8000,5759.8100,7320.5000,7580.0300,7197.9900,5410.6700
2019-11-21,15544.2400,14577.6700,5744.6800,7285.1900,7526.5700,7170.7600,5331.4100
2019-11-22,15477.9900,14528.1100,5745.6200,7271.7800,7530.7800,7156.7600,5389.9500
2019-11-25,15685.7200,14712.3700,5795.6900,7356.4000,7604.1300,7238.0900,5475.4400
2019-11-26,15631.7200,14653.5200,5770.2800,7316.4900,7547.6800,7204.1600,5390.8900
2019-11-27,15717.6600,14733.2000,5774.0600,7362.8800,7602.2500,7238.3200,5412.6300
2019-11-28,15796.1100,14814.0100,5809.7600,7411.4800,7665.7600,7282.3000,5506.9800
2019-11-29,15672.7500,14729.7700,5850.9500,7390.4600,7682.8900,7270.0800,5446.2500
2019-12-02,15663.2100,14706.3100,5808.3400,7368.6500,7642.2500,7245.3000,5406.2800
2019-12-03,15586.8400,14624.0600,5762.6900,7316.5900,7572.2100,7196.5900,5309.7300
2019-12-04,15644.7700,14682.4900,5783.5800,7352.2700,7617.3600,7227.4500,5371.4600
2019-12-05,15600.6200,14645.7600,5791.4400,7333.7400,7600.6200,7215.4000,5317.4000
2019-12-06,15469.9900,14513.3900,5731.6400,7256.3800,7503.9300,7143.6800,5232.7800
2019-12-09,15480.7300,14516.4200,5692.1800,7259.8700,7506.2100,7134.8200,5231.6600
2019-12-10,15368.6800,14402.7300,5639.5500,7193.8100,7423.4500,7073.1000,5177.1100
2019-12-11,15438.3500,14464.0400,5623.7200,7230.7100,7465.4900,7094.8000,5205.4800
2019-12-12,15523.0900,14546.3900,5654.3500,7276.6700,7518.6600,7136.7600,5311.9900
2019-12-13,15673.4600,14685.1800,5701.6600,7345.3400,7587.3400,7202.7900,5396.8700
2019-12-16,15624.7600,14639.2700,5697.9400,7318.2100,7554.2300,7182.6700,5353.6800
2019-12-17,15758.6600,14756.8400,5737.5300,7368.3000,7592.3700,7235.2200,5416.1500
2019-12-18,15829.8200,14806.6900,5738.9700,7375.4300,7572.7300,7247.2700,5392.5200
2019-12-19,15881.3900,14848.8000,5738.7200,7392.5100,7583.6400,7261.6400,5393.6900
2019-12-20,15906.5700,14868.4100,5742.6900,7397.9600,7582.6100,7268.5200,5394.8900
2019-12-23,15895.7100,14856.9400,5743.1100,7389.2400,7569.5300,7263.0900,5375.9000
2019-12-24,15840.5800,14813.0000,5745.4600,7372.0900,7561.0200,7248.9200,5382.6700
2019-12-26,15733.8700,14736.1900,5760.9300,7351.9900,7571.6000,7231.9200,5381.6700
2019-12-27,15882.3900,14873.5000,5808.3000,7419.8800,7639.8400,7297.2100,5434.6700
2019-12-30,15894.8100,14897.5400,5855.5500,7438.0500,7671.2700,7322.4100,5450.4800
2019-12-31,15783.4900,14819.2900,5883.5300,7418.0100,7683.1600,7308.4300,5480.8400
2020-01-01,15798.0600,14843.2900,5926.3100,7434.7000,7710.3200,7331.6900,5497.4200
2020-01-02,15928.5600,14980.5400,6021.7900,7511.8400,7806.2400,7414.5500,5597.6200
2020-01-03,15861.8100,14922.9900,6035.7800,7479.4000,7771.7300,7395.3500,5564.1200
2020-01-06,15555.5700,14631.4100,5920.4700,7327.7100,7606.8300,7249.3700,5385.4100
2020-01-07,15638.3800,14718.4700,5991.3000,7373.5600,7661.5600,7303.6900,5416.3000
2020-01-08,15608.1600,14698.6500,5990.4500,7373.2300,7675.6100,7299.8200,5382.3500
2020-01-09,15850.3300,14926.4500,6101.9100,7481.8700,7782.7400,7416.0400,5491.9200
2020-01-10,15901.8300,14977.6100,6142.9800,7505.3400,7806.3300,7446.3900,5521.6500
2020-01-13,16000.5300,15074.4100,6201.7100,7553.7000,7858.3500,7499.9200,5576.1100
2020-01-14,16041.8500,15124.4700,6235.5200,7590.1500,7913.4800,7533.1800,5572.6300
2020-01-15,16029.3800,15141.3100,6294.0400,7622.5700,7986.4800,7566.1100,5608.1400
2020-01-16,16044.4900,15175.8100,6340.1400,7658.1200,8052.8100,7599.2400,5571.5800
2020-01-17,16045.2100,15188.7900,6364.1500,7675.7900,8089.3500,7615.2800,5525.9100
2020-01-20,15880.5800,15049.2400,6330.8900,7620.1500,8053.8800,7558.0300,5443.4600
2020-01-21,15808.6100,14991.9900,6330.8700,7599.1000,8045.1800,7538.9700,5411.9800
2020-01-22,15736.0000,14931.1100,6321.9200,7574.1300,8028.8800,7515.2900,5370.3100
2020-01-23,15843.0000,15043.8600,6362.5300,7648.5200,8130.5400,7576.8200,5460.3000
2020-01-24,15939.3300,15138.1900,6396.1100,7702.1400,8194.6600,7624.8300,5520.2800
2020-01-27,15779.3400,15011.9300,6391.3700,7657.9100,8182.3400,7582.7400,5447.6200
2020-01-28,15702.8500,14947.9000,6376.6900,7633.0200,8168.7700,7557.3100,5393.8000
2020-01-29,15797.7700,15026.5100,6379.8200,7666.3500,8190.9900,7586.0700,5423.5600
2020-01-30,15654.2000,14891.2500,6304.0200,7603.9800,8132.3100,7515.4500,5357.3800
2020-01-31,15553.1800,14804.5700,6300.1900,7562.8800,8096.6600,7481.7900,5257.7400
2020-02-01,15143.9900,14421.1300,6141.7000,7373.3900,7904.1000,7291.7200,5068.1600
2020-02-03,15210.3400,14488.1800,6137.2400,7422.0100,7972.9100,7322.1700,5028.7500
2020-02-04,15558.6800,14792.2100,6248.5800,7547.0300,8059.2900,7458.3400,5169.3100
2020-02-05,15714.5300,14939.9500,6297.6200,7625.5700,8146.2100,7530.4500,5280.5600
2020-02-06,15794.4200,15019.8800,6349.0500,7666.6300,8192.4700,7575.5000,5358.9200
2020-02-07,15762.9300,15014.9600,6373.3600,7688.9200,8256.5800,7590.6000,5397.8800
2020-02-10,15680.7200,14932.2900,6331.3100,7642.7700,8200.8900,7545.3200,5292.6900
2020-02-11,15759.0000,14994.8500,6336.1000,7665.3600,8208.5800,7567.1600,5333.2300
2020-02-12,15864.1000,15070.1600,6322.8900,7684.4300,8195.0600,7584.8000,5275.2900
2020-02-13,15831.2200,15041.8700,6316.0800,7672.3400,8186.3500,7572.8600,5252.1300
2020-02-14,15739.4700,14956.9900,6300.0300,7626.6900,8136.2800,7534.1400,5195.1200
2020-02-17,15642.6100,14855.2200,6230.6700,7569.5800,8064.4500,7473.4000,5099.3100
2020-02-18,15575.6100,14789.3400,6199.7600,7533.9200,8023.1700,7438.6600,5031.6100
2020-02-19,15767.8200,14977.0300,6283.8800,7634.8200,8138.8500,7536.8100,5125.8000
2020-02-20,15720.3000,14959.2900,6309.1000,7652.1100,8200.3000,7547.6800,5155.1400
2020-02-24,15393.3000,14659.1300,6203.6500,7506.9100,8059.5700,7405.5400,4994.2600
2020-02-25,15342.7500,14609.3200,6186.7700,7477.9500,8024.2100,7380.0600,4966.9300
2020-02-26,15179.0100,14456.0900,6150.3900,7395.0800,7932.1100,7308.5500,4904.3000
2020-02-27,15123.3500,14391.0800,6090.5400,7355.2800,7875.8800,7264.1800,4867.1300
2020-02-28,14569.0000,13875.3400,5858.3400,7110.7200,7640.5800,7007.5800,4621.6600
2020-03-02,14487.4400,13790.7000,5790.3500,7067.3600,7589.9900,6956.1300,4545.6700
2020-03-03,14724.7800,14014.6500,5859.4000,7186.6200,7721.4200,7064.0700,4695.1800
2020-03-04,14650.0500,13915.9700,5768.5500,7114.3200,7605.4900,6991.7700,4648.2900
2020-03-05,14684.2500,13950.6300,5795.2200,7131.2600,7624.3600,7012.0900,4660.1200
2020-03-06,14325.8000,13620.1100,5663.5600,6973.4900,7473.4800,6851.9900,4398.9000
2020-03-09,13634.4500,12976.1600,5400.6000,6659.5100,7161.3500,6535.8100,4178.6700
2020-03-11,13627.9700,12956.3700,5386.5700,6633.6000,7108.9300,6517.6800,4160.1800
2020-03-12,12489.5000,11879.7200,4911.6100,6097.0200,6553.0700,5974.4100,3748.1400
2020-03-13,12948.8700,12273.3600,4945.4600,6278.8300,6703.2800,6128.2900,3917.5700
2020-03-16,12008.9100,11418.5800,4677.6100,5867.0800,6311.0100,5732.7900,3734.7500
2020-03-17,11736.2600,11157.0300,4570.1000,5729.8100,6159.1100,5600.0600,3771.1500
2020-03-18,11095.0800,10545.3800,4293.6600,5419.9200,5829.6400,5287.8500,3643.4400
2020-03-19,10817.0900,10243.8700,4073.1000,5243.1500,5596.2000,5100.7600,3382.0800
2020-03-20,11414.5500,10774.9900,4164.7500,5502.4600,5840.4000,5326.7500,3591.6900
2020-03-23,9960.4200,9400.9600,3649.7400,4794.4900,5081.7400,4649.6300,3214.3700
2020-03-24,10193.8600,9588.0100,3614.8800,4875.9100,5134.2000,4706.4300,3183.7300
2020-03-25,10827.3400,10128.0600,3705.1500,5109.0900,5302.6900,4923.3600,3280.5400
2020-03-26,11272.0900,10535.6900,3834.2100,5309.1000,5499.5500,5113.7200,3359.1700
2020-03-27,11291.6700,10550.2000,3867.8800,5303.6300,5477.9000,5123.8500,3331.4900
2020-03-30,10850.5000,10167.4600,3778.0500,5136.1100,5349.0100,4961.8400,3279.4600
2020-03-31,11271.1500,10540.4300,3900.5000,5301.4100,5483.5200,5130.2700,3462.0400
2020-04-01,10849.0100,10186.7400,3862.3600,5152.2500,5383.9300,4995.3500,3404.8900
2020-04-03,10637.6600,10000.8600,3819.8200,5067.1100,5311.5600,4915.4900,3402.8700
2020-04-07,11534.1100,10770.0500,3952.7600,5404.9100,5567.2100,5228.0000,3578.7100
2020-04-08,11516.9600,10788.8100,4019.9000,5443.5600,5659.0400,5265.4100,3613.3800
2020-04-09,11983.7100,11210.9500,4157.6900,5642.2000,5841.1000,5460.3400,3743.9200
2020-04-13,11847.9800,11088.4700,4140.2700,5578.9400,5776.1500,5407.9100,3753.3800
2020-04-15,11784.1300,11064.3400,4184.4000,5598.7800,5852.4700,5423.5900,3762.2200
2020-04-16,11873.0100,11166.6700,4269.2400,5662.8100,5943.1500,5491.4600,3846.4100
2020-04-17,12204.0200,11471.1400,4397.6500,5805.1400,6075.2800,5639.8400,3933.5700
2020-04-20,12189.9000,11471.4400,4426.5900,5815.0500,6104.1900,5651.9400,3908.5900
2020-04-21,11845.2900,11141.9400,4272.2600,5648.7200,5927.1600,5482.1600,3756.0500
2020-04-22,12099.1600,11349.7300,4292.7900,5730.0000,5968.3600,5558.3100,3745.5500
2020-04-23,12246.8500,11487.6000,4350.3500,5797.0800,6035.4800,5626.4500,3780.6800
2020-04-24,12036.4400,11288.9800,4269.4400,5696.8800,5930.2000,5527.5200,3688.2500
2020-04-27,12215.1500,11455.4200,4304.3600,5787.0100,6029.9700,5603.4800,3710.7300
2020-04-28,12322.2100,11558.6700,4335.7000,5844.8300,6098.1700,5654.1200,3729.4400
2020-04-29,12537.1700,11747.4200,4374.5100,5931.9400,6173.0700,5734.2700,3823.5500
2020-04-30,12919.5500,12072.4300,4405.2100,6077.1100,6284.5300,5860.1200,3993.6100
2020-05-04,12205.8000,11445.7100,4266.6000,5789.9900,6041.4400,5592.2300,3765.8900
2020-05-05,12083.9000,11335.1400,4214.2600,5741.9900,6002.0400,5538.1400,3755.1900
2020-05-06,12173.8500,11414.1500,4230.8300,5778.5900,6033.3000,5571.7700,3747.0000
2020-05-07,12074.3000,11331.8600,4239.2300,5740.8600,6004.2600,5544.0500,3718.8300
2020-05-08,12148.1100,11378.7600,4207.4200,5748.9400,5982.7800,5546.9800,3666.0100
2020-05-11,12152.0800,11385.3900,4191.4700,5761.1000,6006.6800,5548.4200,3691.6700
2020-05-12,12101.1600,11331.9300,4157.7000,5730.2500,5967.3200,5516.9600,3704.3000
2020-05-13,12333.4700,11551.5400,4252.9600,5839.9900,6081.4400,5627.5400,3856.8600
2020-05-14,12049.9900,11321.9100,4214.2700,5758.1900,6054.3100,5541.9500,3793.9300
2020-05-15,12033.8700,11306.1300,4217.2100,5747.0700,6038.6900,5535.4600,3816.0500
2020-05-18,11625.5800,10916.2100,4084.8300,5536.9400,5801.6900,5343.6700,3660.0000
2020-05-19,11698.2200,10975.7700,4084.8300,5561.9200,5817.3500,5364.5200,3693.7500
2020-05-20,11942.2000,11190.2600,4135.3900,5659.7600,5899.6900,5456.8800,3733.2300
2020-05-21,12007.6500,11256.1800,4162.6200,5698.1900,5948.1700,5491.8600,3749.3700
2020-05-22,11913.3500,11173.9400,4145.2200,5661.0200,5917.7900,5457.1600,3700.3200
2020-05-26,11904.0700,11186.7200,4170.3900,5690.0300,5984.6600,5477.8700,3725.0300
2020-05-27,12229.4200,11444.4600,4192.3500,5778.8300,6005.0600,5566.7400,3806.9200
2020-05-28,12457.4800,11650.4100,4262.6100,5874.5500,6091.0600,5662.2100,3875.1400
2020-05-29,12610.5600,11793.5300,4311.8000,5947.6100,6167.5900,5731.1900,3943.7700
2020-06-01,12917.3100,12092.0300,4449.7300,6105.4400,6346.0400,5887.2400,4059.9000
2020-06-02,13102.5300,12268.9500,4548.6500,6190.1800,6431.0500,5981.1300,4082.2200
2020-06-03,13208.3000,12369.1500,4607.5300,6236.4800,6474.9800,6034.4200,4098.9400
2020-06-04,13179.5400,12343.3700,4607.4600,6222.4500,6459.8200,6024.1200,4110.5000
2020-06-05,13342.5700,12514.4100,4736.9900,6314.9400,6572.7300,6128.4900,4277.2700
2020-06-08,13371.7200,12551.5000,4790.0800,6335.7800,6602.2800,6158.4900,4339.3300
2020-06-09,13222.5400,12422.1200,4738.7900,6284.6600,6570.9100,6100.0500,4285.3200
2020-06-10,13300.6500,12505.4000,4777.8400,6337.6200,6643.7700,6147.2300,4323.3800
2020-06-11,13030.3300,12270.0800,4724.1800,6232.9500,6560.6600,6047.4700,4217.7000
2020-06-12,13128.8600,12359.8000,4717.4000,6285.9300,6622.4000,6082.8600,4249.3400
2020-06-15,12931.7400,12193.9900,4733.6500,6205.7500,6553.3200,6025.2600,4187.3100
2020-06-16,13050.0700,12293.2400,4730.0600,6251.5700,6590.0200,6060.6600,4181.8900
2020-06-17,13014.3900,12275.4200,4758.5900,6253.4400,6612.6100,6066.0900,4164.9900
2020-06-18,13257.8800,12491.6000,4825.7400,6350.6700,6693.8300,6163.1800,4264.8800
2020-06-19,13453.9600,12674.3900,4907.2300,6438.3600,6778.9600,6254.3000,4350.7500
2020-06-22,13565.9200,12799.5900,5003.0200,6514.8200,6884.2200,6334.3800,4519.3700
2020-06-23,13781.0400,13002.8600,5080.5700,6619.1900,6995.6800,6434.7900,4606.2900
2020-06-24,13573.0800,12814.6000,5009.0000,6533.0000,6919.6400,6345.9700,4499.8300
2020-06-25,13555.8100,12820.0900,5027.5700,6559.5000,6985.5600,6362.5500,4505.6800
2020-06-26,13664.9100,12909.5700,5055.5300,6588.8300,6992.3600,6398.5100,4564.1500
2020-06-29,13569.1000,12803.2800,4993.8400,6518.7300,6892.9900,6333.8600,4450.9800
2020-06-30,13556.2600,12783.4500,4956.5500,6506.4600,6873.7600,6314.6600,4390.5000
2020-07-01,13701.0600,12904.0800,4991.3500,6549.3800,6891.0500,6363.6100,4429.3500
2020-07-02,13859.9600,13050.9000,5034.4400,6624.0100,6968.0800,6432.0600,4481.6100
2020-07-03,13937.8300,13123.9600,5048.2400,6664.6600,7014.6400,6465.3000,4499.6800
2020-07-06,14123.2600,13304.7000,5127.8500,6761.7900,7125.7200,6559.3400,4587.6500
2020-07-07,14173.4200,13356.9600,5163.2600,6790.9400,7161.8700,6590.5600,4542.6200
2020-07-08,14060.8000,13258.4900,5149.2000,6744.8600,7121.2300,6550.4100,4554.0400
2020-07-09,14189.5200,13366.6500,5192.0700,6781.5700,7133.6900,6597.0200,4581.6300
2020-07-10,14133.8500,13309.9700,5175.0800,6745.6100,7086.0200,6567.7300,4543.7300
2020-07-13,14178.7600,13341.2700,5175.5700,6749.5600,7071.9500,6575.2000,4566.0500
2020-07-14,13939.0700,13129.1100,5108.0300,6656.6100,6996.8300,6480.4700,4453.1000
2020-07-15,13941.7700,13124.9100,5104.7000,6645.8400,6972.7800,6474.5600,4405.7500
2020-07-16,14086.9900,13243.1100,5101.7100,6694.3500,7001.7500,6514.2200,4433.9900
2020-07-17,14301.8600,13437.9500,5168.9300,6785.2900,7084.7000,6604.8000,4557.4700
2020-07-20,14448.9300,13573.7800,5217.9600,6851.8200,7150.5700,6669.8200,4572.0800
2020-07-21,14610.0700,13702.9800,5237.0100,6895.2700,7160.7600,6715.9400,4638.0600
2020-07-22,14565.5100,13666.9000,5228.6800,6883.6100,7158.6900,6702.3600,4621.7100
2020-07-23,14676.9300,13770.1300,5267.5000,6934.0900,7208.7200,6752.0900,4652.9500
2020-07-24,14629.6400,13727.7200,5252.6200,6915.3400,7192.8000,6732.6400,4581.4000
2020-07-27,14543.5900,13635.5500,5207.4000,6856.0600,7111.6800,6679.6500,4543.2600
2020-07-28,14746.9700,13812.2000,5260.6000,6929.4800,7164.1600,6756.2000,4584.8500
2020-07-29,14646.9800,13743.5300,5265.6900,6920.5600,7195.7000,6741.5700,4608.5500
2020-07-30,14547.0800,13648.7200,5230.4600,6871.0300,7141.7900,6694.6700,4503.5200
2020-07-31,14536.2900,13654.7900,5270.3900,6885.8100,7178.1200,6713.4600,4487.5600
2020-08-03,14321.1500,13499.0500,5328.3200,6837.2400,7183.0700,6683.7500,4470.1400
2020-08-04,14564.7600,13715.1300,5408.0400,6930.0100,7255.8300,6782.3300,4496.0300
2020-08-05,14573.4800,13738.5700,5460.0200,6950.3000,7294.1500,6810.0000,4560.6400
2020-08-06,14702.5400,13862.6900,5496.6700,7020.1300,7375.9500,6870.5800,4615.4400
2020-08-07,14723.1600,13907.3900,5542.1900,7069.5900,7468.9400,6911.6900,4632.6400
2020-08-10,14815.9700,14013.1300,5629.4500,7135.1700,7559.6300,6982.3100,4694.9800
2020-08-11,14865.5100,14047.0600,5647.0500,7133.8300,7532.4000,6992.8100,4731.6200
2020-08-12,14848.6900,14037.7000,5666.3700,7131.2600,7535.2800,6995.7400,4740.0500
2020-08-13,14855.3900,14077.1700,5718.5700,7185.6900,7645.3000,7039.8100,4811.0100
2020-08-14,14698.0700,13935.9200,5674.5300,7121.0600,7588.0500,6976.1100,4769.1900
2020-08-17,14782.7300,14017.0800,5732.0100,7157.0600,7621.2000,7021.8200,4861.2100
2020-08-18,14963.0800,14189.8800,5807.2100,7246.4800,7718.5900,7110.0900,4930.2000
2020-08-19,14993.4900,14237.0200,5884.0400,7279.0900,7771.9900,7154.1400,4970.0900
2020-08-20,14882.6900,14171.0200,5913.6100,7281.8300,7834.3600,7152.7200,5066.6600
2020-08-21,14956.4300,14254.3800,6002.9500,7326.9200,7892.4700,7211.8900,5077.2900
2020-08-24,15064.4500,14367.4800,6094.1000,7386.3300,7963.0800,7282.4800,5058.0700
2020-08-25,15072.8400,14383.9600,6116.9700,7401.0900,7989.9900,7298.0700,5073.7000
2020-08-26,15165.0300,14474.1000,6178.1100,7442.9400,8031.6800,7348.6900,5101.2900
2020-08-27,15184.5900,14494.7800,6194.5100,7453.8800,8044.7500,7361.5800,5102.2000
2020-08-28,15291.3800,14586.3500,6181.4600,7502.2900,8092.5200,7392.9800,5127.1100
2020-08-31,14908.2100,14179.3400,5903.6300,7267.7000,7789.6900,7145.0000,4908.9400
2020-09-01,15025.6200,14285.5500,5915.5100,7324.1800,7849.0100,7189.6900,4962.7500
2020-09-02,15124.3400,14402.9800,6007.4300,7403.0200,7966.7900,7269.5200,5009.5200
2020-09-03,15128.3500,14427.9200,6044.7900,7435.5400,8034.8600,7298.3200,5013.6600
2020-09-04,14871.0100,14190.8000,5980.1300,7314.3000,7909.5500,7189.0200,4900.6200
2020-09-07,14888.4300,14192.5900,5987.6400,7292.5900,7854.2600,7182.7600,4881.7800
2020-09-08,14832.0300,14118.0900,5931.8800,7234.2800,7758.9100,7129.5200,4795.6800
2020-09-09,14784.0700,14058.2900,5848.6300,7200.9600,7712.5500,7081.2600,4763.7400
2020-09-10,14997.7900,14255.3600,5928.9200,7293.9400,7800.3000,7176.6400,4806.0700
2020-09-11,15032.8200,14295.0700,5940.8800,7324.1000,7846.8900,7199.3600,4821.2800
2020-09-14,15003.3200,14366.6300,6243.1600,7416.1000,8061.1100,7333.0600,4836.4300
2020-09-15,15115.5000,14488.2500,6324.0500,7489.3900,8159.6000,7407.0800,4867.0500
2020-09-16,15219.0600,14578.0700,6347.6100,7527.4300,8186.7800,7445.3200,4866.5600
2020-09-17,15107.3300,14479.7900,6312.6300,7486.0500,8156.5300,7401.0200,4825.7600
2020-09-18,15099.6100,14468.9100,6298.5400,7478.5400,8144.0800,7392.0500,4839.4200
2020-09-21,14745.7500,14096.2000,6061.0500,7263.1300,7867.2500,7171.7900,4617.8500
2020-09-22,14612.5200,13946.2800,5949.5700,7169.4800,7736.1500,7076.0000,4544.1500
2020-09-23,14582.7400,13916.6700,5949.9600,7148.7700,7707.4600,7062.4600,4516.5200
2020-09-24,14168.4400,13538.8900,5810.6200,6971.8900,7544.8900,6883.6900,4325.1700
2020-09-25,14498.0500,13858.7800,5960.0800,7139.5900,7732.5900,7050.8600,4475.3100
2020-09-28,14743.1000,14122.4200,6135.0100,7296.9600,7942.9300,7210.2100,4593.5800
2020-09-29,14728.0900,14106.4500,6120.1200,7288.9900,7933.7200,7200.0200,4570.9100
2020-09-30,14768.9900,14139.7800,6115.1800,7303.1900,7942.9100,7210.6700,4525.2700
2020-10-01,14977.4700,14321.3200,6162.6600,7382.0100,8002.5100,7288.9200,4553.8900
2020-10-05,15080.8700,14403.9700,6194.1000,7404.4400,7996.2700,7321.9100,4564.8700
2020-10-06,15269.1500,14564.5000,6227.2200,7470.9000,8040.0100,7387.4900,4565.4800
2020-10-07,15351.0500,14613.1500,6197.9600,7471.0500,7996.3900,7388.7500,4521.8700
2020-10-08,15469.7600,14699.9400,6179.6100,7496.1500,7987.6000,7410.0800,4513.3600
2020-10-09,15554.4800,14757.9200,6160.0800,7508.2800,7968.6400,7420.5000,4520.8600
2020-10-12,15565.2700,14750.6600,6118.1500,7492.3800,7928.4300,7401.4700,4459.7700
2020-10-13,15560.9800,14737.2500,6110.1500,7474.2400,7891.1600,7389.5200,4445.3100
2020-10-14,15620.4900,14780.5900,6114.7700,7483.2600,7878.7800,7402.4400,4434.6800
2020-10-15,15256.0900,14457.6200,6019.1600,7338.2100,7759.3000,7258.3400,4383.0100
2020-10-16,15366.5800,14572.9500,6099.4800,7401.7100,7838.1700,7327.0000,4470.0000
2020-10-19,15508.7500,14698.7000,6134.2900,7458.2400,7885.4700,7382.5600,4542.5500
2020-10-20,15539.8100,14734.5900,6150.0500,7485.0700,7926.5900,7404.2100,4523.5100
2020-10-21,15581.5500,14770.3100,6149.9600,7502.0200,7941.3200,7417.7400,4578.0200
2020-10-22,15534.4200,14753.6900,6197.6100,7516.2400,7995.8000,7432.7100,4628.8800
2020-10-23,15590.5400,14816.0600,6241.4100,7555.2600,8049.9100,7471.7000,4656.8400
2020-10-26,15378.3500,14615.1500,6174.1600,7448.9600,7933.6500,7373.7200,4571.3700
2020-10-27,15546.2800,14767.7700,6186.2400,7531.5700,8023.2800,7438.6000,4593.3800
2020-10-28,15351.5100,14594.9600,6135.5000,7453.6200,7957.8100,7361.4100,4534.1200
2020-10-29,15297.8300,14539.3300,6084.5300,7426.7800,7928.4400,7326.4200,4502.4600
2020-10-30,15264.8000,14521.5600,6086.0600,7433.6700,7959.6100,7326.0400,4558.0900
2020-11-02,15302.3400,14543.2600,6007.8800,7449.7300,7975.1500,7315.0700,4562.1800
2020-11-03,15478.4000,14695.5900,6023.1000,7520.6700,8035.6800,7375.8100,4594.9100
2020-11-04,15605.9600,14803.6400,6024.4000,7570.4900,8075.7200,7416.0200,4579.1600
2020-11-05,15880.3800,15063.2600,6123.1100,7704.2000,8218.9200,7544.5200,4736.0700
2020-11-06,16050.9500,15212.0700,6153.3200,7771.4500,8273.7200,7607.1400,4762.0200
2020-11-09,16306.1400,15428.8400,6178.6400,7865.5500,8342.5900,7691.8300,4818.8200
2020-11-10,16485.3400,15569.4400,6168.1200,7916.9200,8358.9800,7735.4300,4887.2100
2020-11-11,16644.4900,15702.3900,6202.2400,7965.3600,8380.6600,7788.9500,4963.3300
2020-11-12,16590.5100,15681.9800,6275.5100,7973.6300,8426.4000,7808.6000,4997.7800
2020-11-13,16643.0300,15749.7400,6334.6200,8023.7800,8506.0200,7857.3200,5056.0900
2020-11-14,16721.4900,15830.3500,6392.7800,8066.0300,8555.5800,7905.1000,5097.5000
2020-11-17,16846.6100,15957.2800,6424.9000,8146.4900,8662.3200,7969.5000,5131.8500
2020-11-18,16927.2400,16055.5900,6465.8800,8224.6200,8786.9700,8030.0400,5168.8500
2020-11-19,16721.9900,15887.8500,6466.3400,8156.7000,8748.5000,7971.9900,5156.9000
2020-11-20,16848.8500,16013.8300,6535.5600,8223.6300,8825.9700,8041.0800,5172.5100
2020-11-23,16946.9900,16129.4600,6644.5700,8296.1000,8929.7900,8121.3200,5276.3200
2020-11-24,17105.1300,16277.6900,6704.7500,8369.4600,9004.2600,8194.5400,5314.1100
2020-11-25,16847.1000,16037.1100,6641.4800,8242.2000,8866.3100,8082.0800,5288.5800
2020-11-26,17013.4400,16187.4000,6692.8500,8311.5900,8928.3700,8151.7400,5386.8400
2020-11-27,17003.7500,16255.6200,6862.1800,8411.0400,9146.0700,8250.7600,5413.2800
2020-12-01,17192.7700,16431.7900,6941.9800,8494.8600,9227.0100,8338.8000,5500.0300
2020-12-02,17217.0200,16466.7000,6962.5500,8526.8600,9282.8600,8363.6200,5575.7200
2020-12-03,17264.0000,16520.4300,7023.4800,8556.1600,9320.9100,8402.1200,5726.8100
2020-12-04,17414.7900,16649.7600,7058.7800,8608.8700,9355.3500,8456.8200,5780.3400
2020-12-07,17546.5300,16788.3300,7155.6800,8687.1400,9454.3700,8540.4600,5853.5600
2020-12-08,17588.1100,16816.2600,7136.8000,8694.4800,9448.1900,8543.4600,5817.7000
2020-12-09,17743.7800,16956.6200,7191.0800,8757.4200,9501.5400,8609.5600,5861.5800
2020-12-10,17695.4000,16896.1400,7145.2900,8713.3200,9431.7000,8568.2600,5809.3000
2020-12-11,17741.6100,16941.7700,7181.6700,8734.2400,9452.4400,8595.0700,5888.1400
2020-12-14,17800.5000,17008.2500,7239.6800,8773.6300,9506.4700,8639.0100,6015.0100
2020-12-15,17806.3400,17021.3700,7254.9500,8787.7200,9533.8000,8651.1700,5996.6200
2020-12-16,17949.7700,17167.2300,7324.3900,8872.4500,9640.9400,8731.0100,6076.6300
2020-12-17,18011.0100,17209.9600,7322.1800,8879.4100,9623.1500,8741.1900,6016.6400
2020-12-18,18037.3500,17223.0200,7295.1200,8879.2100,9608.9800,8736.2200,5983.4400
2020-12-21,17463.3000,16630.4000,6937.0900,8545.3200,9192.2000,8395.1500,5583.9000
2020-12-22,17653.2000,16799.4900,7002.7800,8618.4000,9249.1500,8473.7500,5644.0400
2020-12-23,17845.9100,17026.8000,7202.2300,8763.9200,9461.9500,8628.5000,5772.5900
2020-12-24,18023.4500,17178.0200,7257.0000,8820.1500,9488.6600,8694.1200,5824.2400
2020-12-28,18185.4400,17343.9700,7380.0700,8905.4900,9587.1100,8792.7400,5931.6500
2020-12-29,18251.7000,17392.9600,7380.1000,8917.7700,9578.6500,8806.8600,5911.1600
2020-12-30,18317.7100,17457.6500,7423.6600,8949.0200,9610.8700,8843.2400,5925.7900
2020-12-31,18320.6900,17470.7900,7440.2800,8966.4700,9647.3000,8857.1300,5945.1100
2021-01-01,18381.5800,17556.5600,7525.9200,9032.8700,9758.2400,8922.9100,6010.5700
2021-01-04,18549.9100,17733.9500,7624.3100,9139.2900,9898.9800,9025.2400,6184.3400
2021-01-05,18665.4600,17848.0600,7670.8300,9203.2100,9976.4500,9084.7800,6167.0600
2021-01-06,18600.1300,17803.9200,7651.4700,9204.0100,10012.5700,9071.5400,6207.2600
2021-01-07,18599.9100,17846.6600,7738.1400,9262.8100,10139.4000,9126.5300,6316.0400
2021-01-08,18871.5000,18088.6400,7793.2500,9377.8000,10243.8600,9232.4900,6363.6600
2021-01-11,19037.4900,18211.3400,7787.2000,9409.1300,10223.7000,9266.7100,6373.4300
2021-01-12,19120.0100,18290.0300,7809.5800,9451.8300,10271.8800,9304.5300,6508.8300
2021-01-13,19106.3200,18263.9100,7789.2500,9423.7600,10218.3400,9283.0500,6568.0900
2021-01-14,19155.0100,18308.2900,7823.5200,9439.6900,10226.7400,9306.9600,6582.5900
2021-01-15,18930.9400,18098.5100,7740.4400,9334.5400,10118.3900,9203.3100,6523.6000
2021-01-18,18711.5000,17863.3500,7597.5400,9192.6900,9928.3000,9064.1900,6308.5900
2021-01-19,19026.3800,18175.2800,7724.7500,9369.0000,10142.0300,9227.2200,6473.6400
2021-01-20,19181.2500,18321.7300,7756.3600,9449.9300,10234.7200,9295.5300,6524.3500
2021-01-21,19098.1500,18227.9100,7723.1700,9380.4600,10128.3900,9241.3900,6425.5100
2021-01-22,18829.4300,17983.2800,7669.5600,9255.2900,10001.0000,9131.2500,6289.8500
2021-01-25,18658.8800,17815.2100,7592.3900,9163.8000,9894.4000,9042.5200,6220.3300
2021-01-27,18318.8300,17516.9300,7576.2100,9014.6600,9752.8000,8922.9500,6100.3000
2021-01-28,18138.7400,17359.8000,7545.3600,8943.1800,9693.7600,8856.6600,6089.7000
2021-01-29,17873.4900,17147.2700,7520.4700,8868.3400,9672.9000,8780.2500,6026.3700
2021-02-01,18677.6900,17857.0700,7671.6100,9198.9700,9960.8500,9085.9200,6291.2400
2021-02-02,19144.4500,18286.8700,7767.8200,9420.0900,10191.0500,9280.7400,6516.3100
2021-02-03,19318.0300,18470.1500,7877.8300,9528.1600,10332.2400,9387.7300,6645.0100
2021-02-04,19478.1500,18640.5900,7986.7500,9629.0100,10465.0400,9489.3200,6778.5200
2021-02-05,19493.5100,18631.6100,8005.8700,9588.6900,10370.1400,9477.1900,6733.7200
2021-02-08,19739.2800,18876.9400,8127.9500,9722.3700,10528.5100,9609.4800,6872.3700
2021-02-09,19732.1800,18867.8700,8093.4600,9723.4500,10534.5200,9598.7500,6843.0400
2021-02-10,19739.1000,18896.0000,8126.7700,9759.5900,10609.0100,9627.4100,6861.7100
2021-02-11,19838.4600,18993.3800,8242.1200,9793.6200,10629.3100,9690.6700,6886.4700
2021-02-12,19833.3900,18984.9500,8230.5700,9787.0300,10617.8900,9683.3600,6825.4700
2021-02-15,20035.6500,19174.5300,8254.0800,9895.2100,10744.4800,9768.4000,6864.0900
2021-02-16,20044.5100,19197.7300,8273.1000,9923.8200,10801.1600,9789.1400,6975.2200
2021-02-17,19935.7600,19127.0500,8308.1200,9912.5200,10834.3100,9780.5800,7037.0300
2021-02-18,19845.9500,19079.0100,8380.2100,9911.5500,10879.8300,9790.3300,7218.0200
2021-02-19,19654.8300,18886.3400,8310.7600,9796.9600,10733.6500,9689.8800,7102.1200
2021-02-22,19275.8500,18551.8500,8229.6700,9643.8600,10604.1600,9544.0800,7045.4300
2021-02-23,19330.2500,18629.7800,8303.0400,9705.3700,10708.1400,9603.0700,7206.8200
2021-02-24,19656.6200,18920.7200,8409.3500,9833.5800,10811.8300,9737.5400,7296.2800
2021-02-25,19805.2300,19091.9300,8546.1600,9941.5100,10965.7600,9849.4200,7558.6800
2021-02-26,19100.2500,18504.8600,8454.6800,9706.4000,10831.6200,9620.5100,7347.8100
2021-03-01,19389.3500,18788.7900,8607.6600,9853.5700,10996.3800,9773.7900,7481.3300
2021-03-02,19613.3200,19018.3500,8712.3900,9988.5900,11169.3900,9898.8000,7575.6300
2021-03-03,20027.2400,19391.1500,8793.7100,10172.7500,11347.2100,10064.3100,7739.2100
2021-03-04,19843.9500,19275.7600,8879.3500,10153.5700,11403.1300,10057.8200,7696.8600
2021-03-05,19642.9200,19048.3300,8744.4100,10002.1500,11182.4200,9918.4800,7524.6100
2021-03-08,19661.9100,19080.7200,8798.5300,10025.3300,11223.7700,9947.7600,7619.6200
2021-03-09,19804.0500,19169.2900,8724.2500,10042.9800,11182.1700,9953.4600,7497.5400
2021-03-10,19907.3500,19282.3900,8816.9400,10107.0600,11266.6300,10024.5500,7549.4500
2021-03-12,19718.9400,19134.3400,8847.4600,10045.4900,11236.0500,9978.9500,7555.9600
2021-03-15,19592.3400,19009.2400,8782.3000,9978.9400,11159.3100,9911.5000,7560.4100
2021-03-16,19582.5300,19013.0900,8805.5400,9991.5500,11192.9200,9923.2100,7550.9300
2021-03-17,19316.1800,18720.1400,8609.2400,9812.7900,10944.9100,9745.3300,7297.1900
2021-03-18,19099.7300,18500.4400,8487.6800,9691.1500,10796.0300,9623.1700,7219.2000
2021-03-19,19340.5700,18713.4000,8525.0900,9793.0600,10887.2200,9714.8400,7312.1000
2021-03-22,19358.0400,18751.4700,8546.8100,9837.7600,10977.1900,9745.4200,7314.9900
2021-03-23,19480.4200,18872.9600,8605.9000,9903.8400,11055.1700,9810.4000,7323.3800
2021-03-24,19139.0000,18538.4000,8442.3800,9727.5000,10854.9500,9633.4000,7100.5000
2021-03-25,18828.0200,18229.3300,8281.0700,9561.2600,10660.0600,9465.9300,6979.3800
2021-03-26,19066.3900,18465.8500,8377.5600,9694.7600,10822.9000,9589.6000,7102.1200
2021-03-30,19461.6100,18830.0300,8484.9200,9879.0500,11010.0500,9761.2600,7185.1800
2021-03-31,19294.0600,18717.2400,8529.7600,9855.6400,11052.8700,9741.4100,7228.4400
2021-04-01,19535.9200,18968.5500,8697.4000,9994.6600,11225.9900,9888.5700,7426.9000
2021-04-05,19252.9400,18694.7600,8559.5600,9854.2600,11073.1200,9744.1600,7309.5300
2021-04-06,19331.8500,18785.2300,8651.9100,9905.9300,11143.7100,9806.0800,7372.8800
2021-04-07,19511.2800,18972.6000,8772.2400,10012.0400,11278.7700,9915.5200,7449.2300
2021-04-08,19594.2600,19065.8200,8865.7300,10063.4900,11346.5200,9978.2000,7525.2100
2021-04-09,19552.5500,19044.2200,8913.3500,10060.4900,11363.5200,9985.1100,7481.5100
2021-04-12,18830.4900,18279.0500,8432.6900,9613.4000,10775.1900,9535.5400,6976.0500
2021-04-13,19077.2000,18526.2400,8574.1700,9744.9900,10928.9100,9672.2800,7197.5600
2021-04-15,19181.2700,18603.6800,8547.0500,9773.0700,10932.5600,9691.4900,7208.2900
2021-04-16,19251.5500,18695.5800,8619.9500,9841.5100,11045.4800,9755.1600,7261.7600
2021-04-19,18912.3000,18359.4800,8447.1200,9661.3000,10835.6200,9573.9300,7064.2100
2021-04-20,18852.3100,18327.4700,8511.2400,9656.7000,10859.6700,9582.0800,7052.8300
2021-04-22,18979.8200,18444.7300,8573.9000,9709.1700,10904.3200,9641.8500,7099.0400
2021-04-23,18910.3600,18404.4700,8609.1000,9707.4000,10940.1300,9642.0500,7101.8200
2021-04-26,19086.2300,18573.6700,8703.0100,9790.9000,11026.6600,9732.2300,7174.2300
2021-04-27,19297.1500,18795.1700,8851.5700,9915.9000,11186.2200,9862.9100,7307.0900
2021-04-28,19553.7800,19031.4400,8921.8700,10034.3400,11304.8500,9974.0400,7350.4300
2021-04-29,19592.1300,19058.1600,8949.4000,10032.6200,11279.0300,9985.7500,7405.4800
2021-04-30,19280.1100,18802.0300,8922.5000,9931.2000,11230.3000,9887.9300,7477.1700
2021-05-03,19306.9800,18848.9700,9037.4700,9958.4600,11276.0500,9936.9400,7535.9500
2021-05-04,19140.7900,18704.8500,8979.5900,9900.6400,11241.5800,9870.8200,7532.6300
2021-05-05,19322.6200,18876.0300,9038.5600,9989.3500,11336.3700,9954.5600,7607.4900
2021-05-06,19459.9700,19011.1700,9107.6100,10060.2100,11416.6100,10026.7200,7682.2500
2021-05-07,19581.2900,19104.2400,9171.6500,10074.5300,11379.2400,10067.3800,7843.5600
2021-05-10,19744.2400,19266.6700,9311.3200,10148.3900,11451.2900,10163.8400,8090.3900
2021-05-11,19646.5000,19225.1000,9388.4900,10164.3600,11544.8500,10180.6100,8225.9100
2021-05-12,19475.2100,19066.5400,9323.5300,10087.6300,11471.2000,10102.5000,8161.4800
2021-05-14,19414.2100,18966.4900,9232.3600,9998.3600,11304.3700,10025.0700,7932.2700
2021-05-17,19728.3100,19270.5300,9351.6500,10162.0800,11491.7000,10179.9900,8056.8400
2021-05-18,19977.0800,19524.6500,9468.7900,10310.2100,11681.9900,10318.1300,8163.4500
2021-05-19,19908.7300,19478.9000,9523.4700,10292.6300,11682.1900,10315.4900,8134.0200
2021-05-20,19767.8400,19368.5400,9541.9400,10249.1600,11666.1900,10280.6700,8015.4700
2021-05-21,20086.0100,19644.3700,9614.1400,10369.0800,11751.7000,10401.2900,8090.7700
2021-05-24,20133.8000,19712.2300,9688.2900,10419.2900,11837.6400,10452.9100,8169.4000
2021-05-25,20139.6800,19717.2900,9703.8700,10417.9000,11831.0600,10457.3000,8195.1300
2021-05-26,20239.7400,19807.3500,9768.8300,10452.0400,11849.8200,10504.9700,8149.9300
2021-05-27,20294.4900,19874.3200,9834.1600,10494.2600,11913.5500,10551.2100,8174.3900
2021-05-28,20406.6500,19952.2900,9784.1700,10520.3500,11906.9500,10564.8100,8230.2200
2021-05-31,20625.4500,20138.1000,9824.5200,10598.2900,11955.5600,10643.1700,8304.7000
2021-06-01,20613.3100,20113.7900,9758.8900,10585.1300,11932.8300,10617.1100,8264.1100
2021-06-02,20669.1600,20210.9900,9878.3100,10667.6900,12087.2800,10698.0800,8368.2200
2021-06-03,20830.4400,20376.1400,9991.1300,10755.7800,12192.5900,10793.6000,8440.3100
2021-06-04,20821.5500,20396.6700,10042.9200,10789.7900,12274.8600,10823.5700,8577.0500
2021-06-07,20916.5700,20527.2700,10189.9000,10881.6100,12427.3800,10921.6900,8667.4000
2021-06-08,20914.7600,20553.0200,10241.8900,10916.2700,12506.9600,10953.0800,8661.8800
2021-06-09,20767.8800,20400.5500,10115.9900,10838.3600,12416.3100,10860.9400,8637.4100
2021-06-10,20935.8300,20596.6400,10279.3100,10962.3200,12599.0200,10988.9600,8734.3700
2021-06-11,21017.7200,20672.3300,10316.4500,10997.2900,12630.3600,11027.1100,8784.7800
2021-06-14,21021.8100,20660.9700,10267.2700,10983.3000,12596.2900,11007.5200,8780.2700
2021-06-15,21096.2900,20742.7500,10318.3800,11034.3600,12668.4400,11056.5400,8790.3500
2021-06-16,20951.2300,20595.0500,10255.5200,10947.7100,12556.9100,10977.2200,8714.5900
2021-06-17,20839.9100,20470.4000,10192.2600,10864.4100,12433.2700,10903.8900,8587.4800
2021-06-18,20812.9100,20411.6600,10119.0200,10807.8000,12320.8000,10852.0500,8441.7500
2021-06-21,20912.1200,20518.0700,10197.7300,10868.2600,12399.7900,10916.5000,8523.7100
2021-06-22,20958.8000,20571.4400,10288.6200,10889.3500,12420.3100,10957.7100,8552.7300
2021-06-23,20836.1400,20468.1000,10253.0500,10850.7500,12404.5400,10912.7600,8491.2800
2021-06-24,20939.5800,20537.5800,10231.6100,10864.5400,12375.3200,10927.2600,8439.0900
2021-06-25,21038.5300,20646.1000,10269.2500,10939.0800,12486.3600,10987.6700,8546.3200
2021-06-28,20996.7000,20636.4500,10322.5800,10955.7000,12548.4700,11005.0300,8619.9500
2021-06-29,20922.0800,20564.6200,10312.4800,10912.9900,12495.3200,10971.2000,8541.5700
2021-06-30,20879.7000,20552.2000,10379.1400,10922.1900,12541.4400,10988.0400,8544.1600
2021-07-01,20839.8100,20524.0900,10440.3800,10901.5500,12518.0100,10988.8800,8541.1700
2021-07-02,20877.7600,20585.6400,10536.9500,10945.7800,12596.4500,11041.8800,8550.4800
2021-07-05,21023.0900,20726.4300,10655.5000,11006.8600,12649.6300,11123.2200,8645.9700
2021-07-06,21008.3700,20709.5900,10599.5700,11007.9600,12660.8800,11106.6200,8541.2700
2021-07-07,21090.1800,20796.3300,10669.9300,11055.2100,12720.1900,11159.7600,8592.5100
2021-07-08,20919.0000,20651.5700,10666.3500,10988.8300,12670.2400,11103.0100,8506.7200
2021-07-09,20881.1000,20645.0300,10724.8400,11004.7600,12729.0900,11121.7700,8563.1600
2021-07-12,20886.0200,20677.4100,10840.9600,11028.8700,12781.5600,11164.9300,8592.8800
2021-07-13,21016.4100,20799.3500,10932.6900,11078.9600,12818.2200,11231.5400,8668.7500
2021-07-14,21064.8800,20849.7000,10951.9400,11110.2600,12861.0000,11258.7700,8648.7500
2021-07-15,21158.8900,20944.0400,11028.8100,11155.5500,12908.5400,11314.1400,8626.5100
2021-07-16,21174.3900,20977.8800,11125.6000,11175.1900,12944.3600,11351.4100,8671.3300
2021-07-19,20958.5900,20791.9400,11125.0400,11083.5800,12864.0100,11275.9600,8627.0700
2021-07-20,20800.6100,20602.8000,10944.0000,10966.7100,12689.9100,11149.0300,8500.2400
2021-07-22,21074.7500,20871.0800,11119.2300,11098.9700,12828.7200,11297.5600,8622.8000
2021-07-23,21112.2100,20900.6300,11095.3800,11116.1800,12845.7100,11305.0900,8591.7400
2021-07-26,21079.6100,20882.5300,11136.2100,11110.0700,12851.4600,11308.1500,8591.4600
2021-07-27,20973.1500,20785.7700,11128.3800,11057.3700,12794.4500,11265.2700,8558.5400
2021-07-28,20943.5100,20742.9200,11072.2000,11027.9100,12744.3300,11231.9100,8533.3200
2021-07-29,21028.0900,20845.1700,11173.1500,11090.9500,12838.6400,11301.2000,8696.1200
2021-07-30,21021.5800,20876.6000,11227.3800,11139.7600,12955.5600,11339.0700,8700.8200
2021-08-02,21189.1000,21060.1900,11319.8600,11257.8900,13126.7900,11445.0900,8803.4100
2021-08-03,21494.4800,21297.9600,11292.0100,11349.9900,13153.5800,11525.4700,8819.6600
2021-08-04,21618.6000,21344.4200,11166.2600,11327.6700,13026.1800,11498.2700,8741.3000
2021-08-05,21655.1600,21365.7300,11109.8000,11338.9700,13030.0400,11494.3300,8733.4500
2021-08-06,21597.6800,21324.8500,11125.8700,11325.4200,13033.7600,11483.9900,8782.4200
2021-08-09,21608.0500,21296.2100,11010.9000,11291.2400,12948.8800,11438.4000,8665.4700
2021-08-10,21621.6700,21232.0200,10726.0100,11231.9800,12804.4300,11336.6800,8491.1300
2021-08-11,21617.1900,21208.2000,10668.4700,11208.8000,12753.7800,11309.4700,8590.5500
2021-08-12,21723.0300,21355.8300,10912.1400,11294.0100,12886.0100,11429.7400,8668.8000
2021-08-13,21915.5400,21498.9600,10904.7000,11338.1900,12871.6000,11475.7600,8670.0300
2021-08-16,21957.2800,21507.3300,10810.7300,11329.8100,12827.9200,11452.0200,8697.2700
2021-08-17,22033.7000,21573.2200,10781.2000,11369.9700,12874.2200,11474.3500,8578.4000
2021-08-18,21999.4100,21547.1400,10739.3500,11371.8900,12898.8200,11459.6900,8541.1000
2021-08-20,21820.2000,21315.5500,10485.6100,11219.8800,12658.6200,11292.2600,8242.2000
2021-08-23,21862.0000,21296.0000,10279.2800,11188.7800,12563.1800,11227.3100,8137.8600
2021-08-24,22038.5400,21499.0000,10491.6500,11302.7800,12718.4600,11364.2600,8307.5500
2021-08-25,22067.5400,21545.4800,10572.3600,11333.2800,12770.7300,11404.9400,8363.3600
2021-08-26,22082.6500,21566.3800,10598.6300,11347.3000,12793.7400,11420.9700,8303.8400
2021-08-27,22199.7300,21697.3400,10681.9700,11431.0500,12915.2500,11500.5000,8382.9600
2021-08-30,22505.7400,22011.3200,10830.6800,11614.7600,13152.2100,11672.6300,8551.0600
2021-08-31,22779.6400,22253.6100,10905.3600,11724.9100,13241.9400,11783.4200,8637.9000
2021-09-01,22740.5900,22246.7600,10927.8200,11750.3900,13321.9800,11797.3500,8625.0800
2021-09-02,22953.9700,22452.0000,11033.0500,11853.7600,13431.4600,11905.3000,8649.0000
2021-09-03,23075.7500,22566.6500,11092.9300,11908.4800,13484.3000,11964.6800,8752.3600
2021-09-06,23132.8300,22637.8900,11182.1600,11950.7700,13546.5700,12017.3700,8745.3100
2021-09-07,23103.6200,22604.9200,11155.3800,11931.0200,13518.9800,11996.4100,8685.1400
2021-09-08,23121.8500,22641.4300,11226.5400,11958.8600,13571.1700,12031.9500,8767.8000
2021-09-09,23156.8600,22691.6600,11314.3400,11988.0300,13616.6400,12074.8900,8830.8400
2021-09-13,23151.1900,22716.9900,11399.6600,12018.8800,13689.8700,12112.6200,8914.4700
2021-09-14,23190.3900,22797.3300,11459.1600,12103.8700,13859.5100,12176.4900,8969.3000
2021-09-15,23362.2700,22975.2000,11537.5700,12208.0900,13995.1400,12272.8300,9115.7800
2021-09-16,23514.2200,23106.0800,11538.4200,12273.2300,14053.8700,12325.3600,9168.3400
2021-09-17,23434.8300,22987.7600,11457.5900,12171.7300,13870.2800,12241.9800,9018.2000
2021-09-20,23158.7600,22681.8400,11236.9600,11986.0500,13611.0600,12053.5300,8706.3100
2021-09-21,23373.7100,22865.1000,11242.9300,12072.1400,13680.3800,12126.3800,8789.4800
2021-09-22,23373.3600,22932.9300,11386.2200,12158.3100,13875.8700,12208.2900,8924.3100
2021-09-23,23725.0400,23261.8400,11485.0300,12328.3700,14055.4600,12366.3000,9079.0500
2021-09-24,23730.8400,23241.2700,11477.7200,12287.6300,13959.7400,12344.4900,9001.7500
2021-09-27,23724.7300,23236.8000,11496.3300,12280.1200,13946.3200,12345.2800,9107.2300
2021-09-28,23578.4800,23094.7500,11442.2100,12202.4200,13855.7900,12272.6900,9262.7900
2021-09-29,23516.6600,23081.5100,11472.9700,12238.5700,13973.8800,12291.4000,9500.1700
2021-09-30,23410.4800,23029.0800,11550.9800,12241.8700,14044.0400,12300.5300,9508.8100
2021-10-01,23323.2200,22969.8600,11584.4000,12225.1600,14057.5000,12289.7100,9529.6100
2021-10-04,23556.9800,23225.6300,11749.9300,12380.8300,14273.8000,12442.8200,9690.1900
2021-10-05,23722.3100,23377.0800,11814.5400,12451.9100,14337.9800,12517.3500,9829.5600
2021-10-06,23490.1600,23154.3400,11713.3400,12338.4100,14216.7000,12402.7000,9719.5100
2021-10-07,23689.8000,23392.4500,11851.1100,12505.0200,14478.0500,12549.7900,9769.3700
2021-10-08,23799.6100,23507.2100,11946.2500,12564.9300,14549.5700,12619.6600,9779.6300
2021-10-11,23874.6300,23603.3000,12074.9900,12620.0300,14630.6900,12691.9800,9962.4600
2021-10-12,23953.2700,23685.8000,12151.4900,12661.6300,14678.9500,12743.5900,10016.9400
2021-10-13,24181.9900,23914.4700,12185.0400,12800.5800,14860.2100,12853.3500,10302.3400
2021-10-14,24416.3300,24126.8700,12249.9300,12901.9900,14952.6700,12952.4800,10381.5900
2021-10-18,24579.7400,24305.7200,12351.7200,13010.8600,15104.0200,13056.4600,10637.1800
2021-10-19,24463.2700,24109.3900,12123.8500,12850.8500,14808.6200,12898.8600,10326.6600
2021-10-20,24229.1900,23820.0000,11875.6000,12657.5500,14506.8700,12704.2700,10143.0000
2021-10-21,24109.1800,23698.3800,11793.6300,12590.0000,14423.9800,12633.4500,10171.6800
2021-10-22,23992.4600,23563.8000,11665.3200,12511.7100,14314.7000,12544.3200,10025.9500
2021-10-25,23975.9000,23463.9400,11452.0500,12406.2300,14084.4500,12431.5800,9956.4000
2021-10-26,24195.4800,23731.7300,11730.5300,12567.7900,14322.5200,12616.9100,10154.5500
2021-10-27,24149.5600,23708.6800,11792.1000,12563.1400,14339.0300,12625.0500,10094.1100
2021-10-28,23674.7100,23259.7200,11607.7100,12336.0100,14102.3100,12399.3800,9742.3400
2021-10-29,23481.5300,23100.9700,11569.8700,12277.0400,14082.2600,12334.3100,9724.3000
2021-11-01,23815.4500,23431.9600,11690.8700,12466.1300,14315.5500,12505.3500,9929.2700
2021-11-02,23773.7900,23452.8900,11833.9500,12512.4700,14445.8300,12561.9700,9920.0100
2021-11-03,23729.1000,23404.3100,11795.3700,12485.0800,14409.8700,12532.0000,9926.5000
2021-11-04,23846.2100,23548.4800,11952.9300,12572.5200,14539.8400,12633.6700,10000.0000
2021-11-08,24062.6600,23768.4700,12047.5200,12700.8600,14704.2000,12751.7600,10199.4500
2021-11-09,24049.1600,23803.6700,12097.0400,12762.9300,14853.6400,12795.0300,10241.3400
2021-11-10,24026.4500,23772.0200,12091.7600,12732.7600,14798.3500,12775.5900,10154.3800
2021-11-11,23854.1300,23608.3500,12030.8700,12647.2400,14705.4200,12693.8200,10073.6100
2021-11-12,24159.8800,23865.6300,12071.7200,12757.6300,14776.1000,12799.9200,10109.0000
2021-11-15,24175.8000,23886.5400,12044.1600,12784.2300,14827.2800,12807.8500,10022.2100
2021-11-16,24044.1700,23783.6000,12078.8700,12736.6800,14796.7800,12776.4500,9947.9500
2021-11-17,23925.9000,23677.2400,12070.1500,12680.0300,14737.6700,12730.3400,9932.4600
2021-11-18,23726.4000,23443.7600,11877.8000,12533.0800,14520.8600,12578.8000,9751.3300
2021-11-22,23270.6200,22948.8100,11560.2000,12237.4800,14116.9300,12285.1600,9481.8800
2021-11-23,23421.6800,23150.3100,11782.0200,12372.2700,14334.6800,12432.5100,9666.7100
2021-11-24,23302.7500,23057.7700,11841.0100,12325.2900,14298.0300,12409.2100,9707.4400
2021-11-25,23471.8000,23217.3700,11942.4900,12398.2300,14364.1800,12494.9900,9705.9700
2021-11-26,22786.9500,22537.9200,11597.2500,12033.8800,13939.1600,12129.6400,9290.4500
2021-11-29,22785.1900,22460.1000,11305.2200,11968.8400,13791.9700,12018.2800,9172.4200
2021-11-30,22694.6700,22447.7400,11530.2700,11991.5700,13897.1100,12078.4400,9159.6300
2021-12-01,22923.5500,22656.7100,11564.5500,12101.0000,14011.1000,12172.5400,9309.3900
2021-12-02,23226.5000,22946.7100,11690.4000,12251.5700,14174.9500,12321.3100,9464.0100
2021-12-03,22988.3000,22766.4600,11756.4100,12178.3300,14148.8300,12271.2200,9457.0400
2021-12-06,22599.0300,22401.8100,11610.0200,11997.2900,13966.5500,12090.0400,9327.0200
2021-12-07,22950.4800,22733.0400,11753.4900,12161.9600,14133.8900,12257.2000,9502.6500
2021-12-08,23327.5500,23098.9100,11928.7900,12352.7000,14345.4700,12449.2200,9633.6000
2021-12-09,23387.9200,23180.6500,12038.0500,12404.4000,14427.4800,12512.4400,9659.8800
2021-12-10,23394.1700,23224.1500,12147.4300,12448.0300,14523.0700,12564.5500,9698.3500
2021-12-13,23213.1600,23085.1300,12149.9100,12399.0600,14518.4500,12517.2600,9641.0100
2021-12-14,23177.4800,23052.9500,12186.7200,12372.7500,14479.6300,12509.2500,9646.8900
2021-12-15,23031.1800,22914.8000,12144.5400,12300.2600,14400.9800,12442.2500,9552.2700
2021-12-16,23048.1900,22889.2700,12026.2800,12265.7100,14312.3300,12395.2100,9498.7000
2021-12-17,22671.3400,22489.2900,11752.0100,12041.1300,14023.6300,12159.1000,9246.6900
2021-12-20,22155.0200,21918.4800,11343.6900,11698.2400,13548.0100,11809.7200,8866.7800
2021-12-21,22393.6800,22164.7700,11485.1400,11837.1600,13723.3300,11948.6700,8999.3200
2021-12-22,22656.2900,22442.9300,11675.2200,11994.5400,13926.5000,12113.0500,9145.4700
2021-12-23,22824.4300,22614.1700,11767.5400,12090.0700,14044.6800,12207.8200,9251.6100
2021-12-24,22710.0300,22481.3300,11691.2700,12000.3300,13908.0000,12127.1400,9109.3800
2021-12-27,22812.7400,22577.6000,11735.9300,12046.9900,13953.5800,12175.9700,9113.7400
2021-12-28,23009.9100,22792.6600,11910.3500,12167.4700,14111.3600,12309.2800,9261.5900
2021-12-29,22979.7100,22785.8500,11995.0300,12168.4500,14131.4100,12328.5300,9215.3900
2021-12-30,22942.8500,22754.5800,12012.6500,12149.6300,14110.3100,12318.9800,9180.5000
2021-12-31,23165.7300,22990.8800,12152.6500,12287.5000,14293.4200,12454.9000,9296.1300
2022-01-03,23501.2500,23310.3800,12308.7100,12445.5500,14454.2700,12620.3400,9479.9800
2022-01-04,23707.6300,23485.3700,12373.0700,12515.4000,14489.7400,12699.6200,9537.0300
2022-01-05,23860.8900,23604.4600,12380.2800,12557.5100,14493.4100,12743.2000,9642.4500
2022-01-06,23648.0300,23441.5100,12393.7500,12497.8500,14485.5600,12688.1100,9657.9600
2022-01-07,23737.9000,23531.1300,12445.1900,12544.7100,14539.1300,12737.2400,9754.8500
2022-01-10,23968.1900,23756.4500,12620.1800,12647.4500,14636.2200,12865.4400,9881.2000
2022-01-11,24028.6900,23810.1100,12633.1800,12673.5600,14659.6600,12889.9700,9806.1900
2022-01-12,24232.6600,24020.6900,12711.6900,12802.6300,14833.9500,13002.8200,9906.6100
2022-01-13,24301.2800,24102.2000,12786.0900,12852.7200,14908.0600,13056.6400,10034.5100
2022-01-14,24305.5300,24116.5200,12874.2600,12851.8200,14903.3400,13079.5800,10033.1900
2022-01-17,24381.3400,24194.8400,12934.8300,12891.6400,14949.2000,13125.6700,10096.9300
2022-01-18,24103.2300,23875.7000,12670.4400,12698.2800,14671.3000,12922.2400,9918.9500
2022-01-19,23905.2600,23722.8900,12699.3300,12636.2900,14648.9000,12872.0400,9991.4000
2022-01-20,23699.7400,23554.4400,12684.8000,12566.2500,14612.4900,12805.4000,9994.9900
2022-01-21,23483.2100,23278.2500,12447.1900,12375.7700,14303.5000,12618.5300,9769.9100
2022-01-24,22822.0600,22560.1700,11877.2500,11973.2000,13775.2600,12178.7500,9498.7200
2022-01-25,23000.5600,22744.4800,12003.2300,12071.8100,13894.5100,12285.2300,9673.4900
2022-01-27,22754.8400,22510.8200,11947.7800,11939.9000,13739.2500,12171.6500,9710.1300
2022-01-28,22771.1200,22577.5700,12010.9800,12022.8100,13921.5300,12232.1100,9787.3500
2022-01-31,23077.1300,22881.5800,12126.8400,12195.1900,14133.6600,12390.4000,9917.7100
2022-02-01,23404.4400,23180.4400,12219.1600,12344.5100,14279.3100,12533.2400,9982.7100
2022-02-02,23671.0200,23452.4900,12422.7700,12484.8100,14441.2400,12692.2500,10095.4400
2022-02-03,23407.6400,23215.3400,12423.5900,12354.5900,14300.7200,12591.2100,10033.1000
2022-02-04,23356.6800,23138.7400,12351.9500,12293.9900,14191.4500,12535.1000,10008.1700
2022-02-07,22991.4200,22809.5000,12217.5500,12143.5400,14066.4300,12375.5100,10029.1800
2022-02-08,23033.9700,22788.9200,12032.8500,12107.0700,13955.8200,12314.9900,10020.5800
2022-02-09,23299.1100,23037.2400,12073.8800,12245.0800,14113.3300,12430.9500,10131.7100
2022-02-10,23478.3400,23186.3900,12093.7000,12307.6400,14148.5300,12491.8100,10216.9000
2022-02-11,23167.3800,22847.5700,11865.5000,12106.4300,13872.5900,12289.3800,10144.8000
2022-02-14,22461.1500,22103.7200,11360.3600,11690.9900,13342.1400,11853.9600,9748.1200
2022-02-15,23119.2100,22726.8200,11586.1400,12014.9900,13690.1000,12164.5600,9932.7500
2022-02-16,23084.7600,22706.7000,11674.3900,11996.2300,13667.7400,12173.1800,9959.3400
2022-02-17,23078.2700,22682.4800,11589.9600,11980.9900,13636.3900,12142.8500,9921.9600
2022-02-18,23010.4800,22588.3700,11495.0100,11912.9100,13520.0900,12074.8000,9875.6300
2022-02-21,22893.4300,22419.7500,11199.1400,11816.2600,13367.7300,11933.7300,9728.1100
2022-02-22,22758.2600,22254.9700,10982.5300,11728.0300,13245.9900,11814.6900,9641.5200
2022-02-23,22754.2400,22282.6400,11113.8300,11748.6100,13296.1800,11858.5400,9646.7800
2022-02-24,21640.5700,21159.6900,10461.8000,11144.8800,12578.8300,11235.3800,9091.0200
2022-02-25,22225.8500,21793.4900,10907.5400,11512.2800,13072.0400,11615.0100,9429.3800
2022-02-28,22415.8300,21978.6500,10997.1900,11610.4500,13183.2200,11713.0800,9685.2400
2022-03-02,22203.9400,21812.5000,11026.1700,11540.9800,13152.0100,11657.1100,9799.1600
2022-03-03,22079.9700,21714.4700,11068.5200,11493.1700,13117.1900,11627.2700,9933.2500
2022-03-04,21712.7900,21341.5000,10893.7700,11280.3100,12848.6300,11425.1500,9767.9200
2022-03-07,21191.2700,20836.2300,10640.4600,11020.7300,12566.3700,11158.4800,9819.6600
2022-03-08,21408.2000,21055.1700,10786.3100,11135.6600,12699.8900,11283.1000,9823.5700
2022-03-09,21834.0600,21477.6800,11012.5200,11359.4200,12957.7600,11511.9800,9838.0600
2022-03-10,22181.8100,21799.4900,11168.6400,11509.3100,13092.1700,11674.7700,9926.3800
2022-03-11,22237.4200,21873.9900,11268.2900,11555.3700,13164.8700,11731.2900,10037.4800
2022-03-14,22499.4600,22085.1900,11315.3500,11632.6200,13183.3600,11817.3500,9988.1300
2022-03-15,22231.7900,21841.2800,11221.8000,11516.1700,13077.4200,11698.6500,9743.9700
2022-03-16,22659.5400,22250.1400,11347.2300,11739.3000,13332.6500,11901.1500,9940.7700
2022-03-17,23064.5900,22618.8300,11481.3700,11916.5100,13495.2800,12079.3800,10032.2800
2022-03-21,22827.4600,22437.2800,11511.7400,11846.5800,13478.4800,12020.2200,10015.4500
2022-03-22,23058.8100,22624.2300,11547.5600,11915.5200,13496.5100,12095.3700,10102.4600
2022-03-23,22988.7500,22579.8700,11530.3700,11917.2900,13543.5900,12082.4200,10150.4500
2022-03-24,22967.5300,22586.9400,11570.7900,11942.7800,13615.7200,12102.8400,10213.3800
2022-03-25,22889.2100,22513.8700,11525.4900,11910.2000,13588.1900,12064.1900,10147.3400
2022-03-28,22958.2000,22551.6700,11457.8800,11918.9800,13566.2400,12060.2600,10205.1700
2022-03-29,23092.1000,22684.1400,11527.2100,11989.9600,13648.7600,12131.9000,10147.9600
2022-03-30,23305.2700,22892.8100,11631.7600,12099.7000,13772.5800,12242.9600,10083.4200
2022-03-31,23273.6900,22889.1400,11687.4000,12112.9200,13821.4000,12260.1900,10098.4500
2022-04-01,23562.5500,23185.3900,11908.6200,12265.2000,13997.3600,12433.5300,10349.9200
2022-04-04,24060.1300,23642.6100,12090.2200,12485.6000,14204.9600,12658.1300,10495.6700
2022-04-05,23981.6500,23653.7800,12205.5700,12557.3200,14414.9000,12714.8300,10573.7000
2022-04-06,23823.4700,23557.6000,12257.4800,12544.3500,14479.0200,12701.3600,10712.5500
2022-04-07,23620.1000,23362.9300,12204.7200,12435.5500,14351.4900,12605.6800,10605.2500
2022-04-08,23842.1700,23579.9500,12298.6400,12552.5800,14486.6600,12718.8800,10761.4400
2022-04-11,23767.2300,23553.9500,12337.9800,12577.2400,14587.2600,12731.7900,10805.8100
2022-04-12,23563.1200,23306.8600,12163.0200,12409.6500,14326.2100,12574.6800,10568.2800
2022-04-13,23507.2600,23266.6500,12203.8800,12389.5400,14313.4700,12567.4700,10638.9400
2022-04-18,23152.4000,22940.0900,12096.0100,12225.6800,14150.1800,12409.2200,10646.0100
2022-04-19,22841.9500,22634.0100,11912.0800,12070.1800,13979.6600,12241.3100,10631.5200
2022-04-20,23061.0600,22824.1000,11914.6300,12166.1600,14068.6400,12320.0600,10651.6000
2022-04-21,23396.1200,23137.6700,12065.8000,12317.1200,14214.2200,12480.5000,10736.9700
2022-04-22,23120.4700,22893.2000,12035.4100,12193.7800,14096.3800,12373.1300,10602.6100
2022-04-25,22803.7400,22552.6300,11794.8700,11999.2900,13840.7200,12170.2400,10270.1700
2022-04-26,23169.4100,22899.0200,11915.8400,12182.0800,14040.7300,12342.9500,10396.8100
2022-04-27,22933.1600,22680.2600,11847.5100,12069.5900,13924.3100,12236.8400,10299.9400
2022-04-28,23224.0000,22926.7400,11878.7300,12181.1800,14006.3600,12340.4500,10390.3100
2022-04-29,23015.4300,22726.0100,11754.3500,12084.7400,13910.1000,12231.5800,10226.1400
2022-05-02,22965.6700,22653.6800,11636.0100,12040.7200,13839.2300,12172.2800,10241.4000
2022-05-04,22417.9700,22126.5300,11370.6400,11773.6900,13555.4700,11895.2000,10118.2800
2022-05-05,22435.2400,22130.3900,11300.3900,11779.5900,13558.6300,11882.1600,10125.7400
2022-05-06,22056.8300,21746.4500,11043.8100,11579.1000,13325.7900,11663.5800,10051.9400
2022-05-09,21861.9800,21509.7100,10832.7300,11428.1000,13096.1000,11506.3600,9945.2600
2022-05-10,21709.6700,21301.0500,10610.0200,11284.3400,12857.4100,11355.2900,9680.1300
2022-05-11,21621.9200,21171.7500,10327.4600,11223.1400,12769.6100,11239.1200,9572.2500
2022-05-12,21144.2300,20714.0300,10156.4600,10978.7100,12495.6100,11007.4300,9370.2300
2022-05-13,21094.8400,20723.6800,10260.8100,11019.4900,12619.0300,11049.0000,9268.7200
2022-05-16,21216.9100,20877.0400,10397.7800,11121.4500,12779.8100,11152.4900,9345.4300
2022-05-17,21770.4600,21423.0300,10697.3700,11406.8600,13102.3200,11448.4400,9709.0300
2022-05-18,21753.7400,21410.9800,10733.4000,11395.5400,13086.3700,11449.7400,9619.5100
2022-05-19,21175.1600,20845.9000,10493.6800,11089.1400,12730.7100,11155.3800,9449.3900
2022-05-20,21741.7100,21375.4300,10717.7700,11350.5100,12990.1500,11421.4000,9643.8500
2022-05-23,21653.3600,21284.6200,10644.6900,11304.9100,12938.5700,11367.5500,9431.3900
2022-05-24,21524.8000,21148.4000,10514.0600,11236.3600,12858.4800,11281.9900,9337.0600
2022-05-25,21372.7100,20912.9700,10198.3300,11069.1700,12565.8600,11094.8800,9244.1500
2022-05-26,21591.3900,21131.3500,10295.0300,11191.3700,12715.0100,11211.0400,9361.9500
2022-05-27,21822.5000,21363.3500,10401.0200,11321.5600,12874.9800,11335.3100,9293.3100
2022-05-30,22247.0700,21797.2500,10634.0800,11565.2900,13179.3400,11575.7800,9433.4000
2022-05-31,22183.7500,21765.8200,10742.5900,11551.1700,13185.0100,11590.1300,9529.4400
2022-06-01,22079.7900,21709.4900,10814.8900,11545.1200,13233.5400,11593.6100,9549.4600
2022-06-02,22219.7800,21841.1600,10870.6100,11611.9500,13302.8300,11660.2500,9623.1800
2022-06-03,22123.1400,21702.5800,10775.7400,11499.0500,13101.7800,11564.9100,9525.9700
2022-06-06,22096.2800,21666.1700,10707.4300,11481.1100,13076.7600,11533.8400,9513.0100
2022-06-07,21897.2000,21483.6000,10647.4300,11389.9300,12987.0600,11446.1600,9548.7100
2022-06-08,21819.7900,21408.5400,10629.0200,11346.3000,12933.4400,11409.2800,9559.0200
2022-06-09,21987.6400,21551.0000,10635.9500,11414.4200,12988.9400,11466.8200,9539.7400
2022-06-10,21639.7200,21250.3200,10542.7700,11284.1000,12898.8300,11331.3700,9470.2000
2022-06-13,21087.3700,20687.8000,10169.7500,10987.4400,12549.7800,11009.3300,9168.5100
2022-06-14,21047.3500,20644.2300,10128.1000,10964.3400,12520.8000,10981.2700,9105.1400
2022-06-15,21021.9900,20646.7700,10186.8500,10979.7100,12571.3300,11002.0300,9076.3100
2022-06-16,20583.0200,20197.0000,9874.6000,10743.2100,12292.2400,10741.4000,8771.0700
2022-06-17,20455.2100,20052.3300,9796.3200,10648.9400,12152.6200,10655.9100,8700.4600
2022-06-20,20504.8800,19985.8400,9492.4100,10557.9600,11913.9800,10533.2300,8443.4900
2022-06-21,20916.9900,20435.5000,9785.2300,10826.7800,12283.4100,10801.5100,8719.2600
2022-06-22,20602.4900,20136.4000,9682.9600,10666.9700,12105.5500,10652.8500,8570.8900
2022-06-23,20800.5100,20339.1500,9796.4700,10779.7300,12245.4000,10766.1000,8587.3700
2022-06-24,21003.8000,20561.0200,9966.2600,10906.6200,12414.4900,10902.4000,8664.1000
2022-06-27,21178.6300,20749.4000,10125.9600,11008.1700,12542.5500,11019.5400,8807.7500
2022-06-28,21203.2300,20779.9200,10118.0500,11036.1100,12591.9100,11034.7500,8907.4100
2022-06-29,21128.8800,20708.3300,10063.0800,11004.5200,12564.0500,10994.2900,8943.4200
2022-06-30,21104.9700,20667.2700,10030.8200,10967.3500,12493.5200,10963.7300,8881.4300
2022-07-01,21100.3700,20678.0800,10052.3700,10985.3600,12537.2900,10978.0100,8861.8300
2022-07-04,21226.9400,20802.7700,10102.2800,11055.2700,12621.6300,11042.9700,8884.8000
2022-07-05,21205.4900,20787.2600,10128.4400,11044.3700,12609.5000,11041.9100,8865.0000
2022-07-06,21463.4100,21048.9500,10182.4100,11210.4400,12835.2000,11173.2900,8864.5800
2022-07-07,21653.4100,21257.7900,10316.6600,11336.3600,13009.6300,11297.7800,9068.3100
2022-07-08,21766.8900,21355.4200,10340.6700,11378.2000,13037.7600,11340.2800,9077.5900
2022-07-11,21822.3000,21446.7900,10447.9500,11450.2800,13169.2000,11412.8500,9161.6500
2022-07-12,21634.6300,21281.0500,10409.6100,11371.7300,13101.3800,11338.6100,9079.5000
2022-07-13,21520.4800,21200.8700,10432.1600,11347.8600,13114.6100,11317.9300,9102.6700
2022-07-14,21496.4000,21171.1900,10363.6800,11338.5500,13107.6600,11291.5400,9079.3700
2022-07-15,21634.4500,21306.9400,10416.4600,11413.1200,13195.8200,11361.4300,9077.2300
2022-07-18,21940.7200,21606.9900,10568.4200,11571.3300,13375.0100,11521.7300,9249.1500
2022-07-19,22030.8200,21714.1500,10659.3600,11639.7300,13477.5100,11592.2500,9319.5700
2022-07-20,22242.5600,21888.9500,10724.4100,11703.1800,13496.6500,11669.1600,9362.2400
2022-07-21,22398.1800,22064.8300,10812.3000,11820.8700,13672.7300,11772.2100,9459.2500
2022-07-22,22516.2900,22165.1200,10842.4600,11862.3200,13697.2100,11816.5200,9474.6200
2022-07-25,22411.9800,22077.1300,10799.2500,11831.0600,13687.8100,11775.5000,9478.8300
2022-07-26,22201.6900,21864.1500,10689.4600,11712.2800,13541.6400,11658.7800,9438.2000
2022-07-27,22411.6600,22053.6800,10690.6200,11818.0200,13658.2700,11739.3100,9524.8800
2022-07-28,22784.8900,22374.3200,10772.2000,11959.3700,13759.3100,11880.6400,9600.6100
2022-07-29,23091.4900,22678.2900,10925.1300,12123.3800,13951.4600,12044.2100,9737.0000
2022-08-01,23356.7200,22960.5500,11106.2200,12284.9600,14162.6300,12209.1300,9871.7300
2022-08-02,23384.1800,23008.7100,11174.7700,12322.4100,14231.7000,12250.0400,9936.3000
2022-08-03,23423.0900,23012.6600,11130.5800,12300.0200,14157.6000,12231.7500,9851.9000
2022-08-04,23432.3400,23035.9700,11102.4800,12337.0800,14236.6200,12243.8700,9825.3600
2022-08-05,23435.7100,23048.3100,11092.2400,12357.5800,14281.3400,12251.7000,9865.2100
2022-08-08,23617.1700,23199.9700,11119.6400,12421.4800,14318.7500,12314.6600,9885.8000
2022-08-10,23621.0200,23191.7000,11090.1900,12409.8300,14289.6200,12301.3900,9893.3400
2022-08-11,23801.9000,23369.2900,11162.5600,12507.7100,14405.5900,12393.6100,9932.2600
2022-08-12,23859.6200,23440.3900,11188.5200,12563.4000,14498.8800,12435.9200,10070.4600
2022-08-16,24059.5100,23657.0000,11286.5700,12701.3300,14695.5600,12557.7600,10126.4800
2022-08-17,24230.0200,23809.9500,11340.8300,12772.8500,14757.1500,12630.3900,10213.9400
2022-08-18,24279.5500,23858.7700,11372.4800,12797.0500,14782.9000,12657.5900,10199.0600
2022-08-19,24026.9400,23602.4100,11251.5000,12651.0200,14599.4500,12518.6800,10064.4800
2022-08-22,23656.4400,23238.8600,11152.2800,12439.0700,14335.5200,12337.5500,9900.1200
2022-08-23,23770.7200,23376.5500,11265.8500,12528.3500,14471.9200,12428.0700,10043.3400
2022-08-24,23822.4700,23453.9900,11365.3200,12583.2600,14567.0400,12489.4100,10094.2200
2022-08-25,23730.0100,23392.7100,11404.8200,12564.8500,14580.5300,12479.1200,10155.3500
2022-08-26,23791.3300,23465.3300,11487.5800,12605.2200,14636.3800,12529.9400,10261.7100
2022-08-29,23489.0900,23194.5800,11419.3200,12473.4500,14515.7100,12406.1600,10146.0600
2022-08-30,24082.0100,23740.3700,11560.7400,12755.4600,14806.5600,12662.7300,10317.5100
2022-09-01,23831.8900,23564.7000,11596.1400,12707.2000,14846.5100,12615.7800,10232.8200
2022-09-02,23820.8800,23550.0700,11621.5500,12687.5600,14807.9800,12611.5100,10167.1800
2022-09-05,23961.3600,23693.7900,11738.1000,12759.5800,14888.8300,12697.5600,10264.4300
2022-09-06,23974.1600,23722.7100,11775.1500,12787.2000,14944.6600,12723.0900,10323.8700
2022-09-07,23943.2900,23732.8500,11872.2400,12813.7700,15024.4200,12758.8700,10363.3400
2022-09-08,24157.0500,23921.0000,11957.4700,12892.6100,15076.7400,12849.3300,10392.1800
2022-09-09,24195.9100,23962.6200,11935.4100,12929.2000,15137.4700,12866.4800,10387.1000
2022-09-12,24357.7200,24133.1300,12048.4100,13025.3700,15261.0300,12966.4300,10442.8200
2022-09-13,24535.7700,24276.4200,12061.9200,13081.6300,15282.9800,13021.3800,10474.8200
2022-09-14,24471.8300,24215.8200,12073.5400,13042.0200,15230.4500,12996.4500,10561.4900
2022-09-15,24353.9100,24139.9400,12072.0900,13035.7500,15287.2000,12977.5200,10570.9300
2022-09-16,23850.2500,23618.7500,11795.7600,12735.5700,14900.6700,12686.4500,10336.6500
2022-09-19,23966.1300,23696.7100,11712.4200,12768.8900,14907.3400,12695.1700,10284.6400
2022-09-20,24227.8800,23971.1200,11847.7300,12932.9900,15126.8700,12848.2100,10364.2800
2022-09-21,24054.7100,23802.2900,11774.9300,12842.0800,15022.2700,12760.3600,10253.0800
2022-09-22,23974.3600,23763.4400,11843.5600,12842.6800,15072.1800,12769.0500,10212.4100
2022-09-23,23559.5800,23333.2500,11609.7600,12595.1500,14753.0800,12527.5100,9982.2200
2022-09-26,23102.6300,22818.8700,11221.5100,12285.1300,14315.7000,12206.8800,9651.3100
2022-09-27,23091.4600,22821.3300,11281.2400,12286.5600,14325.7600,12222.5300,9687.6600
2022-09-28,22896.2500,22656.0000,11231.4900,12218.8500,14287.8500,12149.7500,9548.5300
2022-09-29,22827.3600,22627.9600,11295.2200,12227.4700,14349.2900,12162.5200,9625.4000
2022-09-30,23187.5200,22979.4500,11467.9900,12412.1400,14556.4300,12348.7900,9786.1800
2022-10-03,22858.1600,22683.7600,11424.6400,12259.6100,14405.1400,12217.6200,9703.0300
2022-10-04,23387.8700,23190.9500,11575.9000,12540.3700,14731.1400,12468.3400,9931.1500
2022-10-06,23485.6100,23326.0900,11702.9300,12640.8100,14904.7700,12565.7000,10069.2200
2022-10-07,23457.2100,23300.7700,11740.6200,12617.0200,14866.9100,12560.3200,10074.6400
2022-10-10,23339.7700,23168.9800,11676.2200,12528.4900,14733.3100,12483.1800,9997.7400
2022-10-11,22984.4100,22812.9800,11495.9400,12332.6600,14497.1400,12289.8900,9821.0100
2022-10-12,23167.2800,22980.4000,11546.1800,12416.3800,14578.8800,12369.3100,9951.1000
2022-10-13,23006.0400,22825.9800,11484.6000,12334.5200,14488.0500,12290.6600,9918.4000
2022-10-14,23179.4400,22957.3800,11489.1500,12376.3400,14477.9600,12335.5200,9916.9400
2022-10-17,23351.6700,23100.1500,11518.5100,12432.8900,14502.9400,12394.3700,9931.9600
2022-10-18,23591.9600,23333.1700,11611.2600,12559.0200,14647.9600,12514.0600,10051.7400
2022-10-19,23614.7700,23354.0100,11614.6800,12570.5500,14660.6800,12523.6600,10024.3200
2022-10-20,23712.1100,23421.4400,11628.4500,12579.4500,14621.0200,12544.6600,10144.7800
2022-10-21,23684.6200,23373.4300,11579.0100,12535.4000,14535.3500,12505.9600,10135.9100
2022-10-24,23874.1200,23555.8000,11687.3800,12620.8600,14617.0500,12603.3200,10203.8100
2022-10-25,23789.1400,23492.9500,11667.2500,12606.7600,14636.9100,12579.8900,10244.3100
2022-10-27,23940.2100,23638.8200,11713.6300,12686.1600,14728.3300,12652.3200,10397.7900
2022-10-28,23977.7900,23634.8300,11642.8400,12655.3100,14633.0900,12622.7800,10392.3100
2022-10-31,24281.0700,23919.7600,11687.8100,12818.0700,14824.4300,12755.8700,10436.4200
2022-11-01,24471.0600,24098.8400,11704.7800,12922.2600,14949.5300,12837.6700,10502.0400
2022-11-02,24390.1300,24037.0500,11706.8000,12899.6200,14946.9500,12816.5400,10527.6200
2022-11-03,24357.2100,24017.6700,11721.9700,12901.4500,14971.6100,12816.4700,10565.0600
2022-11-04,24442.6500,24089.4300,11776.0900,12920.7300,14963.5800,12852.0200,10655.6000
2022-11-07,24560.7000,24220.2800,11864.2900,12999.3700,15073.7100,12930.9900,10814.2900
2022-11-09,24505.2200,24148.2800,11818.2200,12944.5400,14980.2800,12883.7500,10781.1600
2022-11-10,24319.9800,23950.9400,11673.0900,12836.8100,14844.0000,12765.9300,10665.9800
2022-11-11,24727.6800,24275.3700,11712.5200,12954.2800,14864.9600,12888.9100,10761.3800
2022-11-14,24721.0900,24277.1200,11766.2400,12949.8700,14858.7900,12900.5500,10815.0400
2022-11-15,24810.2900,24345.0200,11773.7200,12970.7400,14852.1000,12924.6500,10851.0100
2022-11-16,24783.8100,24297.6500,11734.9600,12925.2700,14762.5500,12888.0100,10790.8300
2022-11-17,24673.2500,24195.5700,11721.3400,12869.6900,14701.5100,12841.8700,10788.3000
2022-11-18,24608.2900,24124.3000,11668.6100,12827.6300,14643.7600,12798.1200,10778.3400
2022-11-21,24410.5200,23973.9800,11682.0300,12774.9400,14643.6200,12749.4000,10786.7700
2022-11-22,24507.4900,24060.5000,11673.9300,12824.2900,14698.5200,12784.5900,10830.4000
2022-11-23,24542.5600,24105.4400,11742.1100,12848.4400,14733.0600,12819.6300,10866.2800
2022-11-24,24800.1200,24326.8900,11806.6000,12942.5000,14792.5700,12917.8400,10995.7700
2022-11-25,24833.1400,24398.9100,11898.0300,13008.0800,14925.0200,12980.2300,11144.0400
2022-11-28,24892.6200,24487.6300,12025.3400,13068.0500,15027.9800,13052.3900,11187.1000
2022-11-29,24974.6200,24531.1300,11982.4600,13066.9000,14974.4000,13050.8200,11200.2900
2022-11-30,25189.2400,24738.4900,12043.3700,13183.1900,15112.4000,13153.7300,11281.0800
2022-12-01,25260.5100,24828.2100,12096.7800,13251.2900,15227.0100,13211.4500,11346.9500
2022-12-02,25123.5900,24765.4400,12177.0300,13270.7700,15357.4200,13224.7900,11375.8800
2022-12-05,25120.1300,24771.1500,12217.3900,13274.6200,15368.5400,13237.1200,11492.7600
2022-12-06,25058.7800,24702.3600,12188.6900,13226.5700,15294.5800,13197.4000,11446.6300
2022-12-07,24968.8700,24608.0000,12141.5500,13170.2500,15219.0100,13144.6000,11417.1600
2022-12-08,25032.7800,24684.1800,12208.7600,13218.4600,15291.7800,13195.2100,11521.0500
2022-12-09,24880.5000,24531.6200,12082.2700,13148.2200,15222.4700,13105.7200,11403.1600
2022-12-12,24884.7300,24555.3100,12146.4300,13169.3600,15269.1600,13134.1800,11530.5500
2022-12-13,25005.6900,24673.9900,12215.6500,13229.1400,15333.5000,13198.7400,11582.9400
2022-12-14,25079.6700,24765.9900,12295.4400,13291.2900,15432.5200,13261.0300,11703.4900
2022-12-15,24769.7200,24486.8000,12242.7700,13148.9100,15292.8400,13135.0200,11613.7800
2022-12-16,24559.1700,24258.0000,12145.5600,12998.2200,15072.0700,13005.8200,11457.9700
2022-12-19,24769.8300,24442.3800,12181.9400,13085.2000,15144.1800,13086.7300,11546.7200
2022-12-20,24724.3800,24397.4400,12156.7500,13062.1600,15118.6800,13062.3700,11511.6100
2022-12-21,24445.7800,24089.2300,11905.5700,12886.0200,14880.7700,12869.6200,11283.1100
2022-12-22,24334.8900,23940.1800,11698.2300,12796.9800,14741.9500,12754.3200,11168.5500
2022-12-23,23815.9600,23342.1300,11184.9100,12437.0300,14224.5700,12367.2300,10738.3500
2022-12-26,24144.1600,23733.9700,11559.5300,12675.6100,14577.2800,12631.1100,11078.5600
2022-12-27,24315.8900,23919.8100,11702.2000,12779.6500,14713.3100,12744.4100,11261.3100
2022-12-28,24325.7200,23942.2300,11727.2000,12802.6600,14760.8800,12763.9100,11287.2600
2022-12-29,24422.4700,24023.5300,11741.3100,12837.5300,14782.1500,12797.7700,11339.5600
2022-12-30,24309.4500,23967.1200,11832.2600,12838.5000,14852.7700,12808.2700,11448.7500
2023-01-02,24410.0600,24083.1400,11921.5600,12910.8400,14958.4300,12881.9500,11675.4600
2023-01-03,24466.2500,24136.7900,11938.6900,12939.7700,14991.0700,12908.4600,11716.9200
2023-01-04,24195.9200,23881.1200,11831.8100,12810.4200,14856.7800,12779.3900,11543.5100
2023-01-05,24164.6900,23870.5000,11830.0800,12827.1400,14914.1600,12783.1300,11622.1800
2023-01-06,23983.5400,23693.3300,11739.3000,12734.8900,14811.3600,12688.6600,11580.3500
2023-01-09,24295.8800,23969.6600,11785.9400,12870.3000,14934.1900,12809.8600,11684.6900
2023-01-10,24072.8000,23775.9500,11728.3700,12784.9000,14872.5100,12722.6800,11637.8300
2023-01-11,24037.2900,23738.9300,11734.8700,12755.6500,14826.6500,12705.3000,11685.5600
2023-01-12,24002.6400,23705.1700,11742.6000,12732.2100,14793.6200,12691.0400,11604.2500
2023-01-13,24133.0800,23808.3400,11776.1200,12763.2000,14786.1100,12732.6400,11689.3800
2023-01-16,24063.7800,23745.2400,11769.8900,12728.6600,14748.4800,12704.6600,11670.3900
2023-01-17,24253.0900,23885.9900,11753.2500,12774.7400,14740.1100,12747.8200,11663.8200
2023-01-18,24374.2400,23994.9100,11760.8900,12833.7600,14802.7100,12795.1300,11775.2000
2023-01-19,24293.5600,23924.6100,11726.9700,12806.4000,14788.5300,12761.7000,11845.3800
2023-01-20,24193.3100,23813.1900,11662.1900,12734.7800,14684.2900,12695.2300,11805.7000
2023-01-23,24299.6900,23899.0100,11645.8500,12774.7300,14711.9200,12724.5900,11844.4800
2023-01-24,24294.7900,23876.6600,11599.7000,12751.0900,14660.4700,12699.7700,11745.8000
2023-01-25,23934.1200,23541.1600,11496.6600,12577.5200,14479.0400,12537.9600,11612.3900
2023-01-27,23428.3100,23080.0800,11286.7900,12366.6800,14299.5400,12309.8700,11351.0300
2023-01-30,23398.1600,23048.2900,11264.0300,12349.3700,14277.9400,12291.0500,11305.9300
2023-01-31,23437.6700,23175.0500,11560.0700,12454.4600,14495.8900,12429.4900,11545.2400
2023-02-01,23324.7100,23038.8000,11428.2100,12371.0000,14372.1300,12337.0100,11345.8300
2023-02-02,23290.2600,23026.2400,11478.3100,12373.4700,14398.6200,12347.4300,11307.9500
2023-02-03,23553.0000,23217.5800,11436.6800,12435.4700,14382.5100,12401.2400,11351.3700
2023-02-06,23451.8900,23174.0900,11466.1400,12462.8000,14506.5100,12409.7300,11343.7600
2023-02-07,23396.4700,23125.0200,11425.3200,12447.9000,14505.7300,12383.8300,11246.5000
2023-02-08,23598.7200,23322.6400,11514.0800,12554.3000,14628.3300,12487.5000,11329.1500
2023-02-09,23604.0500,23325.4200,11485.2500,12561.1800,14640.9700,12483.7500,11341.9600
2023-02-10,23553.5400,23304.1200,11542.8800,12563.6100,14677.0700,12494.1800,11315.5300
2023-02-13,23406.6400,23125.4100,11406.1300,12442.1200,14486.2800,12377.0800,11235.1500
2023-02-14,23576.0500,23231.7500,11346.6400,12459.5300,14423.9600,12391.7200,11256.5300
2023-02-15,23702.4000,23352.2500,11392.6800,12522.8800,14493.3600,12452.4100,11300.2400
2023-02-16,23739.8800,23420.9400,11484.6900,12581.0000,14604.4400,12511.2800,11375.3200
2023-02-17,23614.7900,23298.2500,11446.1200,12509.9800,14516.6200,12449.0500,11351.1000
2023-02-20,23489.3400,23197.0000,11410.3400,12477.4300,14517.3300,12406.5100,11281.6900
2023-02-21,23459.3600,23158.9600,11370.4900,12453.2900,14479.9700,12379.6700,11243.6100
2023-02-22,23101.1000,22830.3500,11242.7100,12296.2800,14334.9800,12219.5000,11064.6200
2023-02-23,23036.1700,22775.8100,11263.5900,12264.0400,14300.0100,12200.8200,11094.1200
2023-02-24,22977.5900,22719.8400,11245.2000,12233.4800,14265.0800,12172.9200,11057.1400
2023-02-27,22862.9900,22592.8900,11112.9800,12168.8500,14185.6300,12089.5200,10989.4500
2023-02-28,22766.5800,22546.3500,11151.5300,12182.5100,14274.9700,12093.9900,10934.4200
2023-03-01,22972.6800,22773.2800,11290.1100,12324.1900,14476.2900,12229.2100,11116.8600
2023-03-02,22827.6700,22652.7400,11280.1700,12272.5000,14444.8300,12181.5500,11126.9900
2023-03-03,23169.2200,22943.9600,11359.6000,12393.6900,14517.6100,12308.6000,11290.8300
2023-03-06,23329.6200,23108.9700,11476.3800,12480.2200,14619.8100,12404.6300,11412.0100
2023-03-08,23392.3600,23172.9900,11507.2300,12517.1900,14666.9600,12439.6600,11496.8000
2023-03-09,23186.2900,22989.7300,11469.0300,12428.0100,14586.1600,12357.6900,11471.6500
2023-03-10,22981.0300,22797.0100,11386.8200,12331.8100,14488.7500,12260.4900,11406.4300
2023-03-13,22651.9000,22446.9700,11149.9100,12132.8200,14229.8900,12053.6100,11240.3000
2023-03-14,22504.9200,22298.0400,11050.1800,12055.8900,14141.6900,11968.7400,11167.9200
2023-03-15,22422.3100,22238.8300,11070.4300,12036.8300,14147.6100,11953.7500,11207.9600
2023-03-16,22458.8500,22254.6800,10993.0300,12044.4600,14143.1100,11941.3800,11212.0000
2023-03-17,22608.8400,22395.2600,11065.9100,12110.4600,14204.4500,12013.8600,11292.3100
2023-03-20,22460.1600,22234.4700,10971.1800,12012.3000,14068.5200,11919.7100,11191.6600
2023-03-21,22616.8900,22380.8600,11022.0800,12087.5000,14146.8800,11991.5500,11245.2800
2023-03-22,22691.1400,22456.4600,11083.5600,12123.9100,14185.8200,12036.2800,11247.0800
2023-03-23,22600.4500,22368.8300,11049.6800,12076.5000,14131.5200,11991.5400,11183.5000
2023-03-24,22432.6000,22176.1100,10882.0400,11961.5600,13968.6200,11866.6600,11003.8500
2023-03-27,22455.9500,22150.8300,10719.3400,11933.6000,13890.3700,11811.4500,10966.5700
2023-03-28,22384.0500,22071.7300,10634.5100,11894.9000,13844.7800,11759.4600,10936.9800
2023-03-29,22547.7100,22279.7100,10815.7400,12038.6300,14076.3300,11901.6800,11121.0800
2023-03-31,22905.0800,22609.5400,10982.4900,12188.3500,14203.8000,12068.7400,11185.1000
2023-04-03,22956.4900,22678.0300,11069.1900,12230.0400,14269.0300,12120.1200,11248.0200
2023-04-05,23155.3700,22844.9300,11143.6700,12289.0100,14283.3000,12195.8600,11257.7000
2023-04-06,23209.6200,22922.2100,11226.4900,12343.9900,14377.7000,12253.2300,11299.4500
2023-04-10,23251.7600,22970.9600,11245.9300,12377.5500,14429.7700,12281.1200,11421.1700
2023-04-11,23377.7100,23090.2700,11297.6200,12438.2200,14493.0900,12341.8900,11519.6700
2023-04-12,23492.5000,23205.7200,11340.6600,12506.0900,14580.0700,12402.5000,11499.7600
2023-04-13,23505.7300,23227.1200,11375.8300,12519.7600,14603.7000,12420.7800,11465.7300
2023-04-17,23383.5200,23149.5600,11393.6900,12510.5600,14657.8500,12405.2700,11579.6100
2023-04-18,23340.0300,23138.2000,11401.8500,12536.0400,14744.0600,12414.5000,11590.8000
2023-04-19,23266.2000,23075.8900,11401.9500,12505.9900,14719.7700,12389.9700,11590.3900
2023-04-20,23272.1000,23083.4400,11433.0800,12503.2700,14709.7900,12398.1800,11572.2200
2023-04-21,23266.8900,23061.4800,11411.7000,12475.8700,14649.2300,12377.9400,11517.8100
2023-04-24,23412.3700,23190.5000,11465.8000,12531.1900,14688.0400,12439.3500,11617.0600
2023-04-25,23459.9000,23230.2000,11504.4700,12539.5200,14678.0300,12460.2900,11677.9400
2023-04-26,23520.5600,23290.3000,11567.6200,12562.3600,14693.6800,12497.0400,11737.4800
2023-04-27,23646.4300,23415.6600,11624.2300,12632.5900,14779.2900,12563.9000,11786.0100
2023-04-28,23869.9800,23643.9400,11739.5400,12762.9600,14944.4900,12689.5700,11894.7000
2023-05-02,23983.8100,23770.1200,11814.8300,12843.5400,15061.6300,12764.8900,12049.8800
2023-05-03,23919.5100,23732.2900,11830.9600,12842.3700,15098.6800,12760.1100,12020.6500
2023-05-04,24131.0600,23932.9000,11932.3900,12940.9800,15197.3600,12864.5100,12115.2200
2023-05-05,23917.0600,23735.7600,11866.5800,12841.3800,15097.8900,12768.9400,11944.3300
2023-05-08,24156.0400,23966.4200,11954.2300,12964.9200,15237.6400,12886.1100,12043.4400
2023-05-09,24150.1300,23956.3600,11903.7900,12967.2600,15246.7200,12872.8500,11962.7500
2023-05-10,24225.8600,24027.2000,11964.2200,12993.2900,15260.4900,12912.3300,12011.7300
2023-05-11,24230.3500,24055.2200,12049.9400,13014.7400,15307.6300,12946.7800,12011.0000
2023-05-12,24240.6300,24044.9900,12004.6600,12997.7000,15261.6000,12927.4200,11869.9200
2023-05-15,24342.1800,24157.4100,12092.1300,13061.5500,15347.4200,12996.5600,11968.4300
2023-05-16,24256.8400,24100.9500,12096.7300,13054.2400,15383.2100,12982.6300,12007.3000
2023-05-17,24115.8400,23998.1500,12148.4100,13012.1400,15372.3100,12956.8300,11961.5600
2023-05-18,24021.1400,23897.4400,12098.7300,12949.0200,15284.0100,12899.6400,11830.3700
2023-05-19,24122.8100,23970.6500,12094.9200,12967.7600,15264.8200,12921.6900,11816.7800
2023-05-22,24283.8000,24120.6800,12143.2800,13046.1200,15347.6800,12994.9600,11845.3500
2023-05-23,24335.7800,24184.0700,12158.1700,13098.1200,15436.5100,13031.7200,11900.8000
2023-05-24,24269.2600,24139.5500,12164.9500,13090.2900,15459.3600,13020.7400,11887.9500
2023-05-25,24327.4900,24200.8700,12202.1300,13126.6400,15507.9200,13056.3900,11906.3200
2023-05-26,24567.1300,24420.9700,12258.3800,13241.2200,15626.4700,13160.3200,11955.2500
2023-05-29,24697.0100,24538.6600,12293.1400,13299.2700,15681.2900,13215.7800,12020.7600
2023-05-30,24732.6400,24580.8800,12299.8300,13333.4600,15738.7700,13239.3500,12055.9600
2023-05-31,24638.9000,24538.0900,12395.4500,13333.7600,15797.2600,13252.9400,12002.6500
2023-06-01,24595.5100,24528.9000,12497.9200,13335.6500,15828.3900,13276.1100,12004.0000
2023-06-02,24683.1400,24622.7600,12558.3800,13390.1400,15901.0100,13331.2200,12109.0900
2023-06-05,24759.1600,24698.0200,12593.2000,13430.7500,15948.5100,13371.0500,12130.6600
2023-06-06,24777.8800,24727.4200,12661.2600,13443.2800,15966.0800,13398.3400,12144.9800
2023-06-07,24954.8800,24927.8100,12803.1800,13567.4800,16145.5600,13522.0000,12267.5200
2023-06-08,24825.5800,24794.4600,12717.6300,13495.7800,16058.6800,13445.8800,12212.2100
2023-06-09,24746.6700,24728.8300,12709.5200,13466.6700,16039.6400,13418.9100,12183.9900
2023-06-12,24805.5000,24809.8600,12793.2200,13523.1200,16134.5200,13477.5600,12324.5000
2023-06-13,24968.9400,24995.3800,12887.1000,13648.1400,16324.2400,13586.9500,12372.6300
2023-06-14,25018.7900,25051.7400,12924.0000,13682.0400,16372.3000,13620.7600,12440.3300
2023-06-15,24956.1300,25016.4900,12964.3700,13677.3400,16399.9700,13620.9400,12415.3700
2023-06-16,25150.5300,25210.0500,13068.8600,13780.7300,16520.4100,13726.4000,12480.4800
2023-06-19,25067.6500,25152.7600,13109.5000,13759.8900,16523.0700,13715.7600,12461.9700
2023-06-20,25150.4000,25242.9100,13163.2800,13814.6400,16599.2700,13768.6100,12563.3000
2023-06-21,25194.8200,25307.3800,13171.9600,13879.8800,16723.5000,13808.9900,12669.4900
2023-06-22,25054.1600,25151.7100,13075.3900,13783.2400,16585.6300,13716.1100,12549.6500
2023-06-23,24884.4900,24951.3700,12938.9300,13650.4900,16381.7700,13590.4700,12373.6400
2023-06-26,24933.9700,25036.5200,13027.1900,13723.8400,16521.7100,13657.4000,12399.8400
2023-06-27,25092.6000,25188.2500,13099.7600,13799.9200,16600.6900,13736.0300,12482.4700
2023-06-28,25293.2100,25365.6000,13124.1500,13888.9600,16683.9700,13813.5800,12582.8400
2023-06-30,25560.9700,25605.8100,13188.3200,14007.2400,16791.3400,13925.8800,12667.5100
2023-07-03,25727.3200,25758.5500,13306.1600,14066.6200,16824.1100,14008.8600,12867.9600
2023-07-04,25789.8500,25802.3900,13324.4100,14072.2300,16796.2000,14024.9600,12866.0900
2023-07-05,25826.5000,25866.7700,13407.6200,14122.4300,16892.7800,14076.8800,12981.0300
2023-07-06,25959.2000,26019.5000,13521.6100,14216.9400,17032.4400,14172.0000,13135.8400
2023-07-07,25741.9100,25819.6800,13482.6800,14107.0100,16911.7100,14077.7700,13071.5400
2023-07-10,25751.1200,25802.9800,13438.8800,14079.7700,16839.9800,14054.0700,13054.4400
2023-07-11,25878.7200,25951.7500,13565.9800,14167.8700,16967.5900,14149.0300,13111.1100
2023-07-12,25825.3700,25941.0300,13632.9400,14187.5200,17050.3000,14169.0100,13129.9800
2023-07-13,25841.3800,25915.1600,13536.4500,14151.2200,16953.0000,14127.8300,12962.7300
2023-07-14,26045.4500,26140.0600,13715.3400,14279.1900,17125.6800,14266.2600,13088.4900
2023-07-17,26220.5500,26306.4000,13823.4300,14354.1400,17190.4500,14355.8400,13148.3300
2023-07-18,26248.7800,26306.4400,13724.1500,14351.0900,17164.7200,14332.2100,13065.9800
2023-07-19,26362.3400,26433.6900,13825.0200,14424.9800,17267.2100,14411.0700,13174.2600
2023-07-20,26529.7300,26576.6600,13862.5200,14486.6200,17305.2100,14474.4500,13228.4300
2023-07-21,26251.2000,26363.7600,13905.9400,14397.8800,17275.0300,14403.7800,13225.6200
2023-07-24,26167.9600,26302.9000,13940.0700,14369.5400,17261.6900,14387.4800,13298.3900
2023-07-25,26203.4900,26352.5800,13947.1300,14414.3500,17345.6500,14417.0600,13390.3400
2023-07-26,26330.7900,26474.8600,13993.4300,14473.0600,17402.8300,14477.2700,13489.7700
2023-07-27,26205.9300,26390.0800,14012.6700,14452.5300,17435.3700,14455.0700,13528.9200
2023-07-28,26228.5900,26439.8900,14073.9800,14499.8000,17533.6500,14497.6500,13615.4200
2023-07-31,26360.8200,26612.5200,14219.4500,14622.0000,17739.4100,14614.6800,13817.2500
2023-08-01,26334.7800,26600.6600,14249.0100,14620.8200,17753.5800,14618.3000,13829.8500
2023-08-02,26059.2600,26308.1600,14067.1700,14453.3700,17533.2100,14449.2500,13544.4700
2023-08-03,25881.1200,26176.9800,14087.5000,14407.6900,17540.3400,14407.6000,13500.1300
2023-08-04,26066.6400,26362.9400,14176.8800,14511.8500,17668.1600,14508.1500,13489.3700
2023-08-07,26164.6400,26465.5700,14221.4800,14575.7100,17756.8200,14564.9300,13566.3100
2023-08-08,26131.9100,26454.6300,14245.1300,14585.8000,17802.3100,14571.5500,13596.6200
2023-08-09,26223.2400,26551.1600,14325.7800,14634.1500,17858.2500,14629.5000,13707.3400
2023-08-10,26100.3700,26451.4600,14290.2000,14600.0600,17856.9300,14586.5000,13675.2700
2023-08-11,25970.5000,26335.8700,14253.6600,14546.4600,17813.6000,14532.4000,13652.6000
2023-08-14,25935.3100,26285.2000,14165.5900,14519.0900,17771.1600,14490.9400,13563.6700
2023-08-16,25971.8300,26328.1600,14224.9300,14538.8600,17794.5800,14521.3800,13592.7400
2023-08-17,25847.0600,26249.4600,14251.6300,14527.3300,17848.4500,14505.5400,13632.7300
2023-08-18,25776.4800,26183.3700,14211.9500,14497.6800,17823.6400,14470.7300,13548.3100
2023-08-21,25910.6300,26337.0300,14331.6400,14591.4200,17960.1400,14567.1100,13643.6800
2023-08-22,25940.2100,26420.6800,14429.0600,14679.9700,18152.4000,14640.8800,13671.7300
2023-08-23,25989.9800,26491.0900,14532.2600,14722.2800,18221.0300,14695.7500,13758.1200
2023-08-24,25937.7400,26459.9200,14513.9800,14728.5700,18270.1400,14686.9900,13712.7100
2023-08-25,25764.0600,26289.9100,14483.3300,14624.8000,18135.5100,14603.3700,13604.7000
2023-08-28,25830.8100,26374.9600,14581.6600,14675.5800,18213.3000,14663.6000,13739.8100
2023-08-29,25894.7400,26456.4100,14680.2200,14722.8400,18284.5000,14721.7600,13779.8300
2023-08-30,25916.5300,26521.5200,14809.3600,14778.8100,18404.0500,14786.4200,13797.0700
2023-08-31,25778.7200,26451.7700,14964.0300,14761.9100,18453.6400,14799.6800,13681.5300
2023-09-01,26017.8500,26687.2300,15074.4300,14888.7300,18600.6300,14924.5600,13971.9500
2023-09-04,26155.4900,26853.5700,15228.3500,14991.9300,18757.4600,15035.0500,14283.0500
2023-09-05,26216.7900,26964.7700,15324.1800,15095.8000,18965.7600,15120.3000,14368.6900
2023-09-06,26279.9600,27015.6300,15333.0900,15114.8000,18969.9300,15140.7700,14278.8400
2023-09-07,26430.6600,27173.3500,15419.2500,15206.4300,19090.5200,15229.6900,14430.1200
2023-09-08,26563.2500,27333.0400,15513.9500,15317.3800,19268.8400,15328.2800,14693.5800
2023-09-11,26806.9200,27592.6300,15665.5400,15470.4900,19475.5900,15477.7000,14867.4300
2023-09-12,26718.8300,27291.3800,15057.6400,15204.2400,18898.5700,15172.7300,14309.5100
2023-09-13,26816.3200,27394.9000,15206.0400,15240.4700,18921.7300,15243.1600,14546.7500
2023-09-14,26879.4100,27515.0200,15392.7600,15331.8800,19098.5300,15346.5800,14748.5300
2023-09-15,26991.5800,27612.9900,15436.4700,15372.3500,19122.2200,15393.3900,14705.4300
2023-09-18,26921.4300,27531.7700,15362.2500,15324.9400,19054.7900,15340.7600,14814.4000
2023-09-20,26621.4000,27275.3400,15275.8300,15218.4700,18995.6300,15224.3700,14763.2500
2023-09-21,26409.6000,27047.5200,15107.1700,15092.3500,18832.4600,15088.1300,14625.6900
2023-09-22,26328.2000,26981.0500,15110.9000,15062.1300,18813.2300,15062.8900,14708.9300
2023-09-25,26318.3900,26999.4500,15124.0800,15101.3200,18912.9500,15084.5800,14748.7100
2023-09-26,26317.3200,27006.0000,15189.1100,15096.1600,18901.3500,15098.9400,14723.9500
2023-09-27,26382.9300,27107.3900,15299.1900,15173.4400,19042.9000,15175.4200,14808.1800
2023-09-28,26111.2600,26840.8100,15251.2200,15008.3900,18825.8200,15043.6900,14652.4100
2023-09-29,26279.6500,27031.7400,15351.8000,15134.7600,19021.2300,15156.0700,14983.1500
2023-10-03,26166.4200,26972.0200,15449.1500,15122.1000,19070.7500,15157.6900,14960.1200
2023-10-04,26010.0500,26766.7600,15274.3500,14979.1100,18825.1300,15020.2800,14683.9700
2023-10-05,26144.0400,26880.3900,15362.0300,15012.8600,18813.4900,15078.1800,14629.2600
2023-10-06,26289.5300,27033.2900,15460.2100,15098.6600,18923.8200,15166.3600,14719.3800
2023-10-09,26080.7600,26773.9500,15208.7600,14937.3800,18670.0300,14993.2400,14487.8200
2023-10-10,26332.6700,27048.5400,15379.2500,15102.4400,18902.3500,15154.3100,14767.2300
2023-10-11,26494.0500,27211.1000,15485.4100,15186.4000,18996.7100,15245.8500,14824.0500
2023-10-12,26482.4000,27230.4500,15596.3500,15201.4200,19042.6400,15279.2700,14946.4300
2023-10-13,26433.5000,27184.5200,15574.0800,15179.0000,19021.6000,15255.5100,14923.0400
2023-10-16,26418.7000,27188.6800,15623.4000,15187.8500,19054.3700,15270.0700,15034.9500
2023-10-17,26523.7200,27305.4700,15728.4000,15251.5600,19138.4700,15343.1200,15137.2200
2023-10-18,26325.6900,27112.0900,15668.0600,15140.2600,19001.9900,15244.0300,14971.5900
2023-10-19,26262.2400,27061.5200,15690.9700,15112.6600,18978.4100,15226.8200,14984.4500
2023-10-20,26139.4400,26905.1700,15565.8400,15005.3300,18797.9400,15124.4100,14762.6400
2023-10-23,25764.4600,26404.8300,14976.0100,14693.9800,18287.9200,14768.2400,14355.5000
2023-10-25,25573.3700,26217.5800,14879.7000,14595.6000,18178.8100,14667.6900,14273.4900
2023-10-26,25232.3600,25896.3400,14808.7700,14415.0000,17971.5100,14510.1500,14103.9500
2023-10-27,25522.7100,26225.8800,15094.6100,14603.5600,18235.0300,14716.5700,14358.7700
2023-10-30,25636.5900,26320.7400,15106.0500,14646.0800,18259.7900,14757.2600,14425.7200
2023-10-31,25575.4400,26281.7600,15093.3900,14645.1800,18301.3700,14744.8700,14497.4800
2023-11-01,25451.7100,26176.3400,15065.5000,14599.0900,18274.7500,14696.9600,14459.5200
2023-11-02,25679.5000,26428.2500,15228.4500,14752.0600,18494.1400,14846.5600,14747.8100
2023-11-03,25837.1800,26603.2000,15383.3400,14847.7600,18620.4900,14955.2300,14839.6600
2023-11-06,26077.2900,26852.9100,15547.6800,14984.2100,18789.6900,15098.6400,14968.6300
2023-11-07,26101.5400,26897.8800,15638.6900,15011.6000,18840.8300,15138.0700,15092.9000
2023-11-08,26173.1900,27010.7600,15734.0200,15104.8600,19022.7400,15218.5600,15175.7000
2023-11-09,26097.9700,26947.4000,15689.5600,15085.3600,19027.8700,15187.0400,15234.8700
2023-11-10,26140.0600,27007.3100,15756.8900,15126.3200,19100.1400,15230.1200,15394.8500
2023-11-12,26274.0000,27170.8400,15955.8900,15214.8500,19225.6000,15342.4600,15533.7000
2023-11-13,26181.6200,27105.1400,15995.0900,15186.4400,19220.7300,15324.3100,15704.9400
2023-11-15,26481.0100,27402.2200,16173.3800,15339.5700,19389.1700,15488.1000,15821.5700
2023-11-16,26603.2600,27539.1700,16243.5200,15429.2800,19525.9500,15568.0000,15873.2900
2023-11-17,26587.5500,27551.7400,16298.5200,15451.7200,19593.3300,15590.3900,15843.4900
2023-11-20,26530.0500,27510.0900,16305.1600,15437.4900,19598.9600,15576.5100,15880.9400
2023-11-21,26631.8600,27594.8700,16337.9700,15469.4800,19606.0400,15615.3400,15861.3800
2023-11-22,26648.6600,27595.6600,16201.0000,15490.3700,19646.2300,15594.9600,15841.4300
2023-11-23,26649.3400,27614.0500,16284.6900,15498.4900,19666.0400,15619.5200,15919.1100
2023-11-24,26639.5600,27621.9000,16313.7300,15513.8900,19711.6100,15632.9000,15861.1600
2023-11-28,26809.3800,27775.7500,16350.1200,15593.1700,19788.1800,15706.2500,16115.2600
2023-11-29,27075.3400,28029.8200,16473.4800,15721.9200,19919.5800,15839.5600,16238.4100
2023-11-30,27162.4200,28161.1600,16649.2700,15809.4300,20076.0400,15938.9600,16359.7600
2023-12-01,27348.6400,28360.5500,16742.9600,15933.9500,20254.0600,16051.3700,16683.7300
2023-12-04,27911.3000,28882.1700,16947.0400,16194.5600,20502.6500,16313.6400,17124.6800
2023-12-05,28168.5600,29101.4000,16972.1900,16299.2600,20580.1400,16409.7100,17299.8800
2023-12-06,28336.4800,29244.5700,17017.8900,16359.9500,20611.5600,16475.6900,17403.4100
2023-12-07,28339.4800,29281.9100,17069.0900,16406.4300,20725.7200,16511.9700,17456.8600
2023-12-08,28380.9600,29281.3400,16924.1500,16402.2800,20685.5900,16480.6300,17441.0800
2023-12-11,28454.1900,29385.8100,17019.0500,16479.8600,20827.1700,16553.3600,17548.0500
2023-12-12,28315.0900,29255.2000,16997.9800,16404.8100,20739.1200,16490.3300,17489.3500
2023-12-13,28370.7300,29356.3900,17107.4600,16490.6800,20914.0200,16568.2200,17908.8700
2023-12-14,28726.6600,29704.9100,17240.6900,16685.7700,21146.9200,16750.3400,18061.1700
2023-12-15,29037.4900,29972.9700,17363.4100,16793.0900,21192.5800,16879.2200,18272.6200
2023-12-18,29023.7500,29989.3900,17435.5600,16815.5100,21258.5100,16906.0600,18275.9800
2023-12-19,29074.4100,30010.8500,17449.5500,16796.9900,21175.8700,16907.4900,18329.9700
2023-12-20,28596.2800,29400.5900,16867.0000,16402.1100,20530.8500,16497.8400,17564.9300
2023-12-21,28777.5400,29654.7100,17152.5000,16573.1000,20828.6300,16679.5800,17935.6300
2023-12-22,28920.9900,29831.4900,17327.7200,16680.7800,20995.1500,16797.1700,18023.7200
2023-12-26,29066.4500,29978.9000,17379.2800,16769.7300,21113.3900,16875.5300,18244.3500
2023-12-27,29333.2400,30210.7800,17431.2500,16879.1000,21195.7500,16981.8400,18308.2500
2023-12-28,29489.6600,30370.9400,17534.4500,16964.7900,21297.9600,17072.7200,18692.3100
2023-12-29,29472.2200,30417.8000,17641.1400,17031.3300,21478.2100,17129.5700,18615.4800
2024-01-01,29493.5800,30480.9900,17752.2000,17085.9400,21600.1700,17187.1000,18768.7400
2024-01-02,29400.2100,30400.9200,17745.3600,17046.0600,21567.5900,17151.8300,18795.0000
2024-01-03,29274.0400,30320.7000,17766.4500,17030.5600,21620.1900,17130.8300,18747.9200
2024-01-04,29493.2100,30593.2700,17948.9600,17220.5500,21939.4200,17302.5400,18903.6700
2024-01-05,29547.2200,30670.5100,18069.7400,17264.0600,22009.7300,17361.5900,18874.6400
2024-01-08,29273.1700,30399.8600,17963.9000,17110.5100,21822.1700,17218.8800,18671.1300
2024-01-09,29332.8800,30465.3900,18030.1600,17143.4500,21861.7300,17260.1900,18713.2900
2024-01-10,29427.8700,30556.6500,18066.5200,17192.5100,21916.2600,17307.4900,18639.3300
2024-01-11,29503.6300,30660.7800,18215.6300,17251.9000,22010.7900,17384.5700,18789.7200
2024-01-12,29795.5400,30913.1900,18283.7200,17367.7400,22090.4600,17501.7500,18950.7300
2024-01-15,30036.9000,31132.3100,18329.3000,17483.5900,22206.8300,17606.1400,19135.8900
2024-01-16,29950.6200,31041.5100,18279.1000,17430.4400,22135.7000,17554.7000,19228.4600
2024-01-17,29366.1800,30509.2900,18087.5500,17168.6100,21900.9200,17291.6200,18891.5600
2024-01-18,29218.5200,30395.2900,18085.4500,17124.1800,21896.2900,17247.3100,18832.5600
2024-01-19,29478.8300,30703.1700,18278.4500,17329.8300,22225.0700,17435.4100,19204.1500
2024-01-20,29431.1000,30696.1600,18360.9600,17342.9500,22292.7900,17455.1400,19389.6000
2024-01-23,28928.4700,30076.9900,17863.1800,16938.0400,21638.3000,17057.5900,18616.8100
2024-01-24,29250.5400,30460.2300,18177.2400,17176.4000,22004.5400,17300.5300,19178.1100
2024-01-25,29143.6300,30369.5900,18274.3600,17104.7000,21901.6600,17272.5400,19252.4200
2024-01-29,29648.1900,30868.8700,18510.5000,17378.0900,22223.5900,17540.6300,19815.0000
2024-01-30,29385.5700,30654.1400,18535.2700,17271.6300,22146.2800,17454.9900,19806.5000
2024-01-31,29661.7600,31011.1700,18929.2400,17490.1700,22495.9400,17700.6900,20072.7600
2024-02-01,29645.9300,30972.5600,18955.3500,17434.6900,22367.7600,17676.8200,20113.0300
2024-02-02,29860.3100,31181.9400,19072.0600,17541.9400,22482.1000,17790.2400,20676.9000
2024-02-05,29745.2000,31092.8900,19064.0100,17508.7000,22482.0000,17754.8400,20902.1600
2024-02-06,29998.7200,31378.0200,19242.8300,17686.9800,22746.7700,17924.7600,21226.4300
2024-02-07,30085.6500,31497.1400,19343.9400,17773.0200,22900.2900,18005.2100,21263.7400
2024-02-08,29883.6700,31317.5800,19260.3300,17694.3800,22849.0200,17916.0200,21373.4900
2024-02-09,29947.4100,31279.6800,19017.2000,17633.5800,22649.6300,17835.6600,21063.1400
2024-02-12,29671.3500,30831.8100,18341.4100,17338.7000,22107.6800,17483.1400,20246.8300
2024-02-13,29859.1500,31000.7600,18406.8800,17418.3500,22171.8200,17566.3700,20294.6800
2024-02-14,30036.5500,31219.3600,18643.6500,17545.2800,22362.5800,17713.4600,20903.5100
2024-02-15,30166.5600,31403.7300,18861.1000,17666.7500,22573.9700,17846.2400,21396.6400
2024-02-16,30352.8800,31609.2700,18987.7200,17792.3900,22755.0400,17967.2500,21378.5900
2024-02-19,30457.0200,31728.7000,19078.3800,17864.9000,22861.9500,18040.8500,21418.0300
2024-02-20,30552.1100,31781.6500,19002.5900,17879.9900,22830.8900,18043.8400,21494.1900
2024-02-21,30366.5600,31557.5400,18854.9900,17728.3200,22583.7700,17904.7600,21208.4100
2024-02-22,30606.0600,31802.3900,18969.9800,17870.3500,22767.4600,18038.9000,21364.8300
2024-02-23,30618.4700,31849.6200,19080.6900,17907.3100,22851.5000,18086.1800,21251.3600
2024-02-26,30528.8800,31759.2300,19048.1100,17853.4200,22780.8700,18038.1600,21170.2200
2024-02-27,30602.3200,31817.3000,19096.6100,17865.2700,22757.3500,18066.5400,21091.2400
2024-02-28,30245.8800,31390.0900,18735.9700,17599.8000,22347.7900,17793.7000,20644.7200
2024-02-29,30338.3700,31499.3100,18823.7900,17667.5200,22451.1300,17862.5000,20756.5800
2024-03-01,30790.5500,31906.5800,18944.9200,17869.7500,22631.9000,18059.2900,21290.5900
2024-03-02,30862.8100,32018.7300,19079.2600,17949.7700,22780.9000,18142.6500,21440.6800
2024-03-04,30902.0000,32035.5100,18964.7100,17969.6000,22802.3800,18130.5000,21681.9500
2024-03-05,30842.5300,31957.1000,18842.0600,17930.0100,22745.9100,18072.1800,21864.0200
2024-03-06,30961.5000,31953.9100,18470.7400,17906.7400,22600.8500,17987.5900,21731.4000
2024-03-07,31025.7700,32040.6200,18620.9800,17948.1300,22658.4000,18054.2200,21743.4700
2024-03-11,30836.4100,31811.6500,18248.5900,17851.5300,22552.7100,17887.7100,21428.3800
2024-03-12,30762.9500,31627.6700,17873.1100,17717.2700,22267.9500,17718.3400,21117.3000
2024-03-13,30167.7800,30804.3500,16947.9600,17176.9100,21339.5400,17135.4600,19917.9000
2024-03-14,30470.4100,31227.7600,17475.6600,17444.4600,21793.4700,17442.1300,20354.4000
2024-03-15,30296.9800,31085.0700,17512.9700,17367.1500,21724.7700,17387.1100,20135.2800
2024-03-18,30359.5500,31113.7500,17462.5000,17367.0100,21678.9800,17383.8800,20200.9000
2024-03-19,30001.0900,30749.4800,17256.6400,17167.0100,21435.7400,17181.2300,19892.0900
2024-03-20,30045.6300,30783.1900,17275.7000,17174.4100,21422.0100,17196.0600,19956.1000
2024-03-21,30356.9700,31199.4200,17670.4200,17456.7000,21906.7100,17479.1000,20482.3600
2024-03-22,30485.4700,31353.2100,17813.9200,17548.4500,22044.4300,17578.7500,20611.6800
2024-03-26,30441.7800,31369.9100,17822.0600,17616.6400,22247.9100,17608.7000,20723.5000
2024-03-27,30572.6300,31499.3200,17967.6500,17665.1400,22274.9900,17687.4400,20610.6700
2024-03-28,30873.5200,31763.2500,18027.5700,17792.0200,22376.4600,17809.1600,20884.1500
2024-04-01,31124.6300,32135.5500,18570.6100,18024.2700,22777.8900,18095.5000,21309.3900
2024-04-02,31166.9000,32256.6600,18754.4100,18137.8700,23032.1900,18203.8300,21663.3400
2024-04-03,31164.2700,32313.0300,18952.0000,18183.4600,23148.4000,18274.9600,21852.6700
2024-04-04,31257.9300,32405.5900,19070.1500,18214.0500,23157.6400,18332.8800,21785.3800
2024-04-05,31304.4600,32484.7100,19182.0500,18271.2800,23267.6200,18395.8200,21853.6100
2024-04-08,31492.7100,32647.8800,19230.2400,18344.4700,23315.5700,18471.5100,21953.5900
2024-04-09,31450.4400,32603.3200,19238.9100,18309.4100,23258.1200,18449.9900,22003.6900
2024-04-10,31619.8400,32798.5500,19353.4900,18438.3700,23459.4600,18567.2700,22386.4900
2024-04-12,31323.8300,32532.4300,19275.0600,18307.7900,23345.2000,18439.8300,22169.6200
2024-04-15,30936.1100,32114.1300,18978.8000,18070.0900,23028.4400,18191.8300,22002.9500
2024-04-16,30805.7700,32026.7100,19100.8600,18021.2800,22999.9400,18178.6200,22048.6700
2024-04-18,30630.5200,31872.5400,19097.0100,17938.3300,22918.1700,18110.8300,21924.4400
2024-04-19,30791.6200,31967.6100,19073.8200,17942.5500,22812.7400,18130.4300,21919.9500
2024-04-22,31086.7100,32265.0900,19295.2100,18089.1300,22967.7500,18300.9600,22110.6500
2024-04-23,31136.7300,32387.0800,19481.3500,18195.7500,23199.0200,18407.4600,22123.2600
2024-04-24,31206.4500,32509.4300,19636.3400,18291.3200,23388.4500,18503.5900,22442.4900
2024-04-25,31424.6600,32724.6100,19799.8500,18391.6500,23482.8600,18625.6000,22751.6500
2024-04-26,31293.0800,32679.8600,19894.6100,18423.8100,23658.2400,18646.0900,22872.4600
2024-04-29,31578.2400,32919.5700,19907.2900,18538.1300,23739.5000,18747.6400,23070.7200
2024-04-30,31568.4000,32927.3800,19918.3900,18558.4000,23797.4100,18759.1200,23111.8000
2024-05-02,31709.5600,33063.0000,19937.7900,18640.2600,23901.0000,18825.3000,23431.3000
2024-05-03,31496.3300,32868.9400,19869.7700,18545.1600,23816.0700,18730.1900,23480.9100
2024-05-06,31381.8100,32720.6000,19648.1900,18468.8700,23707.2700,18620.7400,22952.8000
2024-05-07,31125.3500,32365.3400,19298.5400,18219.5600,23267.0900,18372.5500,22385.3500
2024-05-08,31209.2100,32473.3600,19393.7100,18292.3800,23389.2100,18444.6200,22721.2900
2024-05-09,30702.9600,31908.5300,18879.7100,17984.5100,22981.9200,18090.5700,22048.3500
2024-05-10,30900.5300,32132.2300,19004.0400,18130.6800,23206.0300,18222.9300,22395.6200
2024-05-13,30964.2500,32197.9700,18935.8900,18195.9800,23323.7600,18247.9500,22392.1000
2024-05-14,31183.5000,32469.9500,19268.9200,18346.0600,23542.1100,18437.0000,22743.8800
2024-05-15,31204.6500,32561.4800,19415.3600,18440.6200,23763.6300,18523.6100,23008.3800
2024-05-16,31494.7600,32860.8800,19559.4700,18616.2000,23994.8900,18688.9000,23030.3400
2024-05-17,31630.6900,33073.6300,19870.5800,18756.0000,24247.3200,18855.4200,23268.4400
2024-05-18,31717.4200,33199.1000,20049.9500,18832.9100,24377.5800,18950.7600,23425.7900
2024-05-21,31800.1100,33266.9100,19964.7400,18887.1200,24453.9500,18968.7300,23883.3800
2024-05-22,31901.3200,33357.1800,19940.0300,18944.4600,24524.8200,19005.8900,23800.3200
2024-05-23,32371.6500,33752.6700,19988.8500,19126.2000,24642.2500,19176.5900,23789.3700
2024-05-24,32369.8500,33744.4800,19963.4300,19120.9700,24630.4200,19167.4200,23846.3700
2024-05-27,32342.4800,33759.0300,20051.3800,19149.7300,24722.0500,19199.6500,23868.4200
2024-05-28,32226.5000,33593.1700,19847.4600,19040.5200,24531.9100,19077.8300,23660.0100
2024-05-29,31975.1100,33387.3700,19864.0000,18941.4000,24464.1800,18996.1600,23650.0900
2024-05-30,31676.2700,33045.3100,19569.1900,18742.7200,24181.3900,18780.7800,23203.5100
2024-05-31,31772.0400,33168.2000,19664.6500,18828.5700,24327.2400,18861.1700,23373.6000
2024-06-03,32888.1300,34259.2100,20070.2300,19440.9900,25059.7300,19428.6500,24732.0800
2024-06-04,30737.4100,31956.2200,18575.6400,18112.5400,23278.6700,18084.4400,21617.0800
2024-06-05,31833.7900,33104.9900,19191.5400,18786.1800,24177.6900,18731.7900,22485.4700
2024-06-06,32180.1300,33593.3600,19815.6400,19096.0900,24703.6100,19091.2300,23006.4800
2024-06-07,32801.0700,34221.8100,20262.3000,19413.9400,25054.1400,19450.1000,23465.5500
2024-06-10,32807.9900,34291.1500,20529.7500,19452.6000,25145.5200,19536.6100,23588.8400
2024-06-11,32814.5300,34365.1300,20657.6200,19536.8400,25350.7500,19611.4400,23750.4000
2024-06-12,32919.6300,34536.9500,20851.5000,19669.6100,25606.7900,19741.0700,23997.7300
2024-06-13,33055.8400,34715.5900,21021.5000,19789.0100,25807.4700,19862.5300,24069.6300
2024-06-14,33230.3500,34943.9200,21203.0500,19950.7500,26086.3500,20013.5800,24202.2200
2024-06-18,33381.6500,35127.1000,21407.8000,20053.3100,26234.3300,20137.3600,24272.5800
2024-06-19,33269.6200,34963.4100,21326.3000,19911.1400,25959.7300,20029.8200,24032.4600
2024-06-20,33345.6100,35096.0300,21466.2700,20021.3900,26180.4200,20130.6300,24303.5900
2024-06-21,33222.5200,34991.8500,21459.1000,19971.0700,26142.5300,20086.0000,24185.2700
2024-06-24,33311.9600,35075.1400,21461.0600,20021.3500,26204.2100,20124.5000,24135.6300
2024-06-25,33496.2300,35204.2600,21476.2000,20050.0900,26144.9200,20169.0600,23971.4800
2024-06-26,33644.1800,35308.4100,21521.8800,20065.0200,26077.0100,20209.0200,23945.5200
2024-06-27,33861.0300,35467.6100,21400.8800,20148.3700,26130.5500,20251.9500,24026.4200
2024-06-28,33839.5100,35506.9700,21545.3200,20194.5900,26267.8800,20305.8800,24273.2000
2024-07-01,34040.3900,35771.6100,21868.4200,20351.0000,26519.1100,20490.6100,24380.3100
2024-07-02,33992.2300,35693.1600,21832.8200,20278.5700,26367.7600,20438.5900,24265.3400
2024-07-03,34244.9800,35966.1800,22029.0100,20432.9200,26573.1400,20600.3000,24554.7600
2024-07-04,34294.0800,36066.0600,22151.5900,20516.6000,26753.0800,20678.5600,24610.5900
2024-07-05,34365.2200,36187.0400,22303.6300,20606.2300,26931.3500,20770.0200,24857.9500
2024-07-08,34368.2900,36161.2000,22245.9300,20576.6100,26851.6700,20742.0400,24855.1300
2024-07-09,34534.6000,36314.7800,22298.8400,20655.7700,26928.3800,20819.3100,24912.4700
2024-07-10,34413.5500,36173.9700,22147.6200,20580.4200,26826.3000,20727.6800,24801.4400
2024-07-11,34424.5100,36217.5000,22282.0900,20605.7300,26883.8000,20773.6400,25015.1700
2024-07-12,34621.2500,36362.3000,22267.1100,20659.9500,26871.6800,20826.9900,25010.4000
2024-07-15,34781.9800,36542.5600,22348.4100,20780.0000,27059.3900,20930.6300,25296.4500
2024-07-16,34761.3100,36536.6600,22392.3600,20778.3900,27071.3100,20937.0300,25267.0800
2024-07-18,34904.3800,36546.2000,22146.4600,20724.0100,26817.8100,20873.5000,25126.8100
2024-07-19,34456.8500,35989.8200,21627.5800,20377.2900,26262.6400,20509.9800,24401.1200
2024-07-22,34510.3500,36130.2900,21822.3300,20503.7300,26550.7400,20627.3400,24724.4600
2024-07-23,34419.0400,36011.8300,21690.5900,20431.6800,26434.0600,20546.4500,24412.1900
2024-07-24,34378.2200,36101.1600,22095.1000,20509.4700,26668.8100,20674.3600,24633.3000
2024-07-25,34403.2400,36094.8300,22034.0700,20491.7400,26603.0200,20654.8700,24743.9700
2024-07-26,34992.5800,36686.7700,22243.8100,20843.4100,27060.4100,20969.6800,25139.5600
2024-07-29,35074.1300,36848.0200,22482.6200,20965.9000,27316.3200,21099.6000,25436.1700
2024-07-30,35092.6300,36923.2300,22668.4800,21022.0700,27448.4100,21174.2400,25620.4500
2024-07-31,35244.6200,37066.0800,22624.7300,21122.1200,27590.7300,21237.2000,25739.1800
2024-08-01,35289.5100,37029.5300,22472.0500,21060.8500,27396.2600,21177.3000,25714.9400
2024-08-02,34910.9800,36647.2100,22287.4500,20844.3700,27126.9600,20968.1200,25223.7200
2024-08-05,33926.1600,35519.5000,21355.3700,20183.1800,26171.1600,20268.6400,24185.1700
2024-08-06,33788.5000,35364.1400,21272.6500,20082.1900,26015.2700,20177.7100,23992.9300
2024-08-07,34352.7700,36012.3200,21784.2400,20470.0800,26586.4500,20577.7800,24684.3100
2024-08-08,34098.2800,35786.6400,21723.0000,20358.8600,26494.7400,20469.1800,24318.6600
2024-08-09,34458.8600,36133.3600,21867.5100,20544.9900,26699.0000,20650.9600,24593.4900
2024-08-12,34423.4900,36135.4900,21939.0800,20562.8800,26773.0700,20671.4400,24676.0900
2024-08-13,34110.3900,35804.6600,21669.3600,20390.4000,26567.4100,20474.2800,24247.4800
2024-08-14,34119.1200,35754.3000,21550.8700,20331.7400,26407.9400,20418.2600,23981.3800
2024-08-16,34692.5900,36365.9700,21918.7000,20689.2300,26892.8000,20770.7000,24385.4600
2024-08-19,34782.2400,36503.8600,22254.2400,20741.7100,26959.7500,20889.3100,24781.0100
2024-08-20,34977.7600,36726.5500,22376.6400,20887.1400,27186.3600,21020.6200,25032.4900
2024-08-21,35074.5100,36866.4300,22623.4000,20959.0200,27298.2700,21129.2400,25152.6900
2024-08-22,35152.7100,36980.5300,22695.3000,21051.5800,27478.4000,21204.4500,25246.9100
2024-08-23,35149.5700,36949.7400,22725.2500,20997.2400,27339.4500,21183.6500,25123.1100
2024-08-26,35381.3400,37175.5600,22820.0500,21121.1800,27481.9300,21303.1100,25365.9700
2024-08-27,35389.9500,37243.6000,22994.7600,21177.7600,27622.4900,21373.8800,25438.3000
2024-08-28,35435.5900,37261.1500,22945.4900,21176.3100,27583.2600,21368.4500,25365.1900
2024-08-29,35533.4600,37285.5700,22815.2600,21158.2900,27460.3000,21343.5200,25385.5600
2024-08-30,35650.6200,37449.9200,22934.4900,21283.2600,27694.8500,21451.9900,25527.7900
2024-09-02,35732.8900,37491.2400,22918.6400,21277.5800,27615.8300,21457.8600,25442.5100
2024-09-03,35741.9800,37535.1200,23053.8800,21304.9800,27680.1800,21504.4700,25404.7200
2024-09-04,35652.4900,37472.7000,23124.9600,21269.2700,27656.8600,21489.4600,25189.2700
2024-09-05,35602.7800,37494.7500,23346.4300,21293.8900,27759.8800,21545.8300,25268.2400
2024-09-06,35181.4100,37045.6700,23113.6500,21022.2100,27380.0200,21291.0200,24763.6200
2024-09-09,35293.6300,37084.5900,22922.9800,21029.7400,27312.1100,21267.4700,24513.8900
2024-09-10,35434.6500,37307.8800,23209.7800,21184.3500,27605.3400,21433.4300,24581.7400
2024-09-11,35261.7700,37130.7100,23028.6200,21106.1900,27536.3400,21325.7900,24111.4800
2024-09-12,35904.0100,37724.2100,23209.0300,21418.9400,27850.9700,21622.5200,24620.3100
2024-09-13,35848.1000,37757.9200,23415.6500,21471.8400,28032.5700,21688.7700,24694.3100
2024-09-16,35893.5700,37821.0300,23453.2300,21521.4700,28126.5300,21729.4100,24705.7700
2024-09-17,35917.8000,37824.5200,23411.6000,21515.3000,28091.5200,21720.3100,24619.2700
2024-09-18,35848.4000,37712.1400,23332.6600,21419.2500,27895.1600,21643.0200,24473.2300
2024-09-19,35855.3600,37642.2800,23074.3100,21366.6200,27752.4700,21557.6600,24218.9900
2024-09-20,36392.3100,38179.2900,23323.8600,21668.2600,28120.2300,21849.0000,24344.5200
2024-09-23,36667.9000,38472.2900,23524.8200,21832.3500,28333.1800,22020.0700,24703.0000
2024-09-24,36672.4800,38488.8700,23474.5100,21867.5300,28421.3900,22026.9200,24972.1200
2024-09-25,36706.0100,38460.3100,23392.1200,21811.6400,28249.4500,21984.7100,25078.5800
2024-09-26,36983.6300,38658.5800,23287.1200,21899.7600,28262.6500,22046.9700,25325.2600
2024-09-27,36980.3800,38646.9500,23242.7600,21895.3900,28253.7900,22034.0200,25679.3300
2024-09-30,36486.8400,38261.3900,23256.4500,21725.0600,28192.0100,21877.6200,25719.6300
2024-10-01,36480.2100,38302.5400,23409.4100,21756.2000,28277.6800,21928.3300,25751.8100
2024-10-03,35693.2100,37488.5100,22964.0600,21290.6500,27677.4400,21471.2200,25269.8700
2024-10-04,35354.9900,37140.4900,22765.0300,21095.4800,27432.2000,21275.4500,25109.2300
2024-10-07,34939.3200,36583.4700,22124.5500,20754.2200,26868.4900,20890.5600,24378.1900
2024-10-08,35356.8400,37105.1700,22589.8300,21083.8300,27400.6400,21228.6100,24577.8900
2024-10-09,35382.9400,37242.5400,22869.1100,21205.2300,27694.6200,21359.4400,24599.7700
2024-10-10,35386.8200,37240.2900,22898.6700,21190.3700,27653.3400,21359.5500,24658.6200
2024-10-11,35352.4100,37261.1700,23006.9200,21226.3600,27772.5200,21397.9900,24793.9300
2024-10-14,35547.5700,37443.9700,23072.7300,21323.1300,27873.1600,21491.4300,24856.0500
2024-10-15,35481.3300,37457.6000,23328.5600,21337.7300,27961.4300,21549.1900,24792.2200
2024-10-16,35357.8400,37358.9000,23376.9600,21279.8300,27906.3900,21512.4800,24798.1000
2024-10-17,34960.6400,36891.5300,23046.4300,20982.7700,27443.1500,21226.1700,24458.6900
2024-10-18,35083.2800,36994.0400,23037.1000,21037.2600,27490.0600,21270.1500,24691.9400
2024-10-21,34928.1300,36713.9700,22657.4800,20831.8700,27078.4900,21055.6400,24347.8400
2024-10-22,34400.2100,36008.1500,21823.0500,20406.0900,26382.9100,20567.8300,23644.9500
2024-10-23,34362.9900,36050.2300,22051.0100,20446.8700,26516.6000,20635.3400,23574.1000
2024-10-24,34301.7500,35966.1500,21919.6700,20403.0600,26450.3100,20573.4800,23685.8900
2024-10-25,33958.4900,35510.8800,21419.2600,20120.9800,25984.5600,20263.5100,23045.8000
2024-10-28,34166.4600,35749.3100,21666.2800,20247.1200,26151.2100,20416.0000,23405.3900
2024-10-29,34384.0100,35992.9000,21826.3100,20395.6400,26368.3200,20560.8700,23771.2900
2024-10-30,34212.5800,35921.7700,22085.4900,20369.5900,26432.0200,20581.5800,23755.6500
2024-10-31,34034.4900,35830.9800,22424.5000,20297.4000,26381.6900,20596.8700,23784.2900
2024-11-01,34204.3900,36042.8900,22661.5800,20418.4200,26564.2100,20738.6000,23969.3700
2024-11-04,33760.4700,35561.7600,22245.9800,20164.0600,26246.8800,20446.4800,23516.9200
2024-11-05,34036.2000,35816.9000,22353.8000,20292.0300,26366.5900,20578.0300,23930.4100
2024-11-06,34507.7700,36377.5500,22775.3000,20646.1700,26920.1400,20925.4400,24249.6700
2024-11-07,34112.0800,36023.6700,22634.0100,20478.5100,26789.5700,20747.7500,23987.5500
2024-11-08,33967.4400,35771.6500,22282.2600,20301.0300,26442.2000,20555.1700,23588.0000
2024-11-11,33981.4800,35685.9500,22016.4900,20221.8600,26227.3500,20456.1500,23524.3000
2024-11-12,33577.3400,35275.3900,21729.0200,20010.1100,25989.5400,20221.1900,23167.6300
2024-11-13,33076.6200,34618.0800,21064.2800,19592.4800,25294.5300,19781.0800,22643.8200
2024-11-14,33108.0500,34699.3800,21231.6100,19649.4000,25417.3200,19853.1900,22594.1000
2024-11-18,33019.6600,34599.0900,21095.4900,19605.6200,25371.8400,19786.0200,22695.3500
2024-11-19,33120.5400,34766.4900,21289.1900,19729.6200,25614.6700,19908.4300,22749.6300
2024-11-21,32794.9800,34476.5900,21166.0600,19595.4800,25517.0700,19762.5200,22571.5000
2024-11-22,33501.8600,35116.0000,21373.9300,19918.1900,25810.0800,20081.1400,23020.2300
2024-11-25,33962.8700,35635.1800,21825.8300,20208.0500,26205.9000,20402.0200,23497.5000
2024-11-26,33948.5100,35649.5100,21960.1700,20208.5200,26218.1100,20431.2900,23507.9300
2024-11-27,34127.9300,35853.8300,22184.4300,20312.2300,26348.6700,20562.9200,23576.9800
2024-11-28,33749.0000,35573.8000,22216.2900,20201.3200,26351.7300,20456.3300,23535.3400
2024-11-29,34044.8100,35847.4000,22396.2000,20321.5600,26436.1500,20603.9400,23639.8200
2024-12-02,34240.7500,36082.6100,22552.5100,20477.2200,26688.1500,20748.1500,23750.3900
2024-12-03,34505.8300,36374.8800,22764.1300,20646.5600,26922.6200,20922.7900,24101.3600
2024-12-04,34553.6400,36499.2600,22936.6600,20755.7200,27167.6800,21024.6800,24201.9600
2024-12-05,34865.4100,36781.2600,23046.4700,20893.3000,27284.6400,21167.0400,24250.0700
2024-12-06,34873.6600,36835.1700,23171.0800,20938.7600,27395.5900,21219.9800,24431.7800
2024-12-09,34778.9500,36803.4500,23256.3900,20951.4800,27500.6400,21231.4900,24387.8100
2024-12-10,34787.0800,36839.6000,23324.8200,20983.5800,27577.2700,21264.6700,24427.1700
2024-12-11,34834.4300,36907.9500,23390.6500,21032.1400,27666.3500,21311.5000,24463.6100
2024-12-12,34713.9600,36747.2000,23172.7700,20942.8300,27527.9300,21197.6000,24269.7700
2024-12-13,34956.0900,36909.2300,23088.6100,21003.6900,27500.1600,21245.7800,24227.7100
2024-12-16,34858.6500,36898.9800,23190.0800,21048.7500,27690.7300,21276.7300,24158.0400
2024-12-17,34408.5700,36493.3400,23061.1800,20844.6500,27507.7200,21075.4000,23767.0500
2024-12-18,34158.4800,36238.3900,22905.1300,20706.4600,27342.1300,20931.5400,23364.4900
2024-12-19,33815.1400,35950.4500,22827.4900,20579.4900,27276.6300,20797.0600,23235.7300
2024-12-20,33222.5800,35266.6200,22367.9000,20148.9100,26618.2100,20383.9700,22685.4000
2024-12-23,33427.6200,35413.4100,22272.4300,20222.0900,26650.5000,20429.8800,22797.6700
2024-12-24,33394.2600,35401.0200,22341.1400,20214.4600,26656.2700,20436.9300,22749.1300
2024-12-26,33447.0300,35444.7600,22334.7800,20237.9700,26676.6700,20455.3300,22792.8100
2024-12-27,33475.1000,35468.2500,22395.1900,20234.0200,26645.0800,20471.8200,22569.3900
2024-12-30,33296.7500,35329.0400,22297.7500,20199.5900,26692.3300,20404.3000,22209.2500
2024-12-31,33289.7100,35357.9000,22442.0300,20212.8000,26732.7700,20442.9400,22381.8700
2025-01-01,33425.7800,35526.0800,22639.8900,20304.4800,26865.9200,20555.3800,22432.9200
2025-01-02,34014.4100,36060.0500,22765.2300,20591.2700,27152.4700,20818.9900,22767.4100
2025-01-03,33811.9700,35883.7200,22721.1600,20504.2000,27084.3900,20733.9500,22902.5200
2025-01-06,33166.1000,35120.8700,22067.1200,20049.9400,26402.0200,20255.8700,22126.7500
2025-01-07,33265.9900,35304.5500,22379.1700,20167.0500,26631.0900,20401.7900,22373.8000
2025-01-08,33195.1900,35131.0100,22069.9000,20039.8700,26352.2700,20255.8700,22334.2000
2025-01-09,32931.9000,34838.2900,21812.5500,19880.5400,26142.2800,20076.1800,21994.6000
2025-01-10,32704.2000,34447.0600,21280.4200,19609.5700,25609.5500,19782.5700,21547.0300
2025-01-13,32054.6600,33569.2200,20429.0100,19031.8900,24604.7600,19196.3700,20797.3800
2025-01-14,32304.4500,33944.6800,20761.3100,19311.3500,25142.2300,19451.8700,21446.0900
2025-01-15,32397.7600,34055.4700,20870.2000,19374.1300,25233.3100,19522.8000,21531.2800
2025-01-16,32595.2600,34313.8000,21122.8500,19538.1000,25508.0400,19693.7200,21871.1400
2025-01-17,32540.3200,34278.1300,21113.5200,19532.6200,25537.4100,19680.4100,22056.3100
2025-01-20,32707.3400,34481.7100,21291.6200,19657.5200,25733.4400,19809.8400,22281.1200
2025-01-21,32184.9800,33887.6900,20840.6800,19305.3800,25221.8000,19448.7600,22003.2300
2025-01-22,32285.4600,33829.9200,20507.8200,19216.0900,24906.4200,19342.7600,21818.8800
2025-01-23,32400.8200,34053.6600,20674.6800,19419.4500,25350.3700,19501.3800,21916.4500
2025-01-24,32179.0800,33707.2500,20230.8700,19189.7800,24921.8700,19249.7600,21616.7800
2025-01-27,31716.3000,33062.3400,19491.3000,18782.6800,24217.9400,18803.8900,21087.4600
2025-01-28,31879.6500,33084.2200,19136.0300,18768.2700,24049.7700,18740.1900,21003.3700
2025-01-29,32230.6100,33593.2000,19740.6900,19096.4100,24634.7600,19098.1600,21363.8200
2025-01-30,32334.5500,33676.1100,19706.0500,19144.2200,24677.9100,19130.2800,21482.3300
2025-01-31,32724.5100,34130.9300,20043.6700,19424.3900,25105.3600,19408.7900,21930.3500
2025-02-01,32728.8200,34132.2400,20175.6800,19388.4500,25007.2900,19421.5400,21536.7700
2025-02-03,32510.9700,33849.5100,19826.3400,19229.3600,24761.7000,19227.8200,21083.4100
2025-02-04,33032.6800,34363.7200,20051.8300,19517.2100,25104.4300,19504.6700,21550.6800
2025-02-05,33021.5900,34453.9700,20366.2500,19584.6200,25290.8500,19609.0700,21837.3400
2025-02-06,32874.3400,34279.6300,20359.2300,19443.5500,25036.5000,19513.6700,21676.4000
2025-02-07,32836.1900,34246.8400,20282.1900,19445.6500,25072.4300,19491.2500,21771.7500
2025-02-10,32525.2100,33812.2300,19850.4300,19153.3800,24550.4000,19197.0700,21306.5500
2025-02-11,32026.7500,33146.3200,19171.6500,18728.8700,23829.4000,18750.8100,20792.9300
2025-02-12,32011.6500,33091.1400,19037.1500,18691.5200,23743.0800,18698.7800,20848.7100
2025-02-13,32008.0400,33086.7600,18970.4600,18705.1700,23781.8700,18689.8400,20912.0900
2025-02-14,31764.9700,32659.9000,18344.3700,18417.0600,23216.8700,18363.5500,20499.2000
2025-02-17,31789.4700,32691.2400,18302.7600,18455.2500,23297.8900,18377.0500,20666.8500
2025-02-18,31774.6400,32627.7500,18050.7900,18435.3400,23257.2800,18306.9400,20700.1400
2025-02-19,31825.2900,32817.7400,18456.5300,18579.9900,23597.7500,18480.8200,20923.6800
2025-02-20,31883.8400,32975.8500,18682.5000,18715.2800,23907.3000,18609.9500,21277.1600
2025-02-21,31696.8200,32753.5000,18578.9400,18559.2700,23645.3400,18478.8000,21176.6000
2025-02-24,31353.1100,32402.3800,18355.0200,18370.1100,23420.7500,18279.3800,20873.2900
2025-02-25,31306.0900,32323.8200,18273.1200,18310.3700,23300.9300,18223.2400,20611.9900
2025-02-27,31253.1600,32160.4900,17967.5600,18182.8600,23007.3900,18080.6500,20487.2500
2025-02-28,30615.9500,31473.3700,17517.5600,17785.3600,22467.8000,17679.2900,20027.8500
2025-03-03,30663.2600,31498.7600,17405.4000,17813.1200,22503.2400,17674.8000,20165.3000
2025-03-04,30650.6000,31531.8800,17605.5400,17823.1200,22539.6400,17723.8400,20341.4000
2025-03-05,31078.0900,32068.0000,18082.5100,18160.4000,23087.4700,18068.9600,20955.6000
2025-03-06,31377.7100,32369.7000,18351.0600,18299.4400,23215.1700,18246.5700,21347.0400
2025-03-07,31362.9300,32364.2300,18477.1200,18270.9200,23151.8700,18258.8300,21306.3900
2025-03-10,31176.3800,32084.1800,18125.6500,18089.7600,22823.3900,18058.1700,21018.7800
2025-03-11,31248.5700,32142.1700,18007.8000,18148.0200,22919.3100,18071.5800,21007.5100
2025-03-12,31217.4700,32081.8200,17959.2900,18094.0800,22802.0600,18028.4500,20998.0200
2025-03-13,31105.7300,31942.2500,17835.5600,18006.5500,22660.5400,17938.7800,20894.0300
2025-03-17,31273.1900,32119.9600,17893.8800,18122.1800,22831.7300,18036.1500,21007.8600
2025-03-18,31790.2400,32703.9700,18369.5400,18456.8900,23301.5900,18393.3200,21381.4000
2025-03-19,31965.7800,33033.1400,18735.6800,18719.6000,23853.4800,18636.8600,21707.6900
2025-03-20,32323.1300,33358.7000,18882.3700,18877.5900,23985.1900,18804.9000,21881.2700
2025-03-21,32556.9300,33681.8400,19287.2300,19071.0200,24308.4100,19037.5900,22161.9600
2025-03-24,32982.0400,34100.1200,19477.1600,19302.8600,24580.5700,19261.7600,22552.3300
2025-03-25,32908.1100,33941.2600,19214.0500,19189.1600,24340.0900,19127.0900,22310.0000
2025-03-26,32678.9800,33685.6400,18942.6700,19061.4300,24186.0900,18962.5400,22106.8000
2025-03-27,32889.6500,33895.4600,19122.0000,19158.1200,24273.0600,19085.5000,22313.7200
2025-03-28,32770.5800,33787.5600,19112.4100,19096.2100,24204.0300,19034.9700,22191.0400
2025-04-01,32302.5500,33361.9600,19018.8000,18865.5100,23964.8700,18828.7800,22190.9900
2025-04-02,32558.7100,33670.6100,19208.2400,19074.6900,24305.8300,19017.4000,22307.7600
2025-04-03,32465.6400,33635.5600,19342.0300,19066.3900,24353.4700,19033.1300,22357.2500
2025-04-04,31920.8500,32942.0900,18703.0600,18626.4100,23640.6600,18575.5400,21465.3600
2025-04-07,30891.9700,31834.3300,17956.1300,17991.9400,22792.3100,17923.9000,20696.7800
2025-04-08,31436.4700,32428.2600,18346.1000,18341.3400,23275.8100,18274.2200,21084.7300
2025-04-09,31265.9600,32231.8600,18152.8900,18234.5700,23131.1100,18148.1200,20876.6300
2025-04-11,31833.7000,32859.1300,18710.4200,18570.6800,23563.7800,18537.0300,21436.2200
2025-04-15,32580.4200,33692.8000,19282.5600,19070.0900,24278.1500,19036.9000,21924.8600
2025-04-16,32743.6800,33890.7400,19464.7400,19188.7100,24458.2200,19165.1300,22129.3400
2025-04-17,33262.8200,34329.5800,19552.9100,19396.2300,24601.0300,19365.8000,22284.6200
2025-04-21,33681.6300,34842.9100,19932.2200,19733.1700,25145.6500,19689.0300,22766.6200
2025-04-22,33742.4400,34968.6900,20091.9200,19835.1300,25359.1200,19788.5100,22701.1800
2025-04-23,33969.3200,35210.2700,20149.0100,19999.8500,25609.0500,19917.7000,22772.4600
2025-04-24,33865.6200,35120.1000,20138.9600,19952.3400,25565.2000,19876.4900,22839.7300
2025-04-25,33484.7500,34594.1500,19644.0600,19592.6700,24934.9400,19518.5700,22344.9900
2025-04-28,33888.3500,34999.5100,19749.0700,19846.0500,25279.1500,19729.5200,22746.7000
2025-04-29,33883.4300,35016.3700,19790.2900,19866.0700,25333.4700,19749.0700,22607.0900
2025-04-30,33847.1800,34886.0800,19436.1700,19787.5900,25161.4400,19616.2700,22416.2600
2025-05-02,33854.9800,34848.2800,19429.7200,19722.3600,24990.4500,19583.3100,22468.8000
2025-05-05,34074.3300,35147.8600,19649.8400,19941.7800,25384.4500,19779.3600,22700.3300
2025-05-06,33839.0000,34770.1000,19210.9200,19671.8200,24874.2300,19501.1700,22218.4500
2025-05-07,33906.9500,34953.8400,19440.8100,19840.3600,25251.0000,19652.3800,22452.6400
2025-05-08,33621.9500,34590.6000,19210.3700,19581.5200,24805.5200,19424.6000,22068.5000
2025-05-09,33295.1100,34326.3700,19084.7600,19488.9500,24812.1100,19299.7300,22078.2700
2025-05-12,34581.1200,35650.0000,19848.8200,20230.8800,25743.0500,20046.5200,22871.0900
2025-05-13,34180.7600,35393.9400,20014.8800,20138.2200,25803.6100,19983.8000,22669.2600
2025-05-14,34325.4200,35632.2700,20296.8900,20310.5500,26133.4500,20161.0400,22940.1200
2025-05-15,34842.8200,36090.6300,20451.2000,20532.7800,26314.8100,20385.2600,23175.9400
2025-05-16,34885.7100,36232.6100,20765.0200,20634.7700,26541.5000,20520.6500,23266.7200
2025-05-19,34829.0500,36224.5200,20905.6100,20634.6000,26582.8300,20547.4800,23293.3900
2025-05-20,34416.2100,35780.6200,20718.1000,20350.6400,26168.0500,20299.3800,23093.2200
2025-05-21,34634.9000,36010.7000,20804.7600,20496.4400,26376.0800,20425.3400,23224.8700
2025-05-22,34379.7500,35797.0300,20803.9400,20386.1000,26284.7300,20333.1900,23047.8500
2025-05-23,34696.2000,36092.8800,20926.2400,20539.0900,26438.8700,20485.8100,23215.9400
2025-05-26,34891.8200,36294.5300,21035.2400,20654.3800,26586.6700,20598.8100,23322.3900
2025-05-27,34673.5300,36149.5600,21059.6700,20613.2300,26643.3600,20552.7800,23235.4600
2025-05-28,34589.6300,36105.4300,21146.3600,20594.8500,26658.6800,20553.1200,23207.9700
2025-05-29,34693.5200,36236.3600,21239.0000,20684.5000,26809.1200,20635.9700,23259.0900
2025-05-30,34591.1400,36160.2600,21308.9500,20636.5100,26763.0400,20614.7100,23088.1900
2025-06-02,34576.7000,36211.9000,21461.7800,20689.9600,26909.0200,20677.4400,23158.9800
2025-06-03,34352.6500,36024.3900,21485.0600,20586.7200,26812.6800,20599.3800,23027.4100
2025-06-04,34471.0000,36185.7900,21598.4800,20706.1500,27027.8500,20704.3400,23112.6700
2025-06-05,34647.3400,36386.8200,21741.6500,20828.4600,27207.5800,20826.6000,23102.5300
2025-06-06,35015.4800,36753.7500,21884.1400,21042.5300,27478.3300,21022.1500,23395.6200
2025-06-09,35207.5400,37016.2500,22174.6200,21208.4000,27756.7400,21205.1900,23687.7300
2025-06-10,35218.2100,37032.9600,22211.5100,21215.3700,27766.5400,21219.4300,23758.0600
2025-06-11,35247.7000,37030.1500,22192.0400,21189.7700,27680.0200,21206.0900,23849.4000
2025-06-12,34844.4300,36568.4200,21874.8900,20904.0700,27253.8400,20926.1200,23420.1800
2025-06-13,34600.8100,36348.1800,21792.4900,20795.0200,27157.1800,20815.9200,23236.2900
2025-06-16,34908.6700,36648.1900,21901.2800,20966.0000,27363.2800,20972.8500,23392.4000
2025-06-17,34758.3700,36468.6900,21750.6100,20856.5600,27196.9400,20858.9100,23176.3000
2025-06-18,34691.9100,36379.4000,21707.9200,20785.9300,27067.0900,20803.4300,23124.6200
2025-06-19,34585.9200,36123.3900,21289.6000,20587.9700,26644.0800,20584.9100,22840.6800
2025-06-20,35036.1200,36565.8200,21421.1900,20851.3400,26979.2100,20814.1600,23107.0400
2025-06-23,34883.5500,36507.7400,21589.1100,20850.2400,27088.7800,20833.5200,23198.7600
2025-06-24,35021.3800,36687.6500,21756.7900,20966.8600,27282.4700,20953.4800,23336.2800
2025-06-25,35282.0100,36979.2300,22105.7100,21101.5900,27431.5900,21145.5900,23435.0900
2025-06-26,35690.2000,37329.5300,22162.5600,21276.6600,27574.1500,21306.0900,23779.0300
2025-06-27,35875.9300,37526.7300,22342.9300,21374.3700,27684.6900,21426.7800,23904.7400
2025-06-30,35761.4000,37522.3800,22539.8600,21412.5400,27872.8600,21475.8900,24004.7500
2025-07-01,35784.1300,37519.7100,22494.9400,21401.0800,27825.3900,21462.8000,24029.3700
2025-07-02,35663.6600,37411.4200,22407.6300,21359.7600,27811.5800,21403.1700,23951.9500
2025-07-03,35574.6600,37371.0000,22489.9000,21351.2500,27858.5700,21405.2600,23895.5700
2025-07-04,35669.1200,37443.2000,22497.3600,21380.2500,27860.5900,21435.7200,23971.8000
2025-07-07,35681.4300,37426.4900,22451.9200,21356.1900,27788.5200,21414.6400,23934.2500
2025-07-08,35753.7900,37461.9700,22399.3000,21363.3600,27750.9600,21416.4700,23989.7300
2025-07-09,35696.2200,37438.1900,22523.0100,21342.9000,27742.5000,21427.2000,23814.6600
2025-07-10,35543.3100,37302.4300,22508.0100,21267.7800,27666.0400,21363.0600,23818.2200
2025-07-11,35256.2200,37005.0300,22352.0100,21095.1700,27440.3900,21196.2600,23704.9900
2025-07-14,35206.0600,37047.2000,22558.9400,21147.7600,27616.0400,21264.5700,23799.5700
2025-07-15,35377.1600,37270.0900,22741.8600,21296.9700,27870.9700,21408.7100,23920.2100
2025-07-16,35411.5600,37309.4000,22781.7800,21317.7000,27898.1000,21433.7800,23955.3800
2025-07-17,35280.5400,37225.6800,22843.5900,21283.7000,27911.5300,21411.9000,23957.5800
2025-07-18,35087.3800,37010.2800,22692.6500,21156.2400,27730.2800,21283.0000,23916.5500
2025-07-21,35254.4500,37174.6800,22668.5200,21273.6200,27905.5700,21361.0800,23967.2100
2025-07-22,35197.6900,37083.1500,22591.2800,21201.5100,27762.2700,21297.9800,23875.1800
2025-07-23,35393.0500,37254.9200,22622.2800,21291.7900,27845.1500,21379.8900,24008.2200
2025-07-24,35197.9700,37054.5800,22474.9800,21188.0600,27727.0900,21263.4800,23990.0900
2025-07-25,34857.0100,36612.6200,22028.8300,20915.6000,27283.8100,20969.2100,23559.3400
2025-07-28,34646.4800,36349.3200,21754.2900,20761.8400,27047.7700,20795.0000,23351.5400
2025-07-29,34864.9500,36605.7400,21952.4900,20918.4500,27285.0800,20953.6000,23543.1800
2025-07-30,34909.4000,36647.6700,21930.8800,20950.9200,27334.9000,20971.3400,23408.3700
2025-07-31,34780.9200,36461.7100,21734.9300,20825.8200,27109.6100,20842.5400,23180.6300
2025-08-01,34473.7900,36086.4900,21383.6600,20602.2600,26767.1600,20600.4700,22795.8900
2025-08-04,34724.2900,36386.1700,21594.2900,20794.8900,27073.1800,20784.8800,23100.0000
2025-08-05,34626.0700,36288.6400,21526.5300,20746.1100,27022.7200,20729.5300,23108.1600
2025-08-06,34489.9900,36081.7400,21268.9200,20611.5800,26778.7900,20580.0900,23040.2200
2025-08-07,34529.4800,36126.4500,21254.0600,20650.7600,26849.9300,20602.0700,23023.8400
2025-08-08,34187.1900,35729.3900,20989.3500,20400.5500,26465.5500,20362.1100,22894.7200
2025-08-11,34514.1600,36032.9700,21086.5600,20564.4600,26637.6100,20516.4400,23103.1500
2025-08-12,34416.2500,35945.4600,21092.1100,20511.4600,26575.9000,20476.5600,23160.7500
2025-08-13,34606.7900,36153.3700,21228.3600,20633.5300,26745.1500,20598.8400,23303.2100
2025-08-14,34622.1400,36135.6500,21142.3000,20616.1100,26687.9700,20571.8100,23144.5200
2025-08-18,34988.7700,36537.0500,21424.2500,20847.8400,27005.4600,20810.2900,23371.1800
2025-08-19,35156.5000,36753.6700,21586.7800,20995.5900,27259.1200,20948.3300,23619.1000
2025-08-20,35260.7800,36875.6700,21660.4400,21075.2700,27385.1600,21021.4800,23581.3400
2025-08-21,35286.2300,36869.0900,21677.1900,21039.2200,27271.7600,21011.2400,23509.1900
2025-08-22,34999.1400,36639.0500,21644.6100,20937.4000,27230.0500,20909.4800,23291.3800
2025-08-25,35130.6900,36737.5200,21657.9700,20973.8400,27222.6100,20950.6100,23403.3100
2025-08-26,34751.5600,36286.0800,21256.1300,20707.5300,26825.0500,20664.2300,23044.8700
2025-08-28,34428.9500,35924.5000,21023.4900,20486.6900,26501.7300,20449.6100,22839.8600
2025-08-29,34325.3300,35799.3800,20956.8900,20399.8200,26356.4700,20374.6500,22786.3500
2025-09-01,34638.5700,36198.8800,21252.3600,20670.1800,26815.6800,20627.7100,23162.4500
2025-09-02,34616.4100,36216.3000,21379.4400,20682.0700,26863.7500,20660.8000,23285.7700
2025-09-03,34813.9000,36439.9800,21559.3700,20810.9200,27045.2200,20797.9900,23562.5000
2025-09-04,34814.0600,36373.3000,21416.0400,20746.3100,26877.3000,20731.3200,23386.3800
2025-09-05,34816.3900,36388.3800,21466.3100,20754.2000,26895.9700,20747.6600,23481.5900
2025-09-08,34878.3700,36467.9900,21506.5300,20813.3900,27001.6100,20796.2100,23541.0100
2025-09-09,34998.1400,36580.3200,21563.1600,20869.6000,27054.7100,20855.8700,23490.5200
2025-09-10,35146.0900,36780.0000,21707.8800,21012.8200,27311.9100,20984.4100,23601.7300
2025-09-11,35203.4400,36825.4500,21706.2100,21034.5400,27323.8500,21003.4700,23763.0700
2025-09-12,35349.4700,36965.5200,21777.4500,21107.2900,27399.5200,21078.8300,23841.9000
2025-09-15,35333.6000,37006.7400,21916.4800,21147.2300,27515.5900,21129.7700,23875.6100
2025-09-16,35567.0400,37251.3700,22079.0300,21282.4800,27685.7600,21271.3700,24138.3100
2025-09-17,35686.3500,37372.4400,22191.9000,21337.6400,27736.4500,21343.8900,24292.1100
2025-09-18,35811.8600,37490.1000,22206.3800,21408.3200,27822.6700,21401.5400,24320.6200
2025-09-19,35734.9500,37439.3000,22237.5500,21387.1200,27827.2700,21386.8800,24433.7700
2025-09-22,35610.2500,37272.1800,22034.4500,21289.6700,27670.9000,21270.7600,24321.3700
2025-09-23,35543.6600,37182.6300,21920.5900,21238.5300,27589.7200,21207.8200,24414.5500
2025-09-24,35338.1600,36948.2500,21800.9800,21084.0800,27347.9800,21071.1100,24303.5200
2025-09-25,35098.7800,36699.8200,21656.8000,20943.1900,27167.7600,20930.1900,24159.0300
2025-09-26,34721.3300,36206.8400,21192.4800,20628.0600,26642.0300,20604.4200,23804.2000
2025-09-29,34759.4500,36248.2200,21170.9400,20665.0100,26708.4400,20623.3900,24140.9900
2025-09-30,34732.3500,36240.2600,21204.7700,20666.0900,26732.2000,20628.0600,24298.9600
2025-10-01,35017.7400,36549.8000,21429.1300,20840.2400,26963.1100,20811.8500,24368.9000
2025-10-03,35108.8400,36708.3900,21614.4900,20955.6500,27191.9600,20927.9100,24595.0600
2025-10-06,35344.4800,36934.6600,21633.3500,21099.7700,27383.4900,21039.6000,24586.5200
2025-10-07,35387.4500,36998.1400,21657.0800,21154.1700,27491.3200,21078.9200,24554.6700
2025-10-08,35268.9000,36838.5000,21539.8600,21041.3600,27290.4800,20976.5400,24409.2600
2025-10-09,35460.8600,37049.5800,21604.9400,21185.8400,27516.6800,21093.0700,24587.2100
2025-10-10,35596.8600,37202.4400,21738.4900,21269.7700,27629.1500,21187.5500,24665.0500
2025-10-13,35518.6100,37134.3500,21675.4000,21247.8100,27632.7300,21149.6700,24572.7700
2025-10-14,35391.4600,36957.7700,21485.2400,21135.9900,27441.0800,21028.8700,24333.9900
2025-10-15,35681.1500,37268.0300,21661.3000,21320.6500,27695.9000,21206.8800,24587.8200
2025-10-16,36017.8400,37565.2900,21744.1600,21472.2100,27828.5600,21352.8100,24627.1000
2025-10-17,36159.2200,37622.3100,21692.7600,21456.5100,27678.5000,21353.6000,24464.3700
2025-10-20,36326.4000,37812.3900,21808.1900,21576.0600,27859.2100,21466.1600,24688.2100
2025-10-21,36362.2500,37881.0800,21959.7400,21609.8600,27919.1500,21525.0300,24739.1400
2025-10-23,36382.1500,37876.1300,21907.4800,21600.1100,27878.4800,21510.4900,24723.0600
2025-10-24,36263.3100,37766.8900,21875.8700,21540.7300,27816.4100,21455.4700,24764.1000
2025-10-27,36508.8200,38030.3200,22018.4600,21699.7400,28038.8800,21605.9700,25131.2500
2025-10-28,36443.4200,37985.1400,22039.0700,21679.4500,28036.8200,21591.0700,25180.9800
2025-10-29,36665.8400,38208.1800,22137.1500,21808.2500,28198.8300,21712.2900,25588.3300
2025-10-30,36445.4000,38030.9700,22121.8600,21724.8700,28153.0300,21634.0800,25533.7400
2025-10-31,36240.1100,37822.4500,21998.1500,21610.8500,28016.1300,21516.6200,25451.6300
2025-11-03,36345.3300,37983.9900,22151.9400,21727.6200,28237.5300,21627.8300,25678.1300
2025-11-04,36123.6000,37768.4900,22007.0400,21622.2000,28135.6100,21507.0900,25461.1300
2025-11-06,35945.6300,37510.8200,21678.3300,21466.6300,27869.8400,21323.3500,25142.8200
2025-11-07,35940.7900,37532.2000,21627.9400,21516.3900,28002.5900,21335.3000,25331.5600
2025-11-10,36065.0800,37656.6900,21626.9900,21603.1300,28131.3900,21396.9200,25387.0600
2025-11-11,36215.2200,37794.1100,21597.5100,21695.9000,28255.8500,21458.5100,25489.6400
2025-11-12,36435.1700,38040.2200,21757.8900,21844.8700,28472.0500,21604.5000,25714.8500
2025-11-13,36442.8700,38007.3000,21671.5700,21812.0100,28380.9400,21568.3300,25688.4900
2025-11-14,36473.6900,38041.1500,21714.0500,21826.5400,28394.7800,21590.4700,25655.1500
2025-11-17,36626.8700,38229.8000,21862.4900,21946.4100,28587.0000,21709.1100,25753.5700
2025-11-18,36461.8600,38023.5600,21639.8800,21829.5900,28411.7700,21572.2500,25585.2000
2025-11-19,36628.8700,38154.2500,21549.1400,21915.0400,28504.3200,21617.7600,25514.1800
2025-11-20,36787.0000,38264.8800,21528.9500,21958.4500,28494.9400,21658.0500,25427.5300
2025-11-21,36564.0600,37970.1600,21261.2900,21767.4500,28172.4300,21464.6000,25175.4200
2025-11-24,36378.5200,37785.5000,21124.1300,21676.9700,28081.1700,21358.5500,24962.8800
2025-11-25,36305.7100,37754.3600,21146.4800,21683.3600,28153.7000,21356.3500,25013.8100
2025-11-26,36771.5200,38234.4700,21396.1600,21960.8900,28513.1800,21624.7900,25384.8500
2025-11-27,36773.3000,38222.5400,21320.1600,21961.9100,28514.4400,21607.1200,25314.0600
2025-11-28,36764.2500,38199.3500,21272.5900,21947.0800,28483.0200,21586.8300,25234.7600
2025-12-01,36739.4700,38182.1600,21320.8500,21928.3500,28453.6700,21585.5000,25303.8100
2025-12-02,36564.9900,38022.2000,21226.6200,21854.5900,28397.1400,21499.8600,25258.7600
2025-12-03,36445.7200,37853.1300,21132.8100,21721.9100,28145.6700,21393.1100,25038.2600
2025-12-04,36515.6800,37892.7300,21082.5700,21738.1200,28133.7400,21399.4200,25051.1900
2025-12-05,36708.0100,38043.0500,20970.6900,21838.1900,28244.5900,21450.8800,25120.5600
2025-12-08,36321.2000,37549.7700,20494.0500,21537.3300,27763.9700,21127.5200,24681.4500
2025-12-09,36213.6600,37533.8900,20702.0800,21545.1600,27866.9900,21165.8800,24743.0300
2025-12-10,36106.2900,37362.3600,20555.0500,21413.3700,27608.6400,21048.4200,24779.3900
2025-12-11,36303.2000,37589.1000,20673.7500,21563.0600,27844.3800,21181.2600,24899.5100
2025-12-12,36526.8000,37869.0000,20846.0200,21756.8500,28173.6400,21353.0900,25204.3100
2025-12-15,36513.4000,37867.3700,20920.5300,21745.3300,28154.1600,21363.3500,25279.7700
2025-12-16,36292.2600,37619.8800,20758.7800,21595.6500,27937.1400,21216.5000,25099.8600
2025-12-17,36220.9500,37501.6600,20609.3200,21515.4800,27784.6000,21129.6600,25208.0500
2025-12-18,36196.1900,37494.3500,20585.7900,21530.9900,27843.7500,21128.0300,25157.6600
2025-12-19,36420.8100,37791.4200,20860.4500,21722.3800,28166.0300,21323.5700,25308.4300
2025-12-22,36702.9700,38094.8300,21061.3000,21896.1900,28398.5200,21501.0300,25510.9200
2025-12-23,36730.4000,38138.7200,21149.4200,21916.4300,28429.7700,21536.5400,25656.9800
2025-12-24,36677.2100,38067.1200,21161.8400,21848.4000,28294.7300,21497.6200,25615.4200
2025-12-26,36560.1700,37955.3800,21122.7700,21785.7600,28222.7400,21439.4500,25619.3500
2025-12-29,36414.5800,37798.7400,21010.3600,21698.3100,28108.5600,21346.8800,25603.9100
2025-12-30,36413.2800,37777.4500,20967.5100,21678.7200,28058.8800,21326.5300,25784.2500
2025-12-31,36697.5800,38101.0600,21212.7000,21868.9800,28332.3500,21524.0500,26171.0600
2026-01-01,36744.2500,38161.7700,21191.2700,21928.1500,28449.6400,21554.5600,26296.8300
2026-01-02,37022.0800,38464.1000,21353.7800,22113.9800,28716.6500,21727.9800,26755.4800
2026-01-05,36929.7900,38399.3700,21414.3100,22074.9000,28686.6300,21710.5700,26744.8200
2026-01-06,36861.8100,38322.8300,21348.3900,22032.6300,28629.5800,21663.0900,26765.0500
2026-01-07,36824.7900,38332.6300,21379.5400,22068.6600,28751.5100,21683.2900,26665.9100
2026-01-08,36385.8500,37795.5500,20963.8800,21728.8000,28209.8000,21346.2300,26022.3500
2026-01-09,36097.6300,37455.9200,20608.4000,21547.3700,27962.2400,21124.4900,25894.6700
2026-01-12,36241.2500,37524.7100,20471.0000,21571.9700,27915.1200,21122.7800,26147.7300
2026-01-13,36157.8500,37477.2100,20603.0400,21532.3200,27876.7600,21124.5500,26239.4500
2026-01-14,36102.1900,37469.5000,20702.6700,21538.6900,27936.2000,21144.8000,26658.9300
2026-01-16,36160.3800,37498.0200,20605.6400,21560.7600,27948.4800,21139.5700,26711.0600
2026-01-19,36018.2200,37319.9300,20372.6600,21470.9600,27825.5700,21015.4100,26538.9800
2026-01-20,35466.5400,36638.5700,19827.4100,21040.5300,27136.2800,20584.3500,25978.5800
2026-01-21,35357.1000,36460.8900,19680.9900,20901.7800,26861.3200,20462.8600,25960.8200
2026-01-22,35575.6200,36738.0300,19859.0200,21093.3400,27188.9400,20634.3500,26316.8000
2026-01-23,35177.2900,36255.2300,19472.5800,20794.3200,26721.6900,20330.7400,26006.8700
2026-01-27,35364.3800,36436.7300,19511.9100,20905.2300,26864.6400,20422.7200,26400.8000
2026-01-28,35691.2700,36856.4600,19885.7700,21170.5700,27299.7100,20696.0800,27101.6100
2026-01-29,35798.4800,36940.9000,19875.2900,21213.7100,27328.7700,20730.3700,27474.7000
2026-01-30,35634.6200,36853.9200,20045.4600,21169.3300,27340.1800,20727.6800,26906.7600
2026-02-01,34924.5700,36106.2700,19610.0700,20737.2700,26768.8700,20300.4900,26037.7000
2026-02-02,35295.3300,36466.7600,19719.7200,20949.7500,27033.1800,20487.2300,26508.2300
2026-02-03,36200.3100,37439.8700,20298.9100,21524.1400,27822.7500,21049.5300,27075.8200
2026-02-04,36295.9800,37582.1000,20456.0300,21617.9900,27991.9600,21149.6100,27569.4400
2026-02-05,36114.1700,37388.0000,20246.4900,21529.7300,27903.6000,21026.3500,27440.7600
2026-02-06,36187.7900,37429.3000,20177.5200,21550.9900,27901.9000,21030.1100,27495.3200
2026-02-09,36453.6800,37830.8300,20692.0200,21800.2500,28342.2400,21322.3300,27823.6900
2026-02-10,36542.1900,37944.5900,20796.3900,21871.3800,28458.1900,21396.7900,28004.5600
2026-02-11,36597.5000,37995.1700,20823.6400,21895.3700,28477.6500,21423.6200,28115.8700
2026-02-12,36398.9900,37785.1200,20671.5600,21781.2000,28335.0900,21299.7400,27984.9500
2026-02-13,35909.6700,37245.0200,20340.4400,21454.5800,27866.6000,20983.2600,27445.7300
2026-02-16,36216.7800,37500.3300,20331.3700,21592.6700,27987.3700,21093.9100,27750.4000
2026-02-17,36299.0200,37608.5800,20483.0500,21647.9000,28066.9800,21171.6500,27830.9900
2026-02-18,36455.4300,37783.0400,20586.8600,21755.5400,28225.1200,21273.9000,28064.4200
2026-02-19,35913.2500,37226.4500,20341.5500,21423.6300,27783.6800,20968.8300,27764.1700
2026-02-20,36089.2300,37384.8700,20306.8700,21528.8300,27920.4200,21037.5900,28016.0000
2026-02-23,36279.3400,37528.6900,20394.8800,21567.8100,27874.7600,21106.9700,28050.3400
2026-02-24,35944.5700,37240.5100,20274.1300,21437.6600,27795.8800,20963.2100,28240.6400
2026-02-25,36066.1600,37399.0200,20404.8600,21542.1700,27972.7300,21065.6400,28540.3600
2026-02-26,36102.4200,37470.4800,20419.8500,21616.0000,28135.9700,21111.0900,28686.4400
2026-02-27,35649.1100,37020.3800,20208.0900,21363.0600,27830.4900,20866.4500,28469.7000
2026-03-02,35189.3000,36491.5900,19825.5200,21043.5500,27357.7400,20544.7200,28072.7400
2026-03-04,34576.3700,35810.6200,19405.8700,20629.1400,26757.3400,20144.4400,27238.6700
2026-03-05,34991.8800,36270.8400,19679.6500,20910.8500,27166.3700,20413.4500,27715.4600
2026-03-06,34601.4000,35926.5300,19624.6800,20723.6600,26982.6600,20250.1600,27522.0800
2026-03-09,33982.9700,35247.7200,19168.1800,20326.8000,26431.9100,19848.3700,26692.7200
2026-03-10,34357.6300,35705.4700,19578.4500,20600.8700,26852.6300,20142.2900,27126.4500
2026-03-11,33829.9800,35225.1500,19502.9800,20325.7300,26546.9600,19910.4200,27029.9500
2026-03-12,33557.3900,34995.1400,19426.6200,20220.7700,26485.2400,19799.4500,27164.2000
2026-03-13,32833.9400,34186.3800,18906.3100,19730.8400,25774.5300,19320.2700,26337.1300
2026-03-16,33117.7000,34358.3300,18839.0800,19778.5800,25679.5700,19368.2400,26154.3200
2026-03-17,33368.8300,34630.8800,18947.0300,19955.9400,25945.1600,19519.7400,26440.9900
2026-03-18,33656.0700,35027.3600,19283.0100,20228.4200,26429.0700,19781.2100,26546.6300
2026-03-19,32562.2900,33922.0600,18773.6200,19588.9400,25616.5000,19176.9300,25825.8300
2026-03-20,32720.4900,34085.9900,18822.8800,19694.0900,25766.8000,19264.3800,26022.7700
2026-03-23,31802.1900,33026.2200,18111.4200,19036.2800,24771.6900,18625.4800,25120.6000
2026-03-24,32354.3800,33669.9400,18545.8600,19439.7200,25390.4700,19015.2300,25436.0900
2026-03-25,32926.9600,34327.1700,19007.7000,19839.6300,25984.4200,19413.1700,25909.0200
2026-03-27,32222.9500,33599.2200,18650.2600,19411.2500,25418.0100,19008.4700,25582.3600
2026-03-30,31501.3400,32813.1400,18183.3100,18939.9600,24753.2100,18552.2500,25278.7300
2026-04-01,32048.3900,33463.8800,18769.5800,19318.0100,25311.4400,18967.8900,25756.3400
2026-04-02,32091.7100,33469.4500,18739.4200,19300.3300,25231.2600,18957.8700,25685.0800
2026-04-06,32470.7500,33878.1700,18939.7400,19553.2500,25594.4500,19188.5900,25997.8900
2026-04-07,32678.4400,34041.8400,18964.0600,19625.5400,25620.2900,19260.6700,26132.6400
2026-04-08,33968.1800,35385.7600,19705.4200,20402.4600,26637.6400,20020.1700,26917.6100
2026-04-09,33719.9700,35226.5100,19731.1900,20355.2400,26709.0400,19967.2500,27030.4100
2026-04-10,34165.2300,35720.9100,20048.4800,20652.2600,27135.5300,20259.2900,27258.9700
2026-04-13,33875.8200,35452.7800,19965.6000,20505.4900,26979.2500,20123.7600,27154.7800
2026-04-15,34459.7700,36118.5600,20428.1900,20908.6000,27573.9700,20525.3300,27682.3800
2026-04-16,34485.3800,36215.6900,20616.3700,20982.6600,27747.3200,20613.6000,27780.8100
2026-04-17,34756.9400,36556.9400,20921.7600,21193.3300,28084.5400,20834.8700,28046.2100
2026-04-20,34776.2200,36551.1400,20845.7300,21189.3400,28058.9700,20816.2300,28064.1900
2026-04-21,35066.9100,36833.4000,21015.9000,21333.4800,28207.3500,20973.0700,28149.5500
2026-04-22,34882.3000,36752.0700,21232.5700,21302.1100,28270.3100,20986.2600,28291.5500
2026-04-23,34558.6700,36463.6500,21116.7500,21160.6000,28154.6300,20839.8200,28025.0900
2026-04-24,34196.5900,36083.5700,20890.4700,20943.0300,27870.4700,20622.2200,27934.6800
2026-04-27,34506.4200,36485.6800,21270.8600,21193.8500,28282.5000,20887.9800,28300.5800
2026-04-28,34372.4400,36396.4900,21281.4500,21164.4800,28310.9100,20856.6700,28353.5100
2026-04-29,34580.5600,36565.0300,21386.5300,21222.8900,28300.1600,20942.7700,28409.0900
2026-04-30,34293.0000,36266.6100,21293.3700,21032.9700,28029.7200,20783.8300,28016.6500
2026-05-04,34492.8300,36502.0900,21503.5600,21168.8000,28227.7300,20933.5800,28144.0200
2026-05-05,34422.8400,36466.3200,21544.5800,21160.1900,28260.1600,20929.6400,28125.1500
2026-05-06,34866.7900,36986.1800,21933.6100,21477.0800,28739.5600,21249.6500,28471.7100
2026-05-07,34876.3200,37115.0800,22156.5300,21601.1100,29056.1300,21368.9700,28480.2700
2026-05-08,34668.4400,36958.3700,22193.5300,21523.4100,29016.3600,21310.0200,28176.4600
2026-05-11,34139.8300,36446.9500,21959.6000,21244.6900,28703.1500,21036.1100,27778.4400
2026-05-12,33476.7100,35654.5400,21300.7200,20767.9500,27978.1700,20540.6800,27543.8300
2026-05-13,33567.6400,35778.4000,21362.0800,20863.0000,28155.1300,20615.8800,27910.4900
2026-05-14,33960.7300,36155.3800,21368.4300,21108.2900,28487.3900,20798.9600,28115.8900
2026-05-15,33865.7600,36038.4800,21288.4100,21031.3500,28360.9700,20727.3000,27909.7900
2026-05-18,33813.5100,35926.3800,20971.1300,20989.1200,28291.6400,20622.0000,27548.4100
2026-05-19,33809.9900,36023.4900,21214.2000,21071.6000,28509.8300,20719.7100,27679.4100
2026-05-20,33891.1700,36113.9300,21232.5800,21136.3000,28615.1100,20768.3900,27839.0400
2026-05-21,33899.1400,36153.6000,21383.1300,21149.6100,28643.6200,20812.3900,27977.9600
2026-05-22,34011.0100,36240.5500,21357.0900,21196.8100,28679.1200,20846.9100,27970.9100
2026-05-25,34480.2100,36693.5800,21613.0800,21430.5300,28921.4600,21096.9700,28277.2800
2026-05-26,34353.9400,36642.0000,21655.4800,21441.9600,29050.3300,21092.2400,28354.4500
2026-05-27,34437.6900,36754.5100,21775.0700,21511.0100,29164.9700,21167.8500,28613.3000
2026-05-29,33942.3600,36261.8000,21635.0900,21209.8000,28766.8400,20909.1400,28083.4500
2026-06-01,33645.2900,35911.8100,21463.2000,20972.0000,28378.9000,20705.2900,27960.9000
2026-06-02,33780.8000,36044.9100,21577.1800,21032.5300,28430.7100,20783.8200,27954.6100
2026-06-03,33666.2800,35935.3700,21587.1500,20958.4300,28326.9900,20732.0800,28054.8500
2026-06-04,33693.0400,36008.8200,21712.2700,21013.0700,28448.6800,20792.8700,28110.4100
2026-06-05,33663.3300,35966.7800,21714.6600,20973.9800,28369.9200,20769.8600,27933.6300
2026-06-08,33268.4500,35499.8200,21325.5300,20696.5300,27955.1000,20478.6600,27571.1600
2026-06-09,33495.3900,35814.3400,21616.5800,20906.1800,28324.5700,20686.4200,27834.2500
2026-06-10,33392.1400,35597.0500,21370.7600,20731.4000,27949.3000,20526.3500,27369.4900
2026-06-11,33259.6400,35405.8700,21192.1900,20600.2000,27710.6600,20398.7300,27189.7100
2026-06-12,33958.8500,36193.5300,21750.6600,21067.6500,28382.9200,20871.3800,27640.7500
2026-06-15,34380.6600,36660.3700,22022.6900,21354.1100,28800.1200,21142.9800,27994.7300
2026-06-16,34549.1700,36830.1000,22120.3800,21446.8500,28910.1800,21238.4100,27946.6200
2026-06-17,34703.6200,37010.1900,22281.4800,21549.3500,29056.6700,21351.5600,27983.7000
2026-06-18,34830.3800,37165.6200,22432.4200,21639.8200,29193.5100,21452.0100,28079.5500
2026-06-19,34680.5400,37106.0500,22561.3100,21635.5200,29299.5000,21456.8600,28058.5700
2026-06-22,34850.4300,37294.6400,22734.4500,21735.4200,29427.1700,21574.1900,28197.3200
2026-06-23,34442.8300,36899.4400,22604.4400,21506.0200,29147.4900,21366.7600,27728.0000
2026-06-24,34675.3700,37084.4100,22651.5300,21584.7900,29171.7000,21453.4800,27751.2700
2026-06-25,34728.0800,37065.4300,22551.4900,21542.2700,29020.3100,21417.2600,27454.6300
2026-06-29,34538.0700,36883.3700,22444.4300,21450.4700,28929.2700,21316.5600,27357.7400
2026-06-30,34459.4200,36880.7500,22573.3800,21470.6200,29049.9000,21344.9500,27353.0900
2026-07-01,34666.1700,37066.8400,22676.8800,21558.2100,29112.7500,21444.9800,27348.3300
2026-07-02,34894.5400,37312.4600,22908.5100,21681.8500,29254.8400,21596.5900,27462.5900
2026-07-03,35003.8100,37379.3300,22926.5500,21693.2700,29193.8300,21623.4300,27454.4900
2026-07-06,35228.7000,37592.6800,23031.4800,21805.7000,29308.5500,21738.9200,27499.5700
2026-07-07,35156.0000,37490.5300,22871.5900,21754.2600,29230.6600,21664.2500,27337.6600
2026-07-08,34428.2300,36751.9000,22419.0900,21351.0400,28752.9300,21244.1600,26844.7500
2026-07-09,34576.7700,37030.7200,22773.0000,21547.3400,29158.5400,21448.5100,27011.2900
2026-07-10,34949.7900,37465.0100,23086.0900,21811.6800,29559.2700,21711.7100,27300.9400
2026-07-13,34929.9800,37462.8300,23153.5600,21805.9500,29560.4300,21721.7900,27343.3400
2026-07-14,34719.7300,37226.5800,22904.8400,21686.8100,29415.2600,21571.1500,27157.0000
2026-07-15,34780.2500,37332.6500,23063.2000,21752.7400,29542.5700,21650.7800,27120.0200
2026-07-16,34751.3100,37282.5700,23077.6800,21699.7300,29423.6100,21623.3900,27075.5100
2026-07-17,35059.9500,37457.9500,22949.9000,21756.8600,29318.2000,21669.8300,27127.9600
2026-07-20,35002.9700,37460.9200,22976.5100,21794.9200,29469.1600,21686.0700,27420.1300
2026-07-21,34971.2100,37483.7100,23075.6400,21824.8900,29577.0000,21719.3300,27496.5500
2026-07-22,34702.9100,37151.4000,22773.5200,21625.7500,29264.3300,21507.5200,27266.7000
2026-07-23,34514.0100,36891.0900,22502.9200,21463.0200,28983.2500,21333.6000,27042.3700
2026-07-24,34406.8300,36798.2500,22446.2100,21423.4500,28966.5200,21283.8700,26996.4600
2026-07-27,34752.9700,37186.1100,22732.2000,21648.8200,29284.5300,21517.0500,27171.1000
2026-07-28,34695.3900,37125.1500,22626.2700,21630.6500,29283.9200,21474.1000,26991.1300
2026-07-29,35056.0900,37507.2100,22927.9900,21833.7400,29529.4300,21702.2000,27186.8100
2026-07-30,35141.5500,37509.3500,22760.3100,21817.2700,29412.9200,21667.8800,27303.7200
2026-07-31,35316.5200,37692.0900,22862.2200,21923.1400,29551.8900,21771.7100,27451.5800
2026-08-03,35884.7700,38258.2500,23177.0000,22232.7600,29911.1000,22088.0800,27818.1200
2026-08-04,35661.7700,38077.8800,23213.2100,22130.0600,29820.8300,22011.0700,27726.8100
2026-08-05,35697.0800,38152.1600,23377.4900,22168.0500,29893.7000,22074.2700,27881.1400
2026-08-06,35715.5300,38142.4200,23424.2800,22129.8400,29775.2500,22069.2900,27796.7900
2026-08-07,35660.7800,38121.3600,23425.6400,22138.8800,29845.4600,22065.5700,27973.6900
2026-08-10,35682.9400,38171.7600,23411.8100,22196.9200,29983.4200,22094.5100,27771.2200
2026-08-11,35540.2100,38072.7400,23460.8200,22147.7300,29970.2300,22059.5000,27632.2500
